"Brain.ID","Ammon's horn_RG_GFAP","Anterior group of the dorsal thalamus_RG_GFAP","Basic cell groups and regions_RG_GFAP","Basolateral amygdalar nucleus_RG_GFAP","Basomedial amygdalar nucleus_RG_GFAP","Brain stem_RG_GFAP","Caudoputamen_RG_GFAP","Cerebellar cortex_RG_GFAP","Cerebellar nuclei_RG_GFAP","Cerebellum_RG_GFAP","Cerebral cortex_RG_GFAP","Cerebral nuclei_RG_GFAP","Cerebrum_RG_GFAP","Claustrum_RG_GFAP","Cortex_RG_GFAP","Cortical plate_RG_GFAP","Cortical subplate_RG_GFAP","Dentate gyrus_RG_GFAP","Dentate gyrus, granule cell layer_RG_GFAP","Dentate gyrus, molecular layer_RG_GFAP","Dentate gyrus, polymorph layer_RG_GFAP","Endopiriform nucleus_RG_GFAP","Entorhinal area_RG_GFAP","Epithalamus_RG_GFAP","Fasciola cinerea_RG_GFAP","fiber tracts_RG_GFAP","Fundus of striatum_RG_GFAP","Geniculate group, dorsal thalamus_RG_GFAP","Geniculate group, ventral thalamus_RG_GFAP","Hindbrain_RG_GFAP","Hippo_RG_GFAP","Hippocampal formation_RG_GFAP","Hippocampal region_RG_GFAP","Hypothalamus_RG_GFAP","Induseum griseum_RG_GFAP","Interbrain_RG_GFAP","Intralaminar nuclei of the dorsal thalamus_RG_GFAP","Isocortex_RG_GFAP","Lateral amygdalar nucleus_RG_GFAP","Lateral group of the dorsal thalamus_RG_GFAP","Lateral septal complex_RG_GFAP","Medial group of the dorsal thalamus_RG_GFAP","Medulla_RG_GFAP","Medulla, behavioral state related_RG_GFAP","Medulla, motor related_RG_GFAP","Medulla, sensory related_RG_GFAP","Mid_Hind_Medulla_RG_GFAP","Midbrain_RG_GFAP","Midbrain, behavioral state related_RG_GFAP","Midbrain, motor related_RG_GFAP","Midbrain, sensory related_RG_GFAP","Midline group of the dorsal thalamus_RG_GFAP","Nucleus accumbens_RG_GFAP","Olfactory areas_RG_GFAP","Olfactory tubercle_RG_GFAP","Pallidum_RG_GFAP","Parasubiculum_RG_GFAP","Peripeduncular nucleus_RG_GFAP","Pons_RG_GFAP","Pons, behavioral state related_RG_GFAP","Pons, motor related_RG_GFAP","Pons, sensory related_RG_GFAP","Posterior amygdalar nucleus_RG_GFAP","Postsubiculum_RG_GFAP","Presubiculum_RG_GFAP","Reticular nucleus of the thalamus_RG_GFAP","Retrohippocampal region_RG_GFAP","root_RG_GFAP","Striatum_RG_GFAP","Striatum-like amygdalar nuclei_RG_GFAP","Striatum dorsal region_RG_GFAP","Striatum ventral region_RG_GFAP","Striatum_Pallidum_RG_GFAP","Subiculum_RG_GFAP","Subparafascicular area_RG_GFAP","Subparafascicular nucleus_RG_GFAP","Thalamus_RG_GFAP","Thalamus, polymodal association cortex related_RG_GFAP","Thalamus, sensory-motor cortex related_RG_GFAP","Ventral group of the dorsal thalamus_RG_GFAP","ventricular systems_RG_GFAP","Ammon's horn_NL_GFAP","Anterior group of the dorsal thalamus_NL_GFAP","Basic cell groups and regions_NL_GFAP","Basolateral amygdalar nucleus_NL_GFAP","Basomedial amygdalar nucleus_NL_GFAP","Brain stem_NL_GFAP","Caudoputamen_NL_GFAP","Cerebellar cortex_NL_GFAP","Cerebellar nuclei_NL_GFAP","Cerebellum_NL_GFAP","Cerebral cortex_NL_GFAP","Cerebral nuclei_NL_GFAP","Cerebrum_NL_GFAP","Claustrum_NL_GFAP","Cortex_NL_GFAP","Cortical plate_NL_GFAP","Cortical subplate_NL_GFAP","Dentate gyrus_NL_GFAP","Dentate gyrus, granule cell layer_NL_GFAP","Dentate gyrus, molecular layer_NL_GFAP","Dentate gyrus, polymorph layer_NL_GFAP","Endopiriform nucleus_NL_GFAP","Entorhinal area_NL_GFAP","Epithalamus_NL_GFAP","Fasciola cinerea_NL_GFAP","fiber tracts_NL_GFAP","Fundus of striatum_NL_GFAP","Geniculate group, dorsal thalamus_NL_GFAP","Geniculate group, ventral thalamus_NL_GFAP","Hindbrain_NL_GFAP","Hippo_NL_GFAP","Hippocampal formation_NL_GFAP","Hippocampal region_NL_GFAP","Hypothalamus_NL_GFAP","Induseum griseum_NL_GFAP","Interbrain_NL_GFAP","Intralaminar nuclei of the dorsal thalamus_NL_GFAP","Isocortex_NL_GFAP","Lateral amygdalar nucleus_NL_GFAP","Lateral group of the dorsal thalamus_NL_GFAP","Lateral septal complex_NL_GFAP","Medial group of the dorsal thalamus_NL_GFAP","Medulla_NL_GFAP","Medulla, behavioral state related_NL_GFAP","Medulla, motor related_NL_GFAP","Medulla, sensory related_NL_GFAP","Mid_Hind_Medulla_NL_GFAP","Midbrain_NL_GFAP","Midbrain, behavioral state related_NL_GFAP","Midbrain, motor related_NL_GFAP","Midbrain, sensory related_NL_GFAP","Midline group of the dorsal thalamus_NL_GFAP","Nucleus accumbens_NL_GFAP","Olfactory areas_NL_GFAP","Olfactory tubercle_NL_GFAP","Pallidum_NL_GFAP","Parasubiculum_NL_GFAP","Peripeduncular nucleus_NL_GFAP","Pons_NL_GFAP","Pons, behavioral state related_NL_GFAP","Pons, motor related_NL_GFAP","Pons, sensory related_NL_GFAP","Posterior amygdalar nucleus_NL_GFAP","Postsubiculum_NL_GFAP","Presubiculum_NL_GFAP","Reticular nucleus of the thalamus_NL_GFAP","Retrohippocampal region_NL_GFAP","root_NL_GFAP","Striatum_NL_GFAP","Striatum-like amygdalar nuclei_NL_GFAP","Striatum dorsal region_NL_GFAP","Striatum ventral region_NL_GFAP","Striatum_Pallidum_NL_GFAP","Subiculum_NL_GFAP","Subparafascicular area_NL_GFAP","Subparafascicular nucleus_NL_GFAP","Thalamus_NL_GFAP","Thalamus, polymodal association cortex related_NL_GFAP","Thalamus, sensory-motor cortex related_NL_GFAP","Ventral group of the dorsal thalamus_NL_GFAP","ventricular systems_NL_GFAP"
"1-03-14-16_03",0.468960900767881,0.271915846339582,0,0.475321174174442,0.291099110609796,0,0.337859915503252,0,0,0,0,0,0,0.428725479505168,0.215314530239833,0,0.365591141381884,0,0.336814512989541,0.392056300745756,0.546564031452388,0.398832102668573,0.251051799122244,0.227240265061934,0.415434205536595,0.375946234721534,0.445855808827794,0.330822323013212,0.501323904284187,0,0.390037677305596,0.400938667805332,0,0.0879450727908597,0.277325250994507,0,0.305998721352396,0.2044458999127,0.155513033302685,0.303848606804337,0.308389160597781,0.181687980750533,0,0,0,0,0.216637828933943,0.217269870083141,0.101999321521979,0.238029334030807,0.168312839297614,0.181774946470743,0.334899720602999,0.179420183778804,0.152176008004229,0.251449186234061,0.243757106197837,0,0.214294524244682,0.146481317870982,0.147875753743989,0.392797386530427,0.281801406109408,0.530785834711604,0.262781776526478,0.359308297984794,0,0.00201207243460765,0.295913129934344,0.238927293071934,0,0,0.29507438377659,0.584455897302537,0.00174939864421605,0.170151428920956,0.30015542496411,0,0,0.425989570126576,0.324984484467872,0.465367167219835,0.240182040001679,0,0.501733468013076,0.211331795015563,0,0.329963784817795,0,0,0,0,0,0,0.456919925287703,0.220369819249929,0,0.350778509940973,0,0.291398174281572,0.370152121067215,0.588031524996842,0.387479713259423,0.267585146395694,0.299700829955607,0.332890777128695,0.392128459232149,0.426496649216793,0.354246021473565,0.496984505664654,0,0.386153791928886,0.415963584350935,0,0.0813967970528355,0.23693605972087,0,0.317998614810543,0.210469903991599,0.127255695421844,0.317831118495735,0.311214381918681,0.202384710831785,0,0,0,0,0.234587658754179,0.214029021002741,0.0804004413857188,0.24629910862342,0.141648922290588,0.150106815184325,0.335546676965646,0.193060951272447,0.151795098909797,0.258604532846945,0.203181431289068,0,0.319472874719853,0.20844788682035,0.457360874261468,0.3208008103438,0.261257763975155,0.48982286781112,0.262336621435767,0.423699781999377,0,0,0.288820096893525,0.176952656289675,0,0,0.287418886998219,0.544030462342169,0.00657894736842105,0.109827124506215,0.292596333806562,0,0,0.372336605646542,0.244703957508358
"1-03-28-16_10",0.421385417707818,0.176108331895808,0,0.453557477588792,0.412713019165089,0,0.36504643657879,0,0,0,0,0,0,0.35404176323271,0.233534648664506,0,0.377312167056508,0,0.308054615096416,0.312378063655254,0.50052461309784,0.39503549827998,0.227068709201011,0.0371140410187063,0.00512570173297535,0.384288238131419,0.467818604489782,0.426935056906445,0.504077662972679,0,0.387570004016485,0.269978798555095,0,0.0682023995837995,0,0,0.178117203871869,0.223329467484872,0.242435145794089,0.277820220452846,0.311475443784532,0.0877443056804225,0,0,0,0,0.235543755669826,0.22284853094387,0.196768732563999,0.250533681814158,0.0625941547607579,0.0795381140685583,0.352010416881375,0.183804006895655,0.181662926661417,0.22548679275656,0.44020729441674,0.390619561434041,0.362022704787667,0.254459276587353,0.48563844163535,0,0.283432382284132,0.324085400581421,0.449226976218604,0.365634754293013,0,0,0.27592240026795,0.281351002661379,0,0,0.310698598568854,0.560863751569931,0.00146319347127195,0.0863779282469539,0.236901324473686,0,0,0.357796177211688,0.154443958475074,0.420516897966113,0.180446794900075,0,0.501235002764501,0.37257032213077,0,0.35800570506969,0,0,0,0,0,0,0.413955852030117,0.242345882154523,0,0.374769404270345,0,0.257014496372101,0.311941442201211,0.594671313196075,0.396423676124096,0.238795967586456,0.0163830719878858,0.000976324139614352,0.395634821604041,0.35524065288559,0.441963424073414,0.513409436536064,0,0.382845986694549,0.242967149341976,0,0.0590275116482216,0.00661204542187725,0,0.216337606201754,0.232610196862414,0.128597145679526,0.265780142444068,0.34970817796834,0.0665267835102444,0,0,0,0,0.236419228405887,0.218261601100663,0.171632346676703,0.237842882962608,0.102246910531215,0.0593408781653447,0.341037068334791,0.201627093818525,0.203562640562892,0.226295991873822,0.356939356939357,0.280491960214827,0.426948568819638,0.238092593299708,0.642930899349343,0,0.247373595592464,0.261104355746247,0.34215878379486,0.355535345472469,0,0,0.287823691931881,0.201477950495274,0,0,0.301835579325934,0.564313696945264,0.00852717675039155,0.120790388611163,0.231431166510105,0,0,0.32706809150766,0.10409077216588
"1-03-28-16_18",0.431005813827693,0.195670922525072,0,0.439138504096481,0.211183874413636,0,0.276124623077578,0,0,0,0,0,0,0.198146272230378,0.206656308691237,0,0.308544343181842,0,0.239797324892792,0.272732034908695,0.525179660093321,0.279477590367312,0.142074551080274,0.0292589429489729,0,0.352828166132451,0.380600189492817,0.326839378238342,0,0,0.346606965447425,0.302380838348845,0,0.0699421188967863,0,0,0.0230660653423761,0.20164284947107,0.401793431287813,0.207087895347556,0.290745217288565,0.0404210582839844,0,0,0,0,0.199986486829475,0.2075901347737,0.022992641426217,0.229147169091007,0.149738065330684,0,0.347167012738102,0.173912172321659,0.144676440576462,0.208778766855238,0.331226325555147,0.376374697100639,0.164747249821831,0.142098267384115,0.12434644764677,0.398215424596623,0.367990207329202,0.259816628362188,0.12783487121179,0.478336401124381,0,0,0.266562168584783,0.234668189303139,0,0,0.255492846990901,0.554707402799933,0,0.2301213883151,0.226952900069645,0,0,0.370911166301953,0.118540430802021,0.428485155382423,0.177115308186827,0,0.464588150865162,0.229533140624319,0,0.268414320595302,0,0,0,0,0,0,0.239545387547114,0.205296310137164,0,0.316269665909295,0,0.237287567285942,0.284115384475689,0.507304437470231,0.276404835334536,0.163711971838756,0.0337578484455629,0,0.355827371067886,0.371256020929607,0.3252724458572,0,0,0.363466754443804,0.351552196883569,0,0.0648490813494893,0.0259232086084617,0,0.0204981531949036,0.199828823811934,0.263396715643907,0.18664891009271,0.300174567898774,0.0374679131257146,0,0,0,0,0.224176300804411,0.212461417920184,0.18891251607319,0.232563954010778,0.106789257263628,0,0.346647910837674,0.171623279037926,0.148760017955404,0.201857744388249,0.413264325122774,0.26941331246149,0.299593716718299,0.292958136768542,0.447562147797735,0.380948979154463,0.328710890337714,0.302379503454863,0.203687603549811,0.488247340203231,0,0,0.237260901728329,0.211668224141705,0,0,0.24861320552496,0.56404554312321,0,0.229255573102207,0.22329487409784,0,0,0.363936244330381,0.107835623282133
"1-04-26-15_06",0.261763568469038,0.0816053054746865,0,0.210280745963441,0.119874416416344,0,0.0672122742550935,0.0520832928638196,0,0,0,0,0,0.0628054641009386,0.0872360285132135,0,0.126980395041748,0,0.238204545068821,0.214772907127147,0.229706841032408,0.0632029249308157,0.0546576221512856,0.059043590574844,0,0.229117405693437,0.117171111777045,0.203795138789561,0.214992820017537,0,0.211958900929776,0.109908390478699,0,0.0429828068087067,0.0146051654426933,0,0.0600487841794885,0.0840086520186156,0.032969478858404,0.146977329974811,0.201720780010302,0.00746555313243458,0.0757633359764509,0,0,0.0757633359764509,0.0848451819585971,0.0901648623356763,0.0700050484409933,0.0887589557140893,0.0691613500513213,0.0794984924801813,0.0891004836287235,0.0462239577489693,0.00986455950894833,0.0651852226351344,0.207781815567793,0.448931753927638,0.0781816672466052,0.0305547477288404,0.109132947292862,0.0508095450777564,0.61754594737538,0.268000088820793,0.201907497814825,0.319939333795195,0,0,0.0941509876260695,0.0656118575945632,0,0,0.0720269322751596,0.463470390321567,0.0348641466909668,0.0779719376775415,0.147988127055567,0,0,0.221444915265369,0.174398059250236,0.26394110903445,0.053787220785106,0,0.228734803161046,0.130439994916957,0,0.0613899221227885,0.0416027158040764,0,0,0,0,0,0.093853082694862,0.0844921674054507,0,0.127748457237796,0,0.166441276540764,0.237945107117792,0.31147294136543,0.0737016013901669,0.0653369407834064,0.13675577803813,0.0444789356984479,0.228706647076532,0.0655813191985756,0.232542832495485,0.277785758125808,0,0.212417659774997,0.128828191435665,0,0.044686960186942,0.0182338968841693,0,0.0721800009934407,0.0808763961349107,0.0315899705106413,0.149948745162801,0.183041841857919,0.00732139243068205,0.0648352032435077,0,0,0.0648352032435077,0.0812397540146788,0.0818937956391471,0.0230863181371638,0.085339302323713,0.0484255138163142,0.0865513014163438,0.0788439892102589,0.046339516189006,0.0084392699307437,0.0753502988115434,0.170552739282302,0.36380781009395,0.0808283562392476,0.0341481833534651,0.126301040775895,0.0403024946518651,0.589499959739109,0.272080721126666,0.238367823652998,0.290123345079253,0,0,0.11232351937369,0.0506306933130116,0,0,0.0700639502159089,0.454391266995546,0.0391380006836332,0.0854126133506275,0.146178801109548,0,0,0.194837021939046,0.184544676492193
"1-04-26-15_17",0.130318626778655,0.036780698884929,0,0.020516629145682,0.0217636986831553,0,0.0136883906984016,0.00080607526197446,0,0,0,0,0,0.00476342382577007,0.00540053765885409,0,0.0191274401104131,0,0.119973739137975,0.153407025763942,0.159811336552148,0.0176507959475744,0.0068276198012825,0.0635970313640018,0.00131790052716021,0.101283399485166,0.0315659991678877,0.0634518841038279,0.121826042406321,0,0.0841475858716394,0.0389072130306755,0,0.02579967614956,0.00714924039320822,0,0.00295146654738322,0.00429814937575807,0.0111095075117177,0.0207129418804978,0.0344440062336548,0.00341983191972517,0,0,0,0,0.0180106359661498,0.0216130755386816,0.00965473786713637,0.0173213567017022,0.027389822600405,0.0101730168136554,0.00581208012150876,0.0126835226074753,0.00369600934375751,0.0578107100110129,0.0261838597682131,0.278834106346031,0.00462423341454034,0.00126763668430335,0.00730767405124424,0.000497643417622356,0.030841049973215,0.138122813672188,0.177871254371869,0.173721018330955,0,0,0.0252159498277868,0.0127335160319533,0,0,0.0222073994083241,0.0755410960638916,0,0.00539669360943567,0.0429811192499988,0,0,0.0295092891931085,0.136812248799087,0.129816320397472,0.0138164031130967,0,0.0221912948787931,0.0194462857707008,0,0.0133329884095295,0.00564300564300564,0,0,0,0,0,0.00799531782787928,0.00661111490825047,0,0.0174838974798273,0,0.0997159932161413,0.157167345422391,0.225202617294966,0.0154693363152437,0.00784184507400026,0.210674622907343,0.0232256092902437,0.121789926456333,0.0221760509730591,0.0702264077625519,0.115908396363359,0,0.0821416037823262,0.0431633017549941,0,0.0179983469533422,0.00317744017475921,0,0.00199932302831998,0.00568679283114279,0.00900251058567842,0.0202992448056131,0.0472841160722607,0.000439365472568949,0,0,0,0,0.0166883143519018,0.0161544164703741,0.0121821912687939,0.0146303832562486,0.013121334486299,0.00262145262145262,0.0059664178697402,0.0122800910666125,0.0037964508112505,0.0600297988880374,0.0393438658140147,0.161299540588662,0.0187309051073009,0.00218220706399214,0.0228168102154145,0.00144767842016095,0.024202768785729,0.13837081375887,0.236572945493663,0.0973398980497225,0,0,0.0371555458977876,0.0271166754318843,0,0,0.0253531396092662,0.0785883718200312,0,0.003849991528136,0.0345024211908822,0,0,0.0165358017150764,0.14818307148775
"1-06-24-15_06",0.218290365035817,0.0774061111532827,0,0.244595659424229,0.103435528076997,0,0.0485304137640351,0,0,0,0,0,0,0.161238642601866,0.0716989063710749,0,0.131763496729019,0,0.141845002484476,0.170430964173985,0.163027906055202,0.0869265649908553,0.112475338882332,0.0323238173737734,0.18382872110238,0.14679905217101,0.0751792646500812,0.134198190911325,0.243716608799615,0,0.188323152798219,0.245132487466626,0,0.0208200834545449,0.0147473433094773,0,0.0108658918345606,0.0671520364237174,0.0223878873271969,0.0948665670697448,0.11056745037839,0.00199747704288538,0,0,0,0,0.0502105371563187,0.0509163345105346,0.0106853343529394,0.0498208339141468,0.0460982225758901,0.0202296742035753,0.0959812939387449,0.0557240813356166,0.0115942246615661,0.0611401211645703,0.0829656692127107,0.0724750927915608,0.0472872352367034,0.0278864362615303,0.0561027164476916,0.0772965624393086,0.15475481718784,0.096760279674432,0.0519066749810031,0.255817901292783,0,0,0.0650311318330968,0.0299766474276752,0,0,0.0550119232510213,0.328156605421926,0.0043653949140715,0.04327931725192,0.0841341369979553,0,0,0.128388051441839,0.115546444217611,0.214867093140335,0.0665359899686417,0,0.251754738015608,0.100526649091465,0,0.0484148983609098,0,0,0,0,0,0,0.113291911038848,0.0636560580810851,0,0.123874300345276,0,0.107976568089901,0.176724179938157,0.230275157642399,0.0812061586509464,0.115353790578335,0.0663870981202145,0.19077748213949,0.160579274561856,0.032955959321755,0.130564127309023,0.218169870215213,0,0.190352325484647,0.246223696059868,0,0.0220479241280386,0.12225405921681,0,0.00969789311496131,0.0591313565934438,0.0184067746485281,0.063679721814382,0.10284010339178,0.00190563448240902,0,0,0,0,0.0566952433589038,0.0559434146435733,0.00780180369941299,0.0583984214032356,0.0320999772805387,0.00483462495788181,0.091836574019921,0.0482323143782119,0.00897890534008581,0.0627427816995194,0.0992682593234248,0.158439955835552,0.0605157368012825,0.0571750372262739,0.112785422793143,0.00204545550396228,0.151815836475491,0.130981396226725,0.059086277791929,0.262068493284684,0,0,0.0725121946924472,0.0367207775042353,0,0,0.0559250239115601,0.335462829108348,0.00761579110972956,0.0347252283165285,0.0795100454544582,0,0,0.136726622438653,0.100546341004578
"1-06-24-15_08",0.18254987657243,0.0841300318827746,0,0.135792493442317,0.0270405711894442,0,0.0590038594056272,0.0314237810283296,0,0,0,0,0,0.0749052650802267,0.0938803031901784,0,0.0776142856575977,0,0.183743553580683,0.189224958172181,0.209542283367021,0.0782583886013032,0.0436964410733339,0.068300232394962,0.0562986624076662,0.173853335280137,0.0299325348592655,0.22397695891723,0.231828420952441,0,0.153482594895621,0.0638855005130666,0,0.030792673510302,0.0169854628921194,0,0.0370810460038234,0.0950569615892878,0.0292946188465128,0.157607582916209,0.178842940612994,0.0215762665217277,0.000556309362279512,0,0,0.000556309362279512,0.0686123652615908,0.0732591453245722,0.0345139985477011,0.0716556985630904,0.0904322556617853,0.0101309935398559,0.152191872503294,0.0385997422450492,0.0242708106307647,0.113660415109804,0.247172452919969,0.195437372856728,0.0588973651028398,0.141748347463949,0.0492340878512317,0.0459810806247293,0.0151923303674276,0.349026799722045,0.239251985437099,0.245682613238835,0,0,0.106655808496161,0.0208692697536708,0,0,0.0770959038272458,0.373705123529561,0,0.0786797470173926,0.121561282912557,0,0,0.150689072101145,0.122520967721073,0.191635085039289,0.0625669579413029,0,0.138242627502347,0.0304779772111095,0,0.0514699268059258,0.0316177086288542,0,0,0,0,0,0.0792002829951456,0.084659379698069,0,0.0777561140185009,0,0.109097677657618,0.195677430767211,0.314402248423362,0.0677410848551222,0.0455597819374452,0.0914265945401937,0.107209760315097,0.176244447465507,0.0351075372701735,0.225931946414024,0.281354103873854,0,0.160384357864568,0.0739930027045877,0,0.030828527169775,0.0192807957153787,0,0.0372342079430016,0.0851743532969256,0.0199811783685679,0.150970904824041,0.148374287928072,0.00875475810161236,0.00067009722731468,0,0,0.00067009722731468,0.0642637729294919,0.0661291654748034,0.0530698052926638,0.0699846225722888,0.0400195011689621,0.00897022626391621,0.153041554621344,0.0361752748093891,0.014916346579997,0.107330289446286,0.16617334472278,0.221082710984888,0.0610793095784116,0.0893700084892857,0.0790059286204263,0.0420108744860862,0.0200220702569847,0.240294262104848,0.165903503055538,0.247086407468959,0,0,0.0989760070674296,0.0210489900578558,0,0,0.0706409437871254,0.383764306306697,0,0.0932829410754166,0.121396329366547,0,0,0.139030658660844,0.128325131743061
"1-06-24-15_13",0.231930406487434,0.0463897209074625,0,0.28353328126774,0.0912941694223211,0,0.0977376107512311,0,0,0,0,0,0,0.164946942159623,0.124862711681807,0,0.160262041377577,0,0.184520011701935,0.184638275158592,0.1891665303715,0.122099696010919,0.173101768483507,0.0173856014074993,0.053946621237933,0.204152480719837,0.0971089752932062,0.180850765913355,0.188789662404438,0,0.208111717978403,0.175934344127064,0,0.020487174699453,0.123312130342596,0,0.0827144610342181,0.122497874524772,0.119580871296355,0.111313857293797,0.149207280695623,0.0177745866894537,0.000131694468832309,0,0,0.000131694468832309,0.0810017797871343,0.0759085052032016,0.0310462222039372,0.0826727347815666,0.0765111933887485,0.00517436148747363,0.186763589739811,0.0718618835498852,0.0229821691554149,0.0932306471850694,0.0466011216181336,0,0.102169372300014,0.133258292086152,0,0.0762403001734874,0.0637546021350206,0.17776198866064,0.158168185116504,0.167223357348682,0,0,0.12473744060926,0.057819510653342,0,0,0.100395155765996,0.365574519093556,0,0.183109236114244,0.12656938295695,0,0,0.236205236896719,0.171414726954797,0.239322538663491,0.0386670874417946,0,0.282852170954932,0.0969899577167019,0,0.0963298305230341,0,0,0,0,0,0,0.150935581551602,0.116283545067971,0,0.166032550977939,0,0.136841862063588,0.218714806870384,0.207879044559966,0.13147010430661,0.161544317067114,0.0494261014156935,0.151254430946072,0.196219119753671,0.100193595353712,0.195750184905353,0.167922331427006,0,0.210345754342377,0.154522223282107,0,0.020843035514567,0.134360004463788,0,0.0858207491665032,0.112858372977066,0.130290741479413,0.130457269830432,0.160105518146939,0.0227761365001384,0.0170243998496268,0,0,0.0170243998496268,0.0985263181240788,0.0889262668092139,0.0679696524598392,0.0943992439878463,0.0824138070409442,0.0123275589865314,0.175496751925908,0.062951365377248,0.0281588228529077,0.0945074803011711,0.0797410008779631,0,0.143409940695371,0.220098845469449,0.00315703045745558,0.126343756637096,0.0799051332556176,0.196216521089618,0.199574428494683,0.183452711809821,0,0,0.131086142322097,0.0553031207566172,0,0,0.101092928597082,0.362151631553417,0,0.205108314101197,0.136317391944179,0,0,0.232651338971618,0.171499313324502
"1-09-23-15_04",0.11270118656015,0.0100225992430904,0,0.00957747714906774,0.0154768121461164,0,0.0222807719108793,0,0,0,0,0,0,0.00216482393384744,0.0117815243818012,0,0.014718908120864,0,0.165687131198148,0.143158571756619,0.169906218714032,0.0093056208735166,0.00938739375896617,0.00567798234106219,0.144701169424999,0.0990683832023918,0.0242630907503861,0.0532816950030206,0.0299971248762099,0,0.0929234296370174,0.0619590613065363,0,0.00891898651675925,0,0,0.000753715215709293,0.0115571749213751,0.00363405070606076,0.00392678289612665,0.102902317359352,0.0010633111586253,0,0,0,0,0.0224496398463444,0.0204639581032719,0.0118179532310787,0.017734547682436,0.00624525298346738,0.00399630274032188,0.00411542603093617,0.0135091077933794,0.00543188511905752,0.0452830489928788,0,0.274970641962422,0.0352206727510014,0.0370588929540895,0.00700064687702149,0.0690240234450314,0.0224179234496652,0.178282162810577,0.133834855059521,0.161031952760972,0,0,0.0500051733057424,0.0176463190980997,0,0,0.0302675217514067,0.0469854731840734,0,0.0109937288213557,0.0295281501639152,0,0,0.0239781790951203,0.108795130043529,0.101518392694227,0.0105881674607792,0,0.0114722073221225,0.0115614419035522,0,0.0157928008627633,0,0,0,0,0,0,0.00418013505051702,0.00488596055253026,0,0.0144145167957702,0,0.134403833900089,0.180750451974577,0.211526466502226,0.00932472942354163,0.00908208507662048,0.107497444994491,0.0460521218069582,0.120831911334703,0.018896509366363,0.0718239854592781,0.297057983433305,0,0.0897193527278936,0.0752682612991429,0,0.00878198513507771,0.00912254302642716,0,0.00134128901819616,0.00409354256041712,0.00428176522203823,0.0134169628601459,0.0997592449783624,0.000327692529271003,0,0,0,0,0.0274472528022736,0.0219238284993161,0.0058241711593157,0.0181298682526089,0.0080813554776813,0.00519685890764594,0.00311697760080195,0.0135824603338177,0.00485139315920041,0.0474866020258163,0,0.176383611301016,0.0585689030491825,0.0341183728130625,0.00696091411845531,0.284173341393381,0.015383611691023,0.165793041824898,0.14146073859811,0.101380562437355,0,0,0.0645040387459352,0.0288227717157105,0,0,0.0295964673278519,0.0499193211650407,0,0.00251832531366641,0.0296535380851789,0,0,0.00953565824904534,0.111435348291751
"1-1-11-16_12",0.324748874370121,0.0686003299001463,0,0.40304217588228,0.379822002311428,0,0.18314564071367,0,0,0,0,0,0,0.306280440141904,0.173352529927234,0,0.287762192966813,0,0.29021730359443,0.260539917730924,0.316395308277459,0.231538112628353,0.175907593000557,0.0547467032639179,0.169477911646586,0.322444465155386,0.186116263467382,0.359803209606317,0.305445158776544,0,0.316950940780246,0.21687868303648,0,0.0485865911999108,0.000392054364871929,0,0.0556831189126576,0.165606528514282,0.188762213788091,0.249146583232644,0.321286980726163,0.0614456755964145,0,0,0,0,0.17303063168813,0.169962655177911,0.163922062711834,0.175997034340141,0.0511159174936529,0.0291392379081326,0.170268611840717,0.131989930624156,0.0779014882553981,0.175996060879687,0,0.237892774978887,0.208470893767982,0.266860916584146,0.232881279835201,0,0.384456742171656,0.277880505335149,0.20822428713422,0.384778822259635,0,0,0.228012027403755,0.18481720312828,0,0,0.183361315136747,0.542754044470516,0,0.103798713848965,0.221726702822976,0,0,0.330308309499415,0.253538243970346,0.32499870540513,0.0427010527703636,0,0.409743005946554,0.358701608649114,0,0.178396675132764,0,0,0,0,0,0,0.312161442262555,0.165866988481835,0,0.282486789903368,0,0.245469371484587,0.264083458098937,0.399269324445584,0.240962849106563,0.227205166094238,0.0953539031215391,0.24806235304363,0.329844778292413,0.2028339965076,0.321586141833437,0.253575744260134,0,0.329586168840839,0.251940614232333,0,0.044014584410453,0,0,0.0838924542069714,0.15788612437412,0.0986046793642613,0.265015378932207,0.341686161597985,0.0575714729831526,0,0,0,0,0.177335115569448,0.168399244881714,0.112741853001064,0.176961501940664,0.0490805123674704,0.0278831176922598,0.193206647791801,0.119142978693305,0.06534950101843,0.176179770340422,0,0.219250991903487,0.275300779949244,0.0854755020398463,0.343644937176189,0,0.305032179154897,0.26921118667491,0.197876895628903,0.357396832071336,0,0,0.237447411643574,0.157648566449295,0,0,0.18202580758648,0.514307555386033,0,0.0969376728102013,0.216215185883008,0,0,0.299393285016182,0.199649640128095
"1-1-18-16_16",0.393739607296311,0.108232726213646,0,0.395011682363842,0.389453559255775,0,0.288895876087348,0.282674958073717,0,0,0,0,0,0.387955928739615,0.27519648339358,0,0.352858885580823,0,0.265248698191102,0.311068318489643,0.386255888487051,0.345073201233317,0.208555056258587,0.0498536126837387,0.14501404494382,0.335662494918628,0.35710485045368,0.330566658522073,0.33709057618184,0,0.320410716309965,0.32571831904469,0,0.0687171427713271,0.0485589400355143,0,0.12878357519524,0.270436259314104,0.0917182019366182,0.388335330009833,0.357212057772185,0.126035805626598,0.336347666796536,0,0,0.336347666796536,0.205798909790578,0.215497448046915,0.13175566981366,0.232810392035202,0.197319870791188,0.0824283795655818,0.355409978120643,0.252514125429157,0.221722548753024,0.248934810645574,0.201158080228655,0,0.175736039844276,0.168941979522184,0.116167743693928,0.234049872858777,0.346418770332406,0.282919672331581,0.112402738211659,0.398738416322614,0,0,0.249106981037911,0.2032138941125,0,0,0.277547226578323,0.458687410526518,0,0.377031640503765,0.254301704517205,0,0,0.367926378000542,0.178162936923179,0.39645931497533,0.140053456031824,0,0.409107495153,0.364364348879779,0,0.285858586890141,0.326735296672748,0,0,0,0,0,0.371724650776009,0.265200170040229,0,0.351035767341276,0,0.216312416224558,0.305149013845449,0.459729418781819,0.353161652218256,0.247822771775041,0.0421534271733031,0.0240068438218468,0.36718632057562,0.369156756513724,0.385845243251047,0.322663815872217,0,0.341012713519126,0.334569511131882,0,0.0596204848730287,0.166765111242371,0,0.119730045788976,0.259373101082872,0.0587224200274859,0.363044908974153,0.314971888428545,0.136968924477729,0.204490219518924,0,0,0.204490219518924,0.2600257213197,0.251675377541861,0.246572295966238,0.268494473694275,0.191918815295521,0.0877258660277528,0.362361487055202,0.226103212419083,0.188949098495833,0.256724469005145,0.258023828597726,0,0.28946753466478,0.354948805460751,0.416120444599817,0.215868405383808,0.304163209527063,0.37308407880317,0.1532102761616,0.416121724397232,0,0,0.255072454258302,0.175545975030006,0,0,0.269683540000516,0.490427651732766,0,0.390328166092226,0.264780568003065,0,0,0.367631774064782,0.101269857867121
"1-1-20-16_17",0.388591699468841,0.156466276934588,0,0.433471131257549,0.350253896971825,0,0.34856898356014,0,0,0,0,0,0,0.440410414462038,0.275865772019014,0,0.38441290820406,0,0.359947647381459,0.33011408861767,0.407876890888028,0.3819897661543,0.342924360264653,0.0567603083751898,7.20227591919046e-05,0.338093063741856,0.334883972521231,0.313305513216458,0.35026962252846,0,0.370904055783584,0.334871757578276,0,0.0837138808361448,0.268957593482348,0,0.162374469618781,0.268007362866054,0.25197154572496,0.293911462934367,0.375438768654745,0.0943630116669962,0.542456140350877,0,0,0.542456140350877,0.224261228594348,0.233322868255128,0.161859744906136,0.257618814961914,0.162859900659654,0.0687802665129178,0.383759587719585,0.259705743643098,0.248879536992924,0.306694016332052,0.363319693706201,0,0.191428202828807,0.264205208671048,0.122852499613063,0.169865244338102,0.304803875395277,0.318387635216762,0.264267314878642,0.427388938550785,0,0,0.274101584453313,0.295346417292043,0,0,0.329102266249082,0.519804038901256,0,0.29230562797117,0.264001679297514,0,0,0.408018101087691,0.130992125019576,0.396033074815376,0.149725217405819,0,0.472248396991196,0.306621657436985,0,0.347873315247426,0,0,0,0,0,0,0.419092709792744,0.281529940232978,0,0.371558944918793,0,0.288076395606786,0.310114472819007,0.4838248611787,0.373344145478193,0.385703192705354,0.117144448448711,0.013114513883801,0.356075114476616,0.333561327294574,0.325965951835541,0.342941941245223,0,0.379647729765217,0.28027546500311,0,0.0760074570218519,0.0742432895488292,0,0.185025546341541,0.274885971824552,0.229348666907328,0.322043292533035,0.336398839882709,0.0845102068386886,0.700584795321637,0,0,0.700584795321637,0.234452617705101,0.239979308197932,0.180301724620326,0.261329984070656,0.170359538548679,0.0734779738504133,0.357363101214833,0.268771977773782,0.256707810584784,0.30712230884351,0.253659170433346,0,0.215452307014219,0.274783868470622,0.263752936570086,0.0903088286581335,0.253437574809218,0.380888869970724,0.278810881638272,0.434812757849602,0,0,0.260785987567614,0.244466383470883,0,0,0.319902164063332,0.507411411202693,0,0.274649445752107,0.275767451188869,0,0,0.417486577981491,0.100422904180463
"1-10-14-15_07",0.340454247997492,0.109498091699344,0,0.338825343038518,0.222062749421799,0,0.202683708851167,0,0,0,0,0,0,0.237035179920435,0.154117725993288,0,0.245200688151685,0,0.366487485189078,0.371626143325773,0.377312022637618,0.219283808722011,0.193713307725076,0.0465805606080092,0.163227169320767,0.249730755109534,0.108102748637289,0.274365606407401,0.182720765642593,0,0.294910616897639,0.268688730020257,0,0.039397447407208,0.0115194102061974,0,0.129711751662971,0.147714467720343,0.178345728684061,0.19700705802479,0.162305392935977,0.0774270847422159,0,0,0,0,0.123839874630171,0.129499101061667,0.0502134590744747,0.14654885708453,0.0919597362631322,0.0357051573634847,0.274460043080121,0.139386888802181,0.0796191712222835,0.139163398394126,0.0739819049566808,0,0.101191380791592,0.086659080795685,0.00166220461143487,0.186411506713145,0.159854097476511,0.213381352656656,0.152223960072404,0.286091307924321,0,0,0.187676665715988,0.144010929943898,0,0,0.179524864500949,0.462829103870388,0,0.170305385303583,0.191858440658381,0,0,0.330695037669089,0.172594331879786,0.349821208548233,0.0668646010935387,0,0.39046483909416,0.192804032090085,0,0.204946605924621,0,0,0,0,0,0,0.242939233518845,0.150079237050957,0,0.246686007526137,0,0.338314210761976,0.376415568848267,0.425254652552104,0.214946428512359,0.193051536699524,0.0471605618639941,0.0264700810484566,0.267356859510358,0.131429654032776,0.26201339190663,0.204842011001663,0,0.302843277819603,0.25589789258147,0,0.0401132917780552,0.0570210805206773,0,0.154336076533399,0.143282832371769,0.180096497226655,0.169153916449784,0.180420782544751,0.0762598052278718,0,0,0,0,0.140433424972988,0.136174599736097,0.0906613323309078,0.154917940180495,0.0860650177400665,0.0276470295713164,0.272441594873571,0.13676235905976,0.0888377255861621,0.162833385311834,0.103750592255452,0,0.159599628145095,0.0945089189258645,0.394943003120222,0.0852111074311571,0.177880028738453,0.237469424149801,0.23880962906402,0.292119702648134,0,0,0.17770443057212,0.118568853907405,0,0,0.183600718008616,0.47947329863853,0,0.328324772374506,0.170414208543655,0,0,0.297886492818547,0.135200245801464
"1-10-14-15_14",0.442147884809958,0.214276922482846,0,0.444282460029463,0.358580914789877,0,0.392372236149739,0,0,0,0,0,0,0.424151369723207,0.290799020599833,0,0.421407020895165,0,0.497897392767031,0.48029777208817,0.5400101349795,0.462543048938402,0.252201960724412,0.0112872511840628,0.0234530938123752,0.339754037882692,0.44445010962117,0.397030559699534,0.398543783663724,0,0.387318697832004,0.297535420503572,0,0.063289052461306,0.00107874865156419,0,0.085795130357829,0.281857675542969,0.373148188972906,0.324433391873423,0.308686718384538,0.0763160074601577,0,0,0,0,0.201819756281317,0.220616021814183,0.0835891643302338,0.245588813063676,0.0972886815632083,0.0344318362731051,0.347427526538587,0.293926832437248,0.224628400150216,0.235391687772513,0.195791958326551,0.478704023620316,0.0918556220822144,0.152939801627299,0.117898623509273,6.41113999685854e-06,0.361906167010918,0.396297543949892,0.481523251783525,0.388855834862082,0,0.230769230769231,0.297394591662082,0.302714082669606,0,0,0.330961941107768,0.492687609883314,0,0.187806689284622,0.26185874669116,0,0,0.413308519140059,0.175393263921169,0.442439233054185,0.218222082489353,0,0.449944726330129,0.339597377565156,0,0.390142279991588,0,0,0,0,0,0,0.443444851333156,0.287933422956465,0,0.415456150545695,0,0.447886469241972,0.442296201152334,0.613703213249054,0.453310676448649,0.244250490049652,0.0163974004601915,0.0200020514924608,0.348284354846287,0.396887734010512,0.433079032645041,0.421190998608584,0,0.377674850856801,0.276810753203728,0,0.0640914043975277,0.0497014062801002,0,0.0955480830028166,0.278282373669891,0.375376785096605,0.337128333542406,0.32206354753429,0.0758220490081062,0,0,0,0,0.205307562528488,0.215800291271153,0.115166986221965,0.24453712769887,0.07260942367898,0.0240009273231915,0.346396621509065,0.281158602867125,0.194545433810784,0.24036559782989,0.0996249865060852,0.329926652594494,0.140950362580963,0.107818451804506,0.364428372114273,6.88254929625933e-06,0.335220269344898,0.352494656364958,0.507922232776217,0.453723830225375,0,0.22977022977023,0.312920120206214,0.261756493637213,0,0,0.321581300081089,0.473703207162995,0,0.162431235090794,0.26851712570927,0,0,0.399633707144869,0.118463070308189
"1-11-09-15_16",0.478959360649018,0.234887133205345,0,0.512828429575271,0.348929917215893,0,0.433572641917002,0.037666190167432,0,0,0,0,0,0.4968011458582,0.283449677987143,0,0.440297623947024,0,0.488145676608881,0.541508701009402,0.578286978366687,0.470794198036369,0.267968952815296,0.110568899592285,0.0681488435606384,0.332878771945325,0.352868978214176,0.419625774291683,0.413343913244727,0,0.42778558180429,0.335523707343358,0,0.0669426542565893,0.0268700072621641,0,0.291823722719996,0.272637898644537,0.423372403146134,0.340842640876202,0.311805235480488,0.213159522667775,0.000485029381587538,0,0,0.000485029381587538,0.16534487467113,0.205712720675839,0.03933348583537,0.220939463370852,0.197074062393399,0.0311413203919846,0.481459357367902,0.313340630466693,0.23412775006351,0.263090483974425,0.434256919463686,0.455458281222083,0.077777050336162,0.137138596739082,0.0547163468045108,0.0734837990672828,0.251623681570565,0.328893956265777,0.570736268994257,0.286238627698923,0,0,0.350955516933485,0.304804097594569,0,0,0.37088001927358,0.559819864898674,0.114590556832974,0.237238427393786,0.298843302845647,0,0,0.405535930297101,0.269650727879964,0.474907942882191,0.185296562901223,0,0.512464082999608,0.349926014147539,0,0.424069842289565,0.0457287941586206,0,0,0,0,0,0.503819111426975,0.296002940244655,0,0.42335415286584,0,0.480767880135784,0.542506028792049,0.632044430885108,0.472232128479937,0.242907231513745,0.142031155757992,0.0174685309552644,0.349010564607723,0.350300659276969,0.443071882301402,0.484975784657373,0,0.419453923827185,0.33626769086772,0,0.0640036282185025,0.2975747115996,0,0.291675185323088,0.28516162530694,0.379244164779857,0.309812620003253,0.359978572389209,0.237489690896104,0.00621990514463633,0,0,0.00621990514463633,0.17415292405765,0.209438456216375,0.0298001024748023,0.228824564508503,0.197351639955098,0.0414841072728668,0.481860687782116,0.292036420344258,0.236118083911919,0.288256149015403,0.470615878420315,0.3412864211105,0.0990484277327219,0.174579506143385,0.117731609156199,0.0598600250966316,0.191694984630008,0.330868136029136,0.513420129723207,0.305915841627678,0,0,0.337984441226681,0.260522485850503,0,0,0.366069559999214,0.551502738337888,0.0489727119493417,0.186981847320245,0.289291132345554,0,0,0.408516332307935,0.19506038720142
"1-11-09-15_18",0.377272089334467,0.108441961855857,0,0.384248304688333,0.287374237952591,0,0.314155928451938,0,0,0,0,0,0,0.275471220403199,0.210311400179567,0,0.30550502762701,0,0.290261744483153,0.246058972790327,0.429983303780594,0.27982079388432,0.18884046537795,0.0369215725446077,0.0019105672565164,0.331071494737443,0.234029965741645,0.29040092800696,0.256635303387051,0,0.344232648863603,0.177754532775453,0,0.0510829646870057,0.0109799897383273,0,0.0958838894372522,0.203392685705235,0.213663952748454,0.26945827693403,0.314135247330645,0.0683827811881017,0,0,0,0,0.177651763594145,0.18513906207723,0.0559471858565514,0.209107305167637,0.0510031670789389,0.0232905584629723,0.318673387680414,0.15862563176322,0.119474591849676,0.168820102742251,0,0,0.0282734030294095,0,0.016535127146405,0,0.193381499583177,0.330211907693114,0.290375208684796,0.377560524735514,0,0,0.243487540567033,0.212622465548242,0,0,0.263725478325811,0.539224621750372,0,0.279008862186114,0.228410016187617,0,0,0.371461585287729,0.217990778859859,0.376981751061032,0.0492228309428972,0,0.400680052480818,0.268309868922949,0,0.308542039514467,0,0,0,0,0,0,0.320228597041685,0.22090717473013,0,0.298971337290779,0,0.231199446257293,0.259091660433074,0.471678663564201,0.275843259818375,0.205653905250619,0.0628287614998236,0.0343176005580098,0.356066621081122,0.2553497956108,0.308126821436904,0.287717616661284,0,0.352294406693342,0.188333861762841,0,0.0497752070824727,0.0237276478679505,0,0.119666685434379,0.215253775003057,0.107179787814391,0.29188333262363,0.304716914700599,0.0515055755905126,0,0,0,0,0.180732638063043,0.184076846205067,0.0578412807712171,0.204868184983169,0.0684116819980643,0.0227711671989674,0.329610652339734,0.168209942510783,0.126499698327321,0.182482141357397,0,0,0.122258018906035,0,0.216863300298883,0,0.187727961142427,0.419899203150435,0.304705528571148,0.385612150483776,0,0,0.258484586486766,0.178349182863125,0,0,0.260777525055265,0.540250547340079,0,0.301632871232499,0.232310196523236,0,0,0.373664162061331,0.162818510457242
"1-11-09-15_20",0.277066389076263,0.13822755977555,0,0.288884568818014,0.12512667941879,0,0.123681297611048,0,0,0,0,0,0,0.175675145388763,0.127572442186817,0,0.180247154052561,0,0.224443899605673,0.27142542236334,0.330242059403077,0.162128053225836,0.174476289872851,0.0323069845774791,0.000443670864475615,0.235827921466714,0.154700650404458,0.226282815948903,0.209788721150946,0,0.250707728179829,0.110997361018419,0,0.0357191799665887,0.111023828227285,0,0.103878256300398,0.123863335856405,0.149715221736321,0.207784989068035,0.196049278669365,0.052911261672894,0.00732225913621262,0.000277161862527716,0,0.00767706094190559,0.121104342111429,0.124723450371187,0.0691845856429694,0.130501780975053,0.115879051333391,0.0292949004302542,0.207567568136866,0.0731394479270416,0.0325100719817252,0.135447967859401,0.257779611723675,0,0.109366187420835,0.135330351858669,0.00337503096358682,0.125158323002442,0.138023794943575,0.321453818017558,0.417613150271112,0.264072278081324,0,0,0.148429783483565,0.0797227156224137,0,0,0.129378128575775,0.41938573566655,0,0.343050133552496,0.186405607015631,0,0,0.299982561181189,0.151079247455426,0.28417464552959,0.124754673145064,0,0.29725728459974,0.111632229129676,0,0.10112259304276,0,0,0,0,0,0,0.206319674600783,0.132329121022445,0,0.1792901787743,0,0.147627245315299,0.249537829951901,0.358512905517405,0.161556144199821,0.174937839548226,0.110369629601139,0.0254444517877206,0.241813687291115,0.116257625195063,0.187338065539957,0.247174482266127,0,0.247516949291997,0.120224886373012,0,0.0421333150921654,0.18697218082464,0,0.070048142895825,0.129011812933805,0.132191925309453,0.190096114563399,0.219257742221629,0.0750236464215082,0.303334825796395,0,0,0.32263868065967,0.122552150693341,0.116263796377658,0.0726589250504766,0.123360206693822,0.112836717434436,0.0408149836261902,0.213655744819356,0.0753553772677178,0.0312246006209669,0.162764369239953,0.0956826528697424,0,0.147256031890933,0.125551331912431,0.194918201880637,0.141918321017781,0.129154053562272,0.264917223976191,0.408604491090181,0.258593315934297,0,0,0.125815849120774,0.0500726192783267,0,0,0.124635908763863,0.434351002791794,0,0.341096228489376,0.184068762876504,0,0,0.259743988153849,0.170356682511203
"1-11-15-15_05",0.385966318439928,0.191775105380273,0,0.378501871249435,0.35344881207712,0,0.358682073287451,0,0,0,0,0,0,0.348585843884927,0.23015311022564,0,0.348885987091046,0,0.324546946216955,0.284057023093797,0.424072444639977,0.347384868894377,0.215568939891466,0.137884418500732,0.325401050950253,0.330253061229684,0.391455347298787,0.397722374429224,0.418386885380189,0,0.348401745396882,0.37725832215363,0,0.0444666812300475,0.0090060586212543,0,0.188953127713953,0.221698023502602,0.239443951780099,0.367769240330039,0.278173744509805,0.107112426345767,0,0,0,0,0.147539467811086,0.140805458393239,0.0320242523001063,0.151172397219791,0.100196458762335,0.0903521071654411,0.289943442789779,0.209705248221468,0.135856292842311,0.181629437659141,0.222264034197899,0.309216749700448,0.178121812439995,0.0657256730981549,0.211207349341473,0.426975755509656,0.2335407239819,0.399923490857157,0.294487399382843,0.343380273029148,0,0,0.234936157294802,0.219153676888277,0,0,0.280156989963009,0.512283758433861,0.147624215890068,0.15578388613823,0.250428185956278,0,0,0.331130458159917,0.114118239967075,0.397707717926997,0.172270149316746,0,0.402754185798372,0.34812742737853,0,0.353409820874373,0,0,0,0,0,0,0.428821663820444,0.231047297981085,0,0.352939499524865,0,0.273301616149479,0.298435501458162,0.540811815442357,0.347292389343322,0.202269982526029,0.186785484288223,0.322978314282662,0.353792858784935,0.440606131598283,0.393760758801086,0.40953348939552,0,0.355746338195372,0.353727090500461,0,0.0428973196109359,0.00628535512256443,0,0.19089093039777,0.222485862174411,0.10630097728147,0.311126431018635,0.30479615794619,0.102376926331974,0,0,0,0,0.168548540067149,0.153074596726282,0.0756831723243037,0.166619436337488,0.0919293314336129,0.132381186899778,0.291117235139614,0.212936305229656,0.118278554517332,0.180545533637908,0.214141906886119,0.224504044049846,0.26816511112607,0.147275868050536,0.44803265946886,0.334589308828995,0.304192743664931,0.400478774493313,0.311081197036187,0.347253850403568,0,0,0.216298208080053,0.174650178883877,0,0,0.268472188944116,0.50850114072654,0.0241097256857855,0.169270714967501,0.245774973945537,0,0,0.347318682975035,0.105586824360242
"1-11-15-15_13",0.515306268785304,0.155689383204556,0,0.518067746843079,0.406824397211203,0,0.360087438725927,0,0,0,0,0,0,0.460493134504651,0.29971156563903,0,0.431763892328007,0,0.544038419851319,0.501503042787447,0.604488034795266,0.407208875476511,0.320874448383938,0.0387691271292465,0.239867051003,0.381405591021786,0.458007318596971,0.416669354945833,0.417419985340826,0,0.450734028481716,0.434805382339331,0,0.0868623351529036,0.18499240945565,0,0.1520579794017,0.290267064099366,0.343807445771192,0.393603107704768,0.340020247815657,0.125781938788362,0,0,0,0,0.202661264242335,0.213879326121063,0.106898330846569,0.22284931321921,0.15587181710514,0.0681076948570396,0.396724239906823,0.315556193712895,0.152494790140791,0.26469409357343,0.371766255067147,0,0.148292289923881,0.100181507987987,0.105354097610749,0.178882304624382,0.382712513950012,0.337985264947577,0.293120878470122,0.464194920545072,0,0,0.298083818090162,0.400948846445833,0,0,0.329324643897649,0.543479040478484,0,0.236918856984133,0.282083318883149,0,0,0.37266524418401,0.280474684805258,0.516113480451949,0.129710620107609,0,0.539238003293214,0.400833240596483,0,0.342589472668253,0,0,0,0,0,0,0.496306301626058,0.311763631888686,0,0.441461189750302,0,0.493548111866471,0.528566462712911,0.639842187098868,0.413095223325612,0.3242006427274,0.0291020645054307,0.257539052710718,0.392947979439376,0.405194093772565,0.401473819039667,0.371295037334902,0,0.45039620861058,0.419182467781315,0,0.0698471550767502,0.157977572299823,0,0.21200052117998,0.300701560948817,0.339284915201146,0.352937401739019,0.350046100126934,0.099545658374958,0,0,0,0,0.220610285283666,0.208914679030949,0.135171983797041,0.229065895268309,0.118978551876619,0.00738999970867281,0.395092424002431,0.298845044544893,0.154252830994576,0.284998621208047,0.352859229448079,0,0.283324784942388,0.165703301176781,0.603869039504894,0.160844556837555,0.414930560992031,0.292234299424527,0.294745680321711,0.41159735465058,0,0,0.287617223956843,0.343465898595708,0,0,0.320472088529164,0.508752481192614,0,0.124194827552856,0.262250487144066,0,0,0.352715235924179,0.276281959378734
"1-11-16-15_09",0.389178727097696,0.127694040501046,0,0.36981306666877,0.273362861637745,0,0.336136251069386,0,0,0,0,0,0,0.377937847539525,0.226520552937322,0,0.298436622200681,0,0.251751055425197,0.302049765377657,0.413815538130416,0.321772655281293,0.328247425365178,0.0122781065088757,0,0.321610991130611,0.306935359643173,0.412811869708152,0.35782247264987,0,0.358674656973144,0.36517067032405,0,0.0694027976717061,0.024480021286975,0,0.190640477417477,0.221009569286308,0.152678427746978,0.298536378345402,0.215477067870234,0.0720429669187338,0,0,0,0,0.165634149917098,0.156367437966361,0.0820682572758906,0.172086384346562,0.123844518739264,0.0701671317246664,0.278386469209265,0.165709778078332,0.150072859524989,0.246301377329872,0.415402681279969,0.103396226415094,0.203001840797916,0.147335088625364,0.343124778402472,0.162005891194205,0.337239719140734,0.296354850013446,0.198037196024198,0.40784450580728,0,0.163901791639018,0.234585974785025,0.231229594938419,0,0,0.282908844061491,0.444207179876771,0,0.204405642345741,0.246237184297887,0,0,0.377916679692879,0.197951752291723,0.385135702679732,0.105355530374121,0,0.446284806037072,0.216837152707362,0,0.325783068655617,0,0,0,0,0,0,0.407607020856691,0.231429277620999,0,0.292187866114514,0,0.254536822867586,0.262745250979469,0.52687734024606,0.30638680434011,0.328696466531009,0.0324365478100139,0.00174151414980247,0.335667548228767,0.30946479177767,0.421803687095167,0.342389656385314,0,0.346860703861197,0.355539630014593,0,0.0628235766656289,0.0373091895201854,0,0.215793898036889,0.226810902293696,0.11247645260122,0.343824060624594,0.249753260042945,0.139924943032922,0,0,0,0,0.165985838305134,0.159329508342341,0.0710082247553828,0.179522598245087,0.105294773124529,0.0277157879041937,0.314268483189807,0.172666868402597,0.176343978540798,0.257340038291604,0.26476129712966,0.125707547169811,0.190415731283058,0.150743769201524,0.325811864731829,0.0963507451983706,0.241175667795685,0.334497620620163,0.18142501020781,0.289540911793323,0,0.0185799601857996,0.243620231480465,0.195648978756523,0,0,0.281468013563736,0.472876746726699,0,0.176974623750412,0.2535315512686,0,0,0.394628555948585,0.158989602685701
"1-11-2014_01",0.0801961746082326,0.0343872674802221,0,0.0252720679275988,0.032320958581521,0,0.0125028623460861,0,0,0,0,0,0,0.00559734279990159,0.0136315805410029,0,0.0240256775855815,0,0.0946387162919995,0.120013899042766,0.091278019680289,0.0116864904801948,0.0739523317685413,0.0702018996706601,0.000537740922084171,0.0941024098970444,0.021991645330818,0.0922105030224755,0.108570804970876,0,0.0832226713337774,0.0337558972711315,0,0.0235489271430765,0,0,0.0201828143886923,0.0126119686502196,0.0039139282157856,0.0325360453032474,0.0634800221864122,0.000430230890577944,0,0,0,0,0.0495067902546297,0.0366531031982429,0.0106651429856031,0.0410950179891683,0.0327360021938263,0.0290647655145444,0.00459500201912282,0.0108692367102203,0.00183703688062692,0.0366899689799129,0.0148238130332138,0,0.0964630835801534,0.0663034139843214,0.165466270032489,0.102773103990749,0.0854993232946492,0.056232594885801,0.163142004907344,0.173809647437562,0,0,0.037690046903041,0.0141558023250669,0,0,0.0198615067389402,0.154955000548259,0.00194902296822757,0.0340610573343261,0.049924873556736,0,0,0.0515588974803948,0.0967477005591349,0.0836877474581924,0.00858306560216598,0,0.0283964516412357,0.0234391086866306,0,0.00965921900770628,0,0,0,0,0,0,0.00966443652340782,0.0122057419426073,0,0.0207591513731824,0,0.0638613732169192,0.107133108878208,0.133129205078888,0.0113270067398508,0.0650199691866703,0.105299138216772,0.0115209431097615,0.0989902927894423,0.0193398549841902,0.0489259845236447,0.108448698918542,0,0.0838742903675595,0.0504925210571385,0,0.0289244974111882,0,0,0.0120889723775776,0.0112922873160409,0.00666413194841304,0.0228004045233061,0.0713552741204438,0.000210109390995695,0,0,0,0,0.0434090707135769,0.0321902942624323,0.00754708392603129,0.0353246855447245,0.0284753369630076,0.00945417205176779,0.00377871235595847,0.0113929395448756,0.00151722417042816,0.0458058880160386,0.0176184690157959,0,0.0927915832431616,0.0478888490352795,0.193699862528662,0.0603121637299815,0.0561141293214353,0.0376144748062734,0.181360012270976,0.105938042289063,0,0,0.0545611067814129,0.0177111412129846,0,0,0.021467101257689,0.188517542094097,4.95006620713552e-05,0.00600127401347772,0.0358435804919126,0,0,0.0350453001202179,0.110036584625243
"1-11-2015_02",0.124420781320353,0.0861557529531067,0,0.0484675436782875,0.0240527157293429,0,0.0178818448254282,0.000376371647534441,0,0,0,0,0,0.00164885176060197,0.0231146218789853,0,0.0233985125728775,0,0.0879096189842977,0.109396818527589,0.0853881557539527,0.0154519410265042,0.00845977594167609,0.0924383366285288,0.095950774116713,0.126347527420932,0.00390048766942608,0.09009672200906,0.0807049420629922,0,0.0949044692429839,0.0281678748441549,0,0.0161695686958291,0.0194453560879554,0,0.0286009009496287,0.0230940716401227,0.0175993141355384,0.034618393362788,0.0626057812899534,0.0596850146071786,3.54377447419246e-05,0,0,3.54377447419246e-05,0.0315124410751871,0.0380558904697588,0.0521354480298098,0.0435548021623055,0.0189170400809346,0.0621181072590546,0.0345241877762869,0.00615844202187752,0.00243368270665568,0.0484719769408606,0.051021872826243,0,0.0118562198931039,0,0.0188744647062329,0.00159100282833688,0.00595370517506224,0.12853059472162,0.088692757598134,0.149272054665731,0,0,0.0247696026668863,0.00864845911256656,0,0,0.0256511591419222,0.275112165168469,0,0.0706925368795872,0.0786604792120466,0,0,0.122351644794733,0.160912932815088,0.125792169757421,0.0417346787357175,0,0.0564318525252404,0.0162976203444212,0,0.0175039667761821,0.000342787721142189,0,0,0,0,0,0.00631210685650971,0.0192393716748167,0,0.0266218494783016,0,0.0548229602743971,0.109085085583305,0.113175824873981,0.0246912094392698,0.0104009562581857,0.0964186373400117,0.166424065987385,0.138302114721347,0.0033265707977803,0.0558689406120674,0.0802183633720133,0,0.0991929435595058,0.0402803835353148,0,0.0163333975867846,0.167406256933659,0,0.023052643727764,0.0186986962789358,0.00977041559507438,0.0245764817236799,0.0602282908490417,0.0171421415825511,4.6235291397924e-05,0,0,4.6235291397924e-05,0.0305511147790326,0.0378918591523877,0.105189209001584,0.0393119902469432,0.0196760512479417,0.0463047728310369,0.0314078949385808,0.00511316394528932,0.00162798556942612,0.0504348386426753,0.041705138331127,0,0.0051906882438782,0,0.00998509705511858,0.000439977095310038,0.00765591744923794,0.122600713520526,0.153315771452555,0.0998315974610999,0,0,0.0276455240412679,0.00923818065470585,0,0,0.0253508276351986,0.292404986329767,0,0.0536121481545423,0.0633313909259608,0,0,0.125975507207563,0.210119172957119
"1-11-23-15_03",0.334419852031917,0.104584353088631,0,0.229022106340328,0.169139045793113,0,0.199218564812792,0,0,0,0,0,0,0.251652272738908,0.155727379672901,0,0.19161221729898,0,0.266765380746233,0.272075177088887,0.397395245976069,0.14411492326689,0.260956461558879,0.0419541552349765,0,0.268788044588035,0.151646477672311,0.282841787213562,0.19250020656395,0,0.300806466897745,0.27669204500616,0,0.048254331856216,0.0320705552214873,0,0.106655827037618,0.152932609283838,0.100205265048494,0.263307189180201,0.2437079943491,0.0853989716605847,0,0,0,0,0.127529770180226,0.131821354142187,0.0385113767296236,0.138968117743132,0.102450257464752,0.0322078880764904,0.33448391066461,0.0797132642463735,0.107156540326509,0.177768222423569,0.101525044377557,0,0.108791412974577,0.0923452433631436,0.142764349936754,0.114791810443984,0.221796099060549,0.242438711885179,0.237483776544335,0.32687277137483,0,0,0.17100428523756,0.179350685384281,0,0,0.195973505038564,0.500206488846088,0,0.101116882365979,0.201423152909765,0,0,0.334685210354014,0.161701914554758,0.348759735835855,0.112530979607809,0,0.342118998708858,0.154057461852428,0,0.187202888603151,0,0,0,0,0,0,0.24590102550421,0.158510519306928,0,0.209597093097091,0,0.205863774169193,0.29788735990774,0.470154006828045,0.147711590056332,0.268009384846798,0.11590908181276,0.0917487684729064,0.286673696721326,0.18470868972753,0.284345469785172,0.216305144968175,0,0.309560280962794,0.26817124853652,0,0.0441713137060986,0.160072680382158,0,0.131678333891226,0.154366822900569,0.0608683272332525,0.249749117062677,0.250634974555559,0.0572769841048947,0,0,0,0,0.128623297454576,0.130349631307118,0.0523197020072316,0.143363153823909,0.0990299083273567,0.0400141331855447,0.329046173728254,0.0800450741465437,0.0923540176472645,0.201514827361777,0.1091498786572,0,0.121175557615399,0.11954926280578,0.239254170014179,0.064624711592537,0.25302693918656,0.258856605048506,0.242364275272915,0.324749494029777,0,0,0.157962124670853,0.108530375950338,0,0,0.189156056303945,0.509831175879143,0,0.0838069002716187,0.20157811072889,0,0,0.315419477243892,0.120847264891588
"1-11-23-15_17",0.387212820009972,0.119581093434289,0,0.471784881084692,0.219204172400554,0,0.253264451824036,0,0,0,0,0,0,0.313134925621273,0.195202984197572,0,0.294040326006551,0,0.281734398745037,0.238325808001643,0.333197427182246,0.272431860429182,0.280676545398856,0.0335748815484714,0.0423709456372773,0.304063731547883,0.239698703814634,0.421433353530036,0.321883031820518,0,0.321209473164652,0.333939048972238,0,0.0552902599639507,0.0203594719261969,0,0.0142390664311332,0.188547142208813,0.189787662143071,0.213775562425442,0.267740885416667,0.0183791993457522,0.000328834048416899,0,0,0.000328834048416899,0.152033644388256,0.149331554620449,0.0552972898688769,0.157328543167317,0.126793481957486,0.0506544674237361,0.256959424678503,0.141953780129205,0.102870316646393,0.20660309357242,0.0781314270881173,0,0.16547118252479,0.246839805056942,0.306832221670177,0.050622243261059,0.210458927590583,0.180224797200698,0.145065174165992,0.338170758485978,0,0,0.235340010803812,0.151433440683256,0,0,0.227691526389712,0.435411035832706,0,0.0845266436585901,0.206114607825833,0,0,0.320311676097514,0.183558933604206,0.402053629528,0.0788338363105402,0,0.454237009449216,0.244089026228574,0,0.24539837432604,0,0,0,0,0,0,0.316825040047638,0.187914210357772,0,0.28661089966665,0,0.238566599796642,0.266665411762558,0.410086643779631,0.270190317957676,0.271111953555891,0.036635383701993,0.113899160650349,0.316106608145986,0.238418002507879,0.405356651856159,0.264380157894375,0,0.330307458279459,0.318048253405346,0,0.058387105369302,0.145535105657805,0,0.0231693375159717,0.180856675355287,0.173188965724104,0.212174325059579,0.259787173883591,0.0172763006112187,0.0207260701266489,0,0,0.0207260701266489,0.1531576835106,0.146346645766643,0.0540897418062741,0.164234096699487,0.129307324064633,0.0172621983367064,0.270244155694322,0.127561538377495,0.0844593784573439,0.204183098308079,0.074556208116235,0,0.182745617752437,0.162235937759726,0.551051783447786,0.0653978180144324,0.171580942736025,0.252136290353952,0.21779787501293,0.309166411028325,0,0,0.227460935763418,0.139631133801478,0,0,0.220564453478595,0.473100633461725,0,0.132481751824818,0.210237815115123,0,0,0.311949283681925,0.152613665939258
"1-12-02-15_14",0.395369365614996,0.130019389418981,0,0.463012055932675,0.315958465040337,0,0.371191363936853,0,0,0,0,0,0,0.404104765048971,0.267584067003011,0,0.338098662907055,0,0.373881349722445,0.346449206465297,0.424067310803939,0.333739639451363,0.369720405556964,0.027240296474174,0,0.358154932842845,0.321455110836734,0.363329387335287,0.315897418367957,0,0.376331377695155,0.36890315763807,0,0.0789656829307358,0,0,0.21479276458874,0.261750302910548,0.211617352614016,0.345338342132448,0.3037950976105,0.162619258548192,0,0,0,0,0.208874677360109,0.21685917022137,0.128423141781905,0.22516820152432,0.196014043413029,0.0685556857864401,0.236706250261841,0.231853204310373,0.13636666407629,0.291256006786486,0.104654638388073,0,0.17076921182056,0.147383747876596,0.0913479947190988,0.293166302643146,0.216675160641199,0.329043360810879,0.310744088635204,0.441072944820721,0,0,0.245773847175764,0.26394505064628,0,0,0.312429266192561,0.526666004784394,0,0.36053878137197,0.291284866682832,0,0,0.411544377041661,0.162819859926952,0.400781941846268,0.07077083284581,0,0.477533765921041,0.284775016266899,0,0.34634266030122,0,0,0,0,0,0,0.44585100416228,0.259154943361143,0,0.340661951997871,0,0.328838410891356,0.341685186866178,0.479514746757258,0.339894230241367,0.365045672578687,0.0252234618646832,0,0.378780265582371,0.297077564473888,0.356624316133634,0.321573421230709,0,0.382854348164496,0.352648954123786,0,0.0852698185798999,0,0,0.179170110010084,0.252138918501341,0.203801098653543,0.3362943411965,0.29102650060453,0.131692673426773,0,0,0,0,0.231401426361259,0.233163765110717,0.204767173612768,0.246828536928179,0.174372585193725,0.0509211411815604,0.230318994772081,0.210473447732763,0.124450051155425,0.299524304280279,0.178895909116567,0,0.22320964808961,0.245740305369229,0.26911789967934,0.166527740084519,0.263066456508931,0.383390135846009,0.328446413409888,0.440797011671992,0,0,0.243850980747687,0.209718424119061,0,0,0.2945838144274,0.552000229151897,0,0.366830340967303,0.279030141702778,0,0,0.393045997648714,0.136743742866725
"1-12-07-15_08",0.379554204855859,0.157561047580851,0,0.442402135341512,0.309786985787433,0,0.300968423598972,0,0,0,0,0,0,0.400728458380864,0.261699625919496,0,0.351473398489351,0,0.334140887731315,0.305591773411922,0.368004357697971,0.308847530226586,0.293059348831864,0.0558059765071428,0,0.366085418317251,0.297545907764289,0.335260593715131,0.300541774981172,0,0.342350349518176,0.368469401300943,0,0.0891622878613359,0.000280938334035679,0,0.158034618055657,0.254756595122395,0.192591999038442,0.37643777082971,0.388185128729507,0.0890325122591487,0,0,0,0,0.18958345789995,0.205054120070597,0.134482543092472,0.221420514687667,0.142749126847267,0.0580406632369506,0.197792766968548,0.182270272166257,0.175534058375076,0.180511507976563,0.13873613469668,0,0.125540231316407,0.0654379974070264,0.224991788357395,0.108668617822645,0.541315606400247,0.256394439742358,0.159217635691742,0.465051281847577,0,0,0.277842781678965,0.242749116277937,0,0,0.262293169191147,0.445437365105752,0,0.232565144018887,0.290492438368083,0,0,0.410234899757995,0.152481856730529,0.406282180500599,0.125037604514616,0,0.46311876955499,0.291239886043879,0,0.30096016752807,0,0,0,0,0,0,0.398693316472901,0.239463161220995,0,0.347917090334797,0,0.280589790821995,0.337370340932524,0.47890578357024,0.31342504985264,0.273079482011551,0.0890379387779222,0.0881741995559057,0.374392188365954,0.258872819100092,0.331486000651541,0.278264137595614,0,0.358225699051693,0.360436360929173,0,0.0945888630274461,0.0812960580184817,0,0.189997138649861,0.231056083262167,0.139826838379143,0.382473013166744,0.368683468447135,0.0881254890879054,0,0,0,0,0.214838546346077,0.219787691702095,0.1572219954646,0.242392346706533,0.133231015498289,0.0607746586121123,0.195950474234796,0.180130349539685,0.19466488719923,0.201239593788393,0.204715823462589,0,0.193667811284503,0.120671974972824,0.385412691829117,0.141006158033823,0.508082797577019,0.390282395464014,0.25614030503082,0.464546508114139,0,0,0.287979089661172,0.20689946039456,0,0,0.263618149274557,0.470977686794072,0,0.296779873542673,0.290184057072769,0,0,0.412818335655387,0.0782348596418421
"1-12-09-15_12",0.39408432260928,0.168623716063076,0,0.481629750111785,0.263610465069491,0,0.285644258655391,0,0,0,0,0,0,0.397198200382553,0.244012301696243,0,0.350620350923771,0,0.370264622158773,0.327675243554482,0.437803983479245,0.360896681463085,0.249032022680306,0.100330084470435,0.0114688346883469,0.357355406983573,0.339267240937817,0.453400517509558,0.45179383923435,0,0.360956706962023,0.375868241043574,0,0.0824255504655142,0.204417723173441,0,0.20005882516163,0.236613285534901,0.133059543543475,0.350161236282233,0.348005765740646,0.154996180625125,0,0,0,0,0.208770968390143,0.203928851089078,0.0739760797687389,0.214340873686873,0.190675822618024,0.0751098381102204,0.341550919060449,0.218941682696878,0.153974056336396,0.219784907288501,0.121102947526564,0.244126659856997,0.23205010663459,0.0950764812820602,0.285440576096782,0.508200124558854,0.493999146002989,0.458031135651239,0.240551810123375,0.379997159936166,0,0.213080168776371,0.226844886304346,0.234505981249701,0,0,0.264175369199311,0.537383432100876,0.0389117967676193,0.160725440386457,0.25733916738302,0,0,0.325663896880678,0.225593083375812,0.394524815202876,0.156490325851751,0,0.480922269300181,0.267798546574504,0,0.286443448361949,0,0,0,0,0,0,0.420294650594816,0.232623961928,0,0.346791901213588,0,0.28632373186217,0.345955494736187,0.568012353342376,0.351465352235022,0.21103368709316,0.14415151857288,0.0554822550707785,0.338048081662459,0.304918842697901,0.462070874347291,0.470124288589754,0,0.369572879263374,0.419831058597563,0,0.0851973437305013,0.236481481481481,0,0.218144495654515,0.224604184609281,0.101300262583441,0.354434898354308,0.382713936502154,0.162019566019935,0,0,0,0,0.228973350718035,0.207285511473074,0.102036147334706,0.238192021531932,0.0712712238302437,0.0428097395706754,0.332896826062071,0.207072923589769,0.133581680442724,0.244839960003069,0.168861758324242,0.219649680323838,0.319422402424996,0.158674048496482,0.512022280493549,0.23533290016817,0.474304025094306,0.500434414605299,0.286386439124957,0.372720169892303,0,0.49789029535865,0.263809441031129,0.234929941393874,0,0,0.271343621314202,0.55089799590735,0.0574388180430028,0.13082143835408,0.261252026157866,0,0,0.32257831028673,0.172616556490244
"1-12-14-15_04",0.445164635219455,0.324220566115137,0,0.422169094859587,0.240420887779572,0,0.28655976032967,0,0,0,0,0,0,0.285807401499931,0.208064069386216,0,0.272673426606111,0,0.400478879939226,0.346900361886341,0.437548151221047,0.271331813943393,0.207546441530699,0.0446939146926695,0.0639739387640899,0.356389036673214,0,0.416633721909581,0.401594842740292,0,0.394098347226531,0.444075286757373,0,0.0651891542822746,0.103373231773667,0,0.179736476328256,0.203332356112096,0.0911489585787337,0.332755090615353,0.262223345925906,0.0732263937269743,0,0,0,0,0.187401775964611,0.190697109165301,0.0957931823193653,0.210656827664043,0.102567521468164,0.0514830604069914,0.367915003097131,0.172614960450648,0.159485393779143,0.261590326162112,0.318185361014667,0.251176643624062,0.171618761650594,0.0901309309043419,0.146018364738972,0.285176876253846,0.187225844184886,0.37852946557437,0.284370380325225,0.27390404164348,0,0,0.240379881592069,0.203132904645742,0,0,0.268019028524478,0.552087000367254,0,0.266760924268951,0.259341274070405,0,0,0.36938173837103,0.189037314685484,0.444383948231775,0.219800984895721,0,0.433927582373867,0.209929812884781,0,0.276981452086819,0,0,0,0,0,0,0.289469982208614,0.208238129905664,0,0.273490056303828,0,0.311490515401596,0.385464430806228,0.621986900735491,0.273218298030148,0.19141375699397,0.109068484182469,0.395096268229281,0.358693439531233,0,0.402778611860833,0.3560179498717,0,0.396882572656893,0.428329178126009,0,0.0593369989926255,0.0499537465309898,0,0.220956294053125,0.203557312373753,0.101255383983107,0.34683486526627,0.302072208966214,0.0943950793812912,0,0,0,0,0.206610599794202,0.193183136085036,0.116868631435309,0.216340558516557,0.0838878537023671,0.0290072587532024,0.383080577760609,0.160911004225393,0.162170432952479,0.258866029646708,0.301156066017911,0.31965378301746,0.277067102188811,0.117576130639582,0.446973118533566,0.37743173040221,0.16542451997568,0.345843818308094,0.276973172279219,0.293000347170008,0,0,0.260458739754427,0.173074695921843,0,0,0.265383273602521,0.567848406527003,0,0.189792386541879,0.251889249576513,0,0,0.355367559849763,0.158767576066379
"1-12-14-15_19",0.426318181232786,0.14918455629253,0,0.388238784790531,0.19975286150538,0,0.302856389918682,0,0,0,0,0,0,0.240173777613837,0.188907638864655,0,0.258878303521869,0,0.465005740604989,0.470275553624848,0.515996980497166,0.223747808826562,0.207550408460976,0.116692865048878,0.368104514016506,0.362789346938303,0.257903815302221,0.320675200265408,0.365388958847062,0,0.367799345963187,0.378420002586857,0,0.0595765740000679,0.0372750642673522,0,0.135373974625229,0.183906231593436,0.153190813557862,0.274762296922962,0.273490634309482,0.0846096667920823,0,0,0,0,0.15761536508584,0.166330769273997,0.0975012192672921,0.17162251145035,0.163067782166637,0.073565831969528,0.302535064804753,0.180756014082519,0.107085581634371,0.177494459264093,0.179619041104551,0.535497431106959,0.119152288581843,0.063285251608669,0.139191809550373,0.166982561075077,0.410789238285282,0.293638854993899,0.156946240889763,0.350652700662638,0,0,0.226874261134547,0.172247446387222,0,0,0.246328383382593,0.505147120465889,0.000553403431101273,0.14411817792117,0.223994917250421,0,0,0.32259570143411,0.225152749351983,0.429811045946879,0.127184298529646,0,0.402715191214278,0.195801196894266,0,0.296151193786968,0,0,0,0,0,0,0.250929278041066,0.187791670677983,0,0.258936966812041,0,0.45556661546879,0.513019541623637,0.597631933631981,0.221882362911276,0.218619005221744,0.184940090388945,0.375048955032577,0.375431159747932,0.265703344536889,0.323268611182391,0.347799460933264,0,0.382782893423587,0.382392751299324,0,0.0515774211387408,0.0887190178364605,0,0.227358156610721,0.182281077048847,0.135558824330582,0.290240527896467,0.257229487932169,0.0769322189848183,0,0,0,0,0.181857477066544,0.172315023400108,0.0690549310464712,0.188712992933226,0.1226858644876,0.0171173196098979,0.28939934828561,0.166397105306368,0.0867547284271914,0.167501454759973,0.201060047691307,0.295898073337477,0.224892788746798,0.147700715354382,0.36582674540949,0.149131343070385,0.381842174716284,0.360966612763912,0.184415429076331,0.274990539399761,0,0,0.19837380967032,0.144946274769757,0,0,0.230377932698214,0.510274508736225,0.0024466256953951,0.0964644876427137,0.215378833984271,0,0,0.27961828782557,0.176037038343635
"1-12-18-15_08",0.344068750270509,0.121938752606728,0,0.29526315560814,0.0943351548943507,0,0.131204572737527,0,0,0,0,0,0,0.14190783753571,0.0970537474987522,0,0.155902141555496,0,0.20506587050304,0.273463541079947,0.345601009604353,0.130721257986545,0.110786148110375,0.0257876180956643,0.142440760087819,0.270338160174327,0.103651567105817,0.218729187761621,0.173266888385947,0,0.321997480520366,0.294765653887431,0,0.0371282681242848,0.101913566974844,0,0.050460967759533,0.091975681094061,0.0577849004597403,0.142547960363921,0.222294685990338,0.04973523255577,0,0,0,0,0.148025885431268,0.148710253166907,0.214928684518719,0.144880925165349,0.0612023072240848,0.0507174008991824,0.257328108771192,0.0842246186634238,0.0335795803562769,0.117926361244109,0,0,0.109418512557165,0,0,0,0.140111211400486,0.363246339343422,0.339718758029132,0.25657178988102,0,0,0.123045266314165,0.073293994386544,0,0,0.132295083976237,0.49958189542269,0,0.0279604314471939,0.151322586887886,0,0,0.253131779467152,0.231039925494987,0.34825544781353,0.0914110117551362,0,0.311285957785919,0.0939046236423087,0,0.119200525335167,0,0,0,0,0,0,0.143675532755195,0.101098375672957,0,0.157491221468906,0,0.199578690540869,0.262387889845281,0.364046800946224,0.129630308611754,0.0889997583470941,0.0577748085228222,0.116166666666667,0.283437283371817,0.184608120868744,0.203563108585986,0.146276502874485,0,0.323764930537217,0.302951628522477,0,0.0300437234261786,0.143532836092414,0,0.0553686529929971,0.0960532782554984,0.0827502121987288,0.138200092486104,0.228565062872917,0.0521420797467102,0,0,0,0,0.138853130342732,0.140376564367627,0.246145431278251,0.145966836604302,0.0420061444214879,0.0501169347021774,0.260262714926544,0.0799970316289589,0.0290802912192858,0.123190054758742,0,0,0.0398707843769229,0,0,0,0.106529041675219,0.354331525290134,0.342612400731695,0.266161279022888,0,0,0.124320227571405,0.0626397162123694,0,0,0.126393423827977,0.498920435881392,0,0.0370130455816394,0.146315816524826,0,0,0.223921215560609,0.214985278151659
"1-5-12-15_02",0.181939805324924,0.055745123912416,0,0.180186346197548,0.203912710662701,0,0.0611863131728943,0,0,0,0,0,0,0.046613825719176,0.0952455963054942,0,0.126073806969427,0,0.163414116972048,0.190993388514974,0.20711148468669,0.0636174732970377,0.100005396677374,0.0214650470929302,0,0.177222302712705,0.0633410035699743,0.255273476762967,0.189155352590507,0,0.15223845653575,0.110801747083008,0,0.0199199415486996,0,0,0.0350998353153673,0.0925846374613561,0.0433488401708007,0.139102887853718,0.140660640952978,0.056559324477655,0,0,0,0,0.0534333899107128,0.0646719601585535,0.0251778140029034,0.0744458501229864,0.0534426655455205,0.0233618025868434,0.0607221651583573,0.0410083869091663,0.0170144723994241,0.06889858500599,0.0731540759709774,0,0.0233641386223848,0.026798135322589,3.45817339281392e-05,0.0227260508177507,0.23839068474105,0.0618746416615806,0.0682055736305151,0.251000086818889,0,0,0.107916792405704,0.0564956403520928,0,0,0.0654375886642748,0.408834775894421,0,0.131513022338833,0.134292234794609,0,0,0.190598334331942,0.100589653276624,0.198263897108806,0.037431659132584,0,0.189105289755145,0.183950223356733,0,0.0598928937548694,0,0,0,0,0,0,0.0594833684100217,0.0879108798951466,0,0.127142690207576,0,0.136971919267895,0.223446583608668,0.33328863431735,0.0724544202005244,0.0964454975324958,0.0340026492396878,0.0009976233091752,0.183504426964524,0.0730246368905308,0.276543507040558,0.150598133494729,0,0.163502526676283,0.0882287025190806,0,0.0230587672383203,0.0242103969521937,0,0.0353240590137584,0.0843497569283572,0.0414276429197163,0.169894859338845,0.135532438579749,0.0649747118659299,0,0,0,0,0.0601627658320588,0.0734401522254902,0.00943148731931584,0.0758955756564373,0.052863445122792,0.0221709032755902,0.0529811191247631,0.037969051294011,0.0159762342672739,0.0794732958529073,0.0876200194814231,0,0.0258229104524542,0.0305331404084813,5.61078017898389e-05,0.0178162469937953,0.18303805502663,0.068191186573756,0.101139124924532,0.282453573250165,0,0,0.0902614982299156,0.0446909865504572,0,0,0.0645690772522948,0.462611702309083,0,0.12918643594753,0.136886001450758,0,0,0.168321765163884,0.0953381136206787
"1-5-12-15_05",0.26361575417476,0.190993758866741,0,0.2803072501144,0.13664614468243,0,0.165460519988096,0,0,0,0,0,0,0.331217332905072,0.149100032532271,0,0.215210279713028,0,0.271170899087776,0.270902280146345,0.302650335251571,0.206094088125203,0.168135860004577,0.0208103577572897,5.56808374397951e-05,0.262949366030186,0.190327475862676,0.3584146384765,0.323568929369545,0,0.242281095557414,0.292601565616457,0,0.0441097429011918,0,0,0.171851599001557,0.143433379850755,0.0595846308291398,0.312537707108631,0.195959568971364,0.0391075699615956,0,0,0,0,0.114242904615058,0.102715274049092,0.029773364255845,0.108304573104868,0.0713261137153428,0.0805528479078209,0.208423051346144,0.115916499224416,0.062124693778249,0.105524089239833,0.0437988951660552,0.102394321432355,0.171223831087644,0.0645992781098658,0.223427608155602,0.277085084076743,0.199784361522595,0.313422023182297,0.127310283668768,0.399945986820784,0,0,0.145118801321014,0.0921600073342955,0,0,0.142114121780764,0.346047338657961,0.00818590937306021,0.114185169343236,0.223420139599088,0,0,0.346895236906114,0.104252999018485,0.276828748101599,0.166622559602572,0,0.280053596160308,0.149131944444444,0,0.171674897454296,0,0,0,0,0,0,0.319244008295384,0.143874652453139,0,0.214308664267744,0,0.232745870567618,0.2871401263771,0.414594216487327,0.191914446808772,0.136546180408024,0.0340191710245553,0.045919192572704,0.263212642987732,0.165132532676465,0.364477720091278,0.319714192661789,0,0.2442132224533,0.285745612268553,0,0.0562641680940043,0,0,0.172218542266994,0.137704666063055,0.0515515756637781,0.307358629817974,0.219133519351797,0.0483679801372761,0,0,0,0,0.121496934357892,0.110297128962933,0.0426611656050267,0.121582585864889,0.0694136432841918,0.0841270557448057,0.205482566805706,0.0973215710282364,0.0483133710063655,0.119671319000337,0.0553990896219952,0.173643410852713,0.172034248716682,0.0766430136174159,0.248595557239348,0.21696085030289,0.269561795598785,0.299184185197419,0.0906984288826065,0.455670574404859,0,0,0.143077873918418,0.0943751059935783,0,0,0.147814940677315,0.373766543047884,0.000480252475587166,0.122042652449184,0.219351924926418,0,0,0.30099212038492,0.122089629089749
"1-5-12-15_27",0.152247064664372,0.0434623339158838,0,0.0831458398386403,0.0767359955331737,0,0.0496648829154919,0,0,0,0,0,0,0.0298338264163464,0.050771118422982,0,0.0729516905009728,0,0.122129190393457,0.0970826596525651,0.10175978715814,0.0487157690955866,0.0709353759524299,0.00125763431977104,0.00352151425112799,0.136726290459884,0.0223591046845059,0.0935052266536603,0.0739034433371129,0,0.129484857255282,0.115735229914437,0,0.00842531819853085,0.0221740415886469,0,0.0179362708095799,0.0491613217943032,0.0194365763941402,0.072940920443749,0.116764192621864,0.0181443228143697,0,0,0,0,0.0366097723739892,0.0416600204644768,0.0154577693200576,0.0401943841585776,0.0668797196705346,0.00435029036004646,0.0240307589248332,0.0178928371614086,0.0117412696818831,0.0670470825648513,0.0244018667752487,0,0.0191544388712099,0.0226473550396266,0.000282337189812354,0.0352392363979014,0.0611804370618588,0.141407245238113,0.217480847003873,0.0952863912968336,0,0,0.0746651023957878,0.0221035429578514,0,0,0.0513950527402143,0.33018436472774,0,0.0852751611303917,0.0685701628329181,0,0,0.142553104172822,0.13432039830456,0.16169584506902,0.0313391178803971,0,0.117103802866357,0.0608488051364068,0,0.0399366439315852,0,0,0,0,0,0,0.0244962627321494,0.0454851727940417,0,0.0591840094538414,0,0.0657238575045393,0.16681479582143,0.149294066807273,0.0362098748325712,0.0577415530719188,0.0210990767624702,0.0387929506045885,0.139494833053688,0.0213822150034102,0.087051519096087,0.101525858295291,0,0.141941971562626,0.0922047933017816,0,0.00785254739953951,0.0953147979550389,0,0.0247996061463361,0.0443372342089811,0.00725715272324238,0.0557749130031729,0.105260502133813,0.0100869618165111,0.0617355853232382,0,0,0.0617355853232382,0.0425705496514756,0.0428807749924383,0.0194612701690609,0.0447239565961788,0.0402477881948348,0.00477694033394867,0.0271795721820585,0.0165206588700691,0.00973988617332476,0.067680379418384,0.0423523430636038,0,0.0415209972181696,0.030060015821061,0.0327289640100314,0.0373559762936059,0.0475834784310897,0.209994859786396,0.219861308390746,0.109218440070833,0,0,0.0712839577535251,0.0204697735617114,0,0,0.0461922860192227,0.367073585120639,0,0.0678524872797611,0.0663853481929715,0,0,0.126812106252299,0.118468302231921
"1-5-12-15_36",0.142138363717305,0.0539413709359036,0,0.04118359664404,0.0296732267986402,0,0.0222987986409681,0,0,0,0,0,0,0.00497026142284107,0.031350698765517,0,0.0268967247613866,0,0.108847784456326,0.112506090375996,0.0982281725219476,0.0113418688465413,0.0315627777814763,0.0635848533483285,0.0334362139917695,0.145606340136926,0.00860696865737823,0.081883109323846,0.165791659042606,0,0.136095564031762,0.222661494179145,0,0.0329385966015255,0,0,0.0247202935814476,0.0317643060747501,0.00693510927412955,0.0499291480124519,0.101572396459704,0.00585045364480133,0,0,0,0,0.0463937396643418,0.0406140698499139,0.0055573548252113,0.0410082762537093,0.0359766368091242,0.0396864094318225,0.0156702683988994,0.0101949800453454,0.00347043996662184,0.0313007932803531,0.134623527970743,0.165241874604697,0.0665589639151231,0.0381401696234961,0.000286337704513987,0.167890078701563,0.107601090500067,0.0870667809357753,0.0875537791807744,0.209476941094992,0,0,0.0359489783755638,0.021435657547074,0,0,0.0270236968627054,0.310258508247359,0.00977038397368958,0.057533785408551,0.0724854398264756,0,0,0.103406742965231,0.127447647170374,0.150609601771566,0.0276470779996957,0,0.0578505109921167,0.0208395220742468,0,0.0167727235080885,0,0,0,0,0,0,0.00392538747581642,0.0265993033443473,0,0.0276097039148306,0,0.0749958913085702,0.128281615162082,0.159607412892033,0.0101442255946615,0.0357990812512285,0.089824442497479,0.111583495957625,0.158559568579463,0.00876665020152503,0.112290917059446,0.157545236468775,0,0.14487681286398,0.192559987351608,0,0.0265614353780748,0,0,0.0161490665350177,0.0265029157054381,0.00656031159021166,0.0528095228080506,0.0945722147120062,0.00541167209972877,0,0,0,0,0.0577233358352544,0.0432670422683881,0.0531841235433574,0.0426762207105372,0.0346693625594559,0.0142158632633453,0.0159920708325626,0.0100321998121389,0.00365277327684804,0.0412120400626759,0.154044736631123,0.298222206195233,0.146198846806511,0.107192023563879,0.189299861900959,0.177867998354409,0.0859605167587507,0.0956403477201628,0.130045396105092,0.151325357999,0,0,0.0452426549507625,0.0158824750413467,0,0,0.0262956553411454,0.32333999836572,0.0036401728427393,0.067295775260377,0.0656456320240328,0,0,0.0772870153945353,0.124576436014243
"1-5-12-15_41",0.212043721682019,0.0870523588353579,0,0.156967838602589,0.0723426985012048,0,0.0846711925399749,0,0,0,0,0,0,0.0352912863355852,0.0860821811053787,0,0.0781226767183698,0,0.185152834251704,0.213047998367522,0.194679150078863,0.0635145149270819,0.129435289442413,0.1098331641933,0.0981643790309244,0.184621309928427,0.116619926980264,0.202491238174169,0.174946295570365,0,0.198789630477461,0.261196506239704,0,0.0239289823425906,0.216425361957064,0,0.11357447105649,0.0867193250372727,0.0332954562671394,0.168145288561925,0.139191064172144,0.0363928224956554,0,0,0,0,0.0758506470865722,0.0730992363947328,0.0327670790126782,0.0784928567281576,0.0569735702680722,0.00614765262744047,0.176416677654658,0.0405304359584047,0.0157353107005272,0.110280476833891,0.163185576320508,0,0.0869625660455816,0.0333821527833896,0.109613507890037,0.122759315566259,0.0314749932622339,0.195999904361132,0.0707937465007106,0.178729353974075,0,0,0.0751756555855083,0.0472348404360246,0,0,0.0904484188998551,0.3341634582582,0,0.0434283334700393,0.128030117134536,0,0,0.203620081351734,0.133110447713896,0.216577491149331,0.060688855770823,0,0.14225805944166,0.0669716355074564,0,0.0830188647624363,0,0,0,0,0,0,0.0450519476539275,0.0756485801081842,0,0.0751169848110464,0,0.122071662173812,0.201597632960315,0.292302403575183,0.0557107090162861,0.135540221125988,0.134741253367526,0.282712588439461,0.204630905315243,0.122723913189545,0.214492150100193,0.189492720386848,0,0.203014148072525,0.268548919363456,0,0.0243990506204019,0.106744082179544,0,0.165397267527682,0.075691233317613,0.0351398378814243,0.17518880415101,0.145222581319575,0.0485505087054617,0,0,0,0,0.0853574803847329,0.0763549439137669,0.0389308829557045,0.0792668715194618,0.0506518517592182,0.0117732852229042,0.154377656703326,0.0366960724202647,0.0146792941433244,0.105208767084933,0.172913560276023,0,0.126685482436096,0.0517985348684861,0.312980051942311,0.11644286944701,0.0438188685992714,0.240605327947399,0.0954904555503609,0.203853091585309,0,0,0.0672884270740935,0.0364929580973032,0,0,0.0874213140935651,0.342284378016597,0,0.0441795029662065,0.136862593823242,0,0,0.218433101827319,0.107688219682285
"1-5-22-15_10",0.194439808089578,0.104313460988561,0,0.113439221397107,0.0554580228110358,0,0.0521785184312569,0,0,0,0,0,0,0.0423452768729642,0.0792497662636213,0,0.0686787496316872,0,0.156857888483256,0.188753182199542,0.163344235384826,0.040941757837093,0.0995399111498262,0.0373955383997414,0.000712597982222556,0.184709834571484,0.0179886875264009,0.177028029217844,0.183841618686716,0,0.174359383840313,0.176460354560039,0,0.0236286433928625,0.0556903819133989,0,0.114841772290737,0.0799452104125061,0.0156367634041776,0.137521628254291,0.15172546346966,0.0376143640976743,0,0,0,0,0.0609238226300591,0.055783783283246,0.0138063494742256,0.0642071257413087,0.0428956062756273,0.0588208943235111,0.137746448847062,0.0331751561228065,0.013344264346471,0.0745649733166626,0.0653234504968927,0,0.0826592607602801,0.0180405417042212,0.161159765140927,0.0989325286010269,0.161404463799673,0.172982670896544,0.124312624215817,0.251963268029145,0,0,0.0915767100581988,0.0256099643987042,0,0,0.0656051460041803,0.342853914661704,0.000867450877308274,0.0151525694069035,0.127944787092567,0,0,0.187588001157752,0.13251194602657,0.191286727395454,0.0880081451783841,0,0.108839004889329,0.0635407595597419,0,0.0477108640058224,0,0,0,0,0,0,0.0416353102789225,0.0678998571771838,0,0.0665652396445174,0,0.121231146738818,0.206493055579523,0.258493261799571,0.0380952077200391,0.0984572816408527,0.044936051018251,0.0243831045282908,0.186052309331131,0.0281207133058985,0.160026798896961,0.197418053971387,0,0.183693844114583,0.186837649552898,0,0.0294615734310222,0.0964212198909393,0,0.127204473710745,0.0679873430592066,0.0188593584772647,0.144311120896326,0.169315195012603,0.0437511079595816,0,0,0,0,0.0658406480939838,0.0576909963869598,0.0154430120976614,0.0643745880167082,0.0463543622553006,0.0130046436437414,0.12317012627423,0.0293850999192464,0.0146511635229037,0.0848322277163894,0.0787926124186804,0,0.109769599874736,0.0387872196664929,0.250899134350653,0.0547883935627871,0.202200220022002,0.17648900157855,0.151209935976482,0.255879190950203,0,0,0.0974532410747795,0.0432544015779672,0,0,0.068660044587764,0.358458576866312,0.000191189122809598,0.0231148468439344,0.123037988828383,0,0,0.181014275715007,0.12145798085489
"1-6-4-15_04",0.132263301584202,0.0253798205878139,0,0.119133902267249,0.0744775138747152,0,0.0356902314264818,0,0,0,0,0,0,0.0262992637987628,0.0454953029708354,0,0.0645696674646331,0,0.073069412819226,0.101841234378558,0.103351874593657,0.0319761209990441,0.0453399680183248,0.00644557547052701,0.000116877045348294,0.147468534024379,0.0419290853067562,0.130730962080852,0.102229703754616,0,0.115794378914736,0.037516595969347,0,0.0121078972183742,0.000425034534055892,0,0.0407006885917103,0.044124251742608,0.0312781003341511,0.0645395429157335,0.0884662537867103,0.0213378658284709,0,0,0,0,0.0522851227299515,0.0552440565094236,0.00992120812561267,0.0637371525788906,0.0491972400347863,0.0622248630549905,0.0235356225524629,0.0158234436597632,0.00293343669984897,0.0531248024221437,0.0161698356974235,0,0.044415020260011,0.0171772035738777,0.061207167753209,0.0656775672026381,0.0370569235979745,0.0723683644034959,0.190896182622467,0.185578386359368,0,0.00856072766185126,0.0590965321583004,0.0240147260684549,0,0,0.0395192390635728,0.335916047561453,0,0.0782955362394615,0.0850701624436716,0,0,0.1465696037795,0.147406055581233,0.131161512390743,0.0159510402459469,0,0.138830872947988,0.060426859855159,0,0.0281978521497202,0,0,0,0,0,0,0.0297656418377578,0.0453374965639627,0,0.0605588096801004,0,0.0535847983575381,0.108747687858697,0.122403034251873,0.0234509913118242,0.0453511400985135,0.0117774737929398,0.0180843269166722,0.162745362550577,0.0330876561457841,0.108371463646002,0.0460823975162717,0,0.113380160900893,0.0408358942839582,0,0.0111475277672697,0,0,0.0326395624685933,0.0441759343708673,0.0217331226763861,0.0562438824824886,0.0874528557938604,0.0158178723570436,0,0,0,0,0.0589839453625464,0.0624713911423113,0.0190027574077031,0.0725309981752667,0.0509533703750418,0.0636494271529915,0.0217447197074817,0.0173799195927181,0.00329044997244078,0.0631510104654165,0.0209094186988822,0,0.0509134699331959,0.0405885801804389,0.115038242920879,0.0385678264659326,0.0448521536174272,0.0604992591927446,0.189245045787965,0.159200298944384,0,0,0.0540732149489176,0.0226223996868057,0,0,0.0377426018132317,0.327890088386353,0,0.0916671439207376,0.077081610914833,0,0,0.126407751742626,0.159379626761615
"1-9-02-15_04",0.196739018453644,0.0376319255572091,0,0.135009781178185,0.104670807977374,0,0.035410565817415,0.021723927157387,0,0,0,0,0,0.00563078370889319,0.0473218039039532,0,0.0751410449533559,0,0.0965457905742923,0.138910188736129,0.159524675789175,0.0230471779152317,0.0279148208717476,0.0609051127496936,0.0445340243785392,0.153984752202759,0.0317177576543221,0.145794611896506,0.253989525053882,0,0.140089910652844,0.0617726933353754,0,0.0241392454846373,0.0963232477977786,0,0.0173326941963242,0.0452662220197959,0.0117663824247606,0.108615708860989,0.155233639193177,0.00570656499891828,8.95956994064285e-05,0,0,8.95956994064285e-05,0.0508189059373365,0.0426912190787885,0.0535520150695952,0.0425220276282032,0.042570799487016,0.000474738495556894,0.04140697681489,0.0258679758424436,0.00630420612013054,0.0759976941361039,0.0241414415290091,0.377237444599525,0.0728597558663324,0.0663365404530135,0.0801928803894682,0.0559922113185599,0.0744425797170942,0.103480234050613,0.206941287688316,0.269317734132711,0,0,0.108600044301021,0.0324152164689933,0,0,0.0512374000717718,0.303815399479673,0,0.022174240600219,0.105520944900195,0,0,0.137160635268861,0.0969095106245564,0.193807337882741,0.0381172428648069,0,0.134447283572258,0.0769583502561348,0,0.0296134129088598,0.278145461812454,0,0,0,0,0,0.0129524871754716,0.0427653249702889,0,0.068223231248614,0,0.0603066650543993,0.154730236189298,0.243164335220493,0.0229316057793744,0.0338460440086935,0.100799075460434,0.0966799005279002,0.161859966834632,0.0754723647206795,0.140747800383983,0.14687744880924,0,0.145197827365442,0.0778125285260907,0,0.0151838799266945,0.148325358851675,0,0.00788912643891849,0.0404771790044728,0.0106992918310273,0.0868830663760435,0.147484379029553,0.000993967546602061,0.00444251710513636,0,0,0.00444251710513636,0.0552232153695413,0.0431956384045187,0.0337420213316387,0.0436117778608355,0.0455385171708497,0.00567567094413613,0.0381973764516048,0.0184487805040572,0.00982604656098075,0.0827271117557682,0.0230172496868074,0.0592216582064298,0.0866743884821218,0.0779594773951115,0.10324309008974,0.0575448430870482,0.149276466108149,0.0850053105585544,0.229019172246763,0.235553996947792,0,0,0.0973817034700315,0.0352026816247224,0,0,0.0495521586424878,0.311964483878235,0,0.0262563178549069,0.0951269042191193,0,0,0.12829200539421,0.121439423037353
"1-9-23-15_06",0.218474215168793,0.0546870369272716,0,0.161727488319411,0.157257545737591,0,0.0324233057877948,0,0,0,0,0,0,0.0356094375806559,0.0684186431783829,0,0.100240044658847,0,0.178799016550665,0.179869162135457,0.195725987861296,0.0574187421377393,0.0647999673859868,0.00601913451181651,0.0106360004319188,0.196619083488241,0.00304006055304285,0.262862056336683,0.287282250977825,0,0.218757225002659,0.171868887352068,0,0.0265745598269793,0.0187303165920769,0,0.0224215642951834,0.0661824826530267,0.0137934751514297,0.119528397977303,0.289032938318014,0.0414714046503265,0,0,0,0,0.0962343656231128,0.0787432135399044,0.0481599957466793,0.0799631253591923,0.0584265936157282,0.028765744821125,0.0405745449425717,0.0407525189687152,0.0190224918287075,0.0763832934438996,0,0.121595551520654,0.221114139653498,0.125187980238071,0.305028499894445,0,0.0763031327180554,0.220299498396002,0.225856797497156,0.303295029883478,0,0,0.0953915501661907,0.0516815388802154,0,0,0.0592478384301403,0.447172623544728,0,0.0596019511020113,0.13192252631876,0,0,0.181838509885107,0.141296774514629,0.210140614482819,0.0223340374145879,0,0.171918512217598,0.141496355018734,0,0.0340929232426075,0,0,0,0,0,0,0.0393205442067665,0.0610822517256642,0,0.0989145618277679,0,0.128099893042808,0.186965358165008,0.311564972890887,0.0572446901367472,0.0597924416674111,0.00795276351517759,0.0598361793697071,0.217626586695795,0.0123911924634698,0.257976848772449,0.289542354275019,0,0.217978827227633,0.182499107884152,0,0.0236245989547533,0,0,0.0175594235673387,0.058281202827482,0.0135015797633299,0.0954386392489096,0.272289976616584,0.0360971312249112,0,0,0,0,0.099439327683485,0.0819497217994739,0.0789136314144217,0.0823109641483333,0.0527113988969526,0.0145817274994332,0.0511672227405147,0.0389454752105583,0.0192649312968741,0.0907098848340791,0,0.201876939086197,0.203205136274942,0.0708558965762382,0.343508070582672,0,0.0751834250458563,0.15053146790945,0.23464345110817,0.261509016023215,0,0,0.104022045950426,0.0347650451239435,0,0,0.0618301902615247,0.461428587294178,0,0.0635488216608179,0.113700406631353,0,0,0.14475877468864,0.112588340347294
