"Brain.ID","Ammon's horn_RG_AB1-42","Anterior group of the dorsal thalamus_RG_AB1-42","Basic cell groups and regions_RG_AB1-42","Basolateral amygdalar nucleus_RG_AB1-42","Basomedial amygdalar nucleus_RG_AB1-42","Brain stem_RG_AB1-42","Caudoputamen_RG_AB1-42","Cerebellar cortex_RG_AB1-42","Cerebellar nuclei_RG_AB1-42","Cerebellum_RG_AB1-42","Cerebral cortex_RG_AB1-42","Cerebral nuclei_RG_AB1-42","Cerebrum_RG_AB1-42","Claustrum_RG_AB1-42","Cortex_RG_AB1-42","Cortical plate_RG_AB1-42","Cortical subplate_RG_AB1-42","Dentate gyrus_RG_AB1-42","Dentate gyrus, granule cell layer_RG_AB1-42","Dentate gyrus, molecular layer_RG_AB1-42","Dentate gyrus, polymorph layer_RG_AB1-42","Endopiriform nucleus_RG_AB1-42","Entorhinal area_RG_AB1-42","Epithalamus_RG_AB1-42","Fasciola cinerea_RG_AB1-42","fiber tracts_RG_AB1-42","Fundus of striatum_RG_AB1-42","Geniculate group, dorsal thalamus_RG_AB1-42","Geniculate group, ventral thalamus_RG_AB1-42","Hindbrain_RG_AB1-42","Hippo_RG_AB1-42","Hippocampal formation_RG_AB1-42","Hippocampal region_RG_AB1-42","Hypothalamus_RG_AB1-42","Induseum griseum_RG_AB1-42","Interbrain_RG_AB1-42","Intralaminar nuclei of the dorsal thalamus_RG_AB1-42","Isocortex_RG_AB1-42","Lateral amygdalar nucleus_RG_AB1-42","Lateral group of the dorsal thalamus_RG_AB1-42","Lateral septal complex_RG_AB1-42","Medial group of the dorsal thalamus_RG_AB1-42","Medulla_RG_AB1-42","Medulla, behavioral state related_RG_AB1-42","Medulla, motor related_RG_AB1-42","Medulla, sensory related_RG_AB1-42","Mid_Hind_Medulla_RG_AB1-42","Midbrain_RG_AB1-42","Midbrain, behavioral state related_RG_AB1-42","Midbrain, motor related_RG_AB1-42","Midbrain, sensory related_RG_AB1-42","Midline group of the dorsal thalamus_RG_AB1-42","Nucleus accumbens_RG_AB1-42","Olfactory areas_RG_AB1-42","Olfactory tubercle_RG_AB1-42","Pallidum_RG_AB1-42","Parasubiculum_RG_AB1-42","Peripeduncular nucleus_RG_AB1-42","Pons_RG_AB1-42","Pons, behavioral state related_RG_AB1-42","Pons, motor related_RG_AB1-42","Pons, sensory related_RG_AB1-42","Posterior amygdalar nucleus_RG_AB1-42","Postsubiculum_RG_AB1-42","Presubiculum_RG_AB1-42","Reticular nucleus of the thalamus_RG_AB1-42","Retrohippocampal region_RG_AB1-42","root_RG_AB1-42","Striatum_RG_AB1-42","Striatum-like amygdalar nuclei_RG_AB1-42","Striatum dorsal region_RG_AB1-42","Striatum ventral region_RG_AB1-42","Striatum_Pallidum_RG_AB1-42","Subiculum_RG_AB1-42","Subparafascicular area_RG_AB1-42","Subparafascicular nucleus_RG_AB1-42","Thalamus_RG_AB1-42","Thalamus, polymodal association cortex related_RG_AB1-42","Thalamus, sensory-motor cortex related_RG_AB1-42","Ventral group of the dorsal thalamus_RG_AB1-42","ventricular systems_RG_AB1-42","Ammon's horn_NL_AB1-42","Anterior group of the dorsal thalamus_NL_AB1-42","Basic cell groups and regions_NL_AB1-42","Basolateral amygdalar nucleus_NL_AB1-42","Basomedial amygdalar nucleus_NL_AB1-42","Brain stem_NL_AB1-42","Caudoputamen_NL_AB1-42","Cerebellar cortex_NL_AB1-42","Cerebellar nuclei_NL_AB1-42","Cerebellum_NL_AB1-42","Cerebral cortex_NL_AB1-42","Cerebral nuclei_NL_AB1-42","Cerebrum_NL_AB1-42","Claustrum_NL_AB1-42","Cortex_NL_AB1-42","Cortical plate_NL_AB1-42","Cortical subplate_NL_AB1-42","Dentate gyrus_NL_AB1-42","Dentate gyrus, granule cell layer_NL_AB1-42","Dentate gyrus, molecular layer_NL_AB1-42","Dentate gyrus, polymorph layer_NL_AB1-42","Endopiriform nucleus_NL_AB1-42","Entorhinal area_NL_AB1-42","Epithalamus_NL_AB1-42","Fasciola cinerea_NL_AB1-42","fiber tracts_NL_AB1-42","Fundus of striatum_NL_AB1-42","Geniculate group, dorsal thalamus_NL_AB1-42","Geniculate group, ventral thalamus_NL_AB1-42","Hindbrain_NL_AB1-42","Hippo_NL_AB1-42","Hippocampal formation_NL_AB1-42","Hippocampal region_NL_AB1-42","Hypothalamus_NL_AB1-42","Induseum griseum_NL_AB1-42","Interbrain_NL_AB1-42","Intralaminar nuclei of the dorsal thalamus_NL_AB1-42","Isocortex_NL_AB1-42","Lateral amygdalar nucleus_NL_AB1-42","Lateral group of the dorsal thalamus_NL_AB1-42","Lateral septal complex_NL_AB1-42","Medial group of the dorsal thalamus_NL_AB1-42","Medulla_NL_AB1-42","Medulla, behavioral state related_NL_AB1-42","Medulla, motor related_NL_AB1-42","Medulla, sensory related_NL_AB1-42","Mid_Hind_Medulla_NL_AB1-42","Midbrain_NL_AB1-42","Midbrain, behavioral state related_NL_AB1-42","Midbrain, motor related_NL_AB1-42","Midbrain, sensory related_NL_AB1-42","Midline group of the dorsal thalamus_NL_AB1-42","Nucleus accumbens_NL_AB1-42","Olfactory areas_NL_AB1-42","Olfactory tubercle_NL_AB1-42","Pallidum_NL_AB1-42","Parasubiculum_NL_AB1-42","Peripeduncular nucleus_NL_AB1-42","Pons_NL_AB1-42","Pons, behavioral state related_NL_AB1-42","Pons, motor related_NL_AB1-42","Pons, sensory related_NL_AB1-42","Posterior amygdalar nucleus_NL_AB1-42","Postsubiculum_NL_AB1-42","Presubiculum_NL_AB1-42","Reticular nucleus of the thalamus_NL_AB1-42","Retrohippocampal region_NL_AB1-42","root_NL_AB1-42","Striatum_NL_AB1-42","Striatum-like amygdalar nuclei_NL_AB1-42","Striatum dorsal region_NL_AB1-42","Striatum ventral region_NL_AB1-42","Striatum_Pallidum_NL_AB1-42","Subiculum_NL_AB1-42","Subparafascicular area_NL_AB1-42","Subparafascicular nucleus_NL_AB1-42","Thalamus_NL_AB1-42","Thalamus, polymodal association cortex related_NL_AB1-42","Thalamus, sensory-motor cortex related_NL_AB1-42","Ventral group of the dorsal thalamus_NL_AB1-42","ventricular systems_NL_AB1-42"
"1-03-14-16_03",0.0328691619228291,0.0302771160385234,0,0.0338919087123193,0.0171240593033212,0,0.00824576534774231,0,0,0,0,0,0,0.0161282367447596,0.0129147504766406,0,0.0206868104614067,0,0.0096650337614193,0.012213694777314,0.0158198851842848,0.0199614562592478,0.0118734142769103,0,0,0.0121810122712277,0.00763691904865808,0.0461410669786801,0.0186616124799533,0,0.0265419211114034,0.0313849627012171,0,0.00326131267835304,0.0296336206896552,0,0.0431846493432699,0.0122380102211305,0.00239688543441817,0.0284566221896768,0.0350070385614089,0.0618624180935735,0,0,0,0,0.0164403377262707,0.0132812493391519,0.00651788387572261,0.0156368196962025,0.00328665576802968,0.00911776310878398,0.0141019373336451,0.0167642313402976,0.0176978113773558,0.00458479527290002,0.0063609315686878,0,0.0314089435228197,0.0160018350227193,0.0774740861605541,0.00352531042316782,0.0375798319327731,0.0146259015680171,0.00688095715144403,0.044475844435473,0,0,0.0153651729252869,0.0119485270830747,0,0,0.0107544799306374,0.0624026315188341,0.0212283594394064,0.0176464446068706,0.0382689571113284,0,0,0.0616334422596366,0.011819755796716,0.0299681277579951,0.028850696315814,0,0.0295576494016558,0.0147202811833131,0,0.00787054927251233,0,0,0,0,0,0,0.0170727584458236,0.0131776911440132,0,0.0201985374910014,0,0.00716178136438956,0.00841710737370369,0.0270741187508377,0.0214544902044902,0.0132719741520023,0.00235616673092576,0.06842400448682,0.0102708238447921,0.0156655020849769,0.0460089055542536,0.016553410613934,0,0.0267939077273962,0.0398555836826161,0,0.00608969956357555,0,0,0.0351607324237516,0.0125529609647866,0.00218943074800552,0.029477548851477,0.0327207727596925,0.0594805231411015,0,0,0,0,0.0175855445288118,0.0141131051832303,0.00383015104018239,0.0164996959515488,0.00569191734169143,0.00859077443927211,0.0143995754625519,0.016483495806415,0.0171321709021939,0.00506536484343154,0.00274725274725275,0,0.0340531894422886,0.0154136383710723,0.0916239362311419,0.000568971220641747,0.0385186284696452,0.016004992073397,0.00678468599446963,0.03509754028838,0,0.0102040816326531,0.012177812709494,0.0110431847186201,0,0,0.010965855770048,0.0700678705383581,0.00136283469616803,0.0227954409118176,0.0367158467287515,0,0,0.059683321286592,0.0154919739126225
"1-03-28-16_10",0.0222867608329025,0.0247541231653805,0,0.0528021957642521,0.036874094730145,0,0.0068456726954962,0,0,0,0,0,0,0.0178171398801771,0.0131063613129419,0,0.0297750814618983,0,0.00780922400014585,0.00889990631677561,0.00861781216810803,0.0276491781336805,0.0267128445274925,0.0270562462658966,0,0.011513335646177,0.0182365620830054,0.0755428240848737,0.0304002884962135,0,0.0237587612636945,0.0162971184932653,0,0.00494133155466447,0,0,0.0477851187362357,0.0117434899910729,0.00689385329134915,0.0467379970310405,0.0265319496561754,0.0409950737449956,0,0,0,0,0.0161217916121077,0.0148904499709,0.00281171397772188,0.0177791249023967,0.00613154748033511,0.0168698517298188,0.0145515145684909,0.0209219194499435,0.0244160471278265,0.00754136769658808,0,0.0398413556877592,0.0589070665757782,0,0.0209677419354839,0,0.00958130988318677,0.00784499405822935,0.00714486506746627,0.0274581629706191,0,0,0.0129710579697723,0.0163970058418241,0,0,0.0109002492077963,0.0578192682897563,0,0.00167399852065247,0.0356068397475277,0,0,0.0457569543369703,0.00620336180028054,0.0234273358680613,0.0262098156984548,0,0.0510941860558634,0.0344436452166215,0,0.00622930226324857,0,0,0,0,0,0,0.0132404976600845,0.0131505780989861,0,0.0268906268058712,0,0.00652410525641847,0.00667284039181416,0.0103450599811295,0.0237666805821469,0.0261945035377563,0.013322585701171,0,0.0102035413377028,0.0104714021094016,0.0748366182125429,0.0335060449050086,0,0.0247651503689572,0.0171213252530865,0,0.00417770046904478,0,0,0.0489182904774208,0.0120934669456144,0.00208177200433009,0.0457406892051398,0.0229069492300063,0.0427552169947964,0,0,0,0,0.0183018755851481,0.0155882162332986,0.0445764188641075,0.0156517238157134,0.00647496469616058,0.00902089634134392,0.0141307571136691,0.0223150886724188,0.0238241481259886,0.00811654724505885,0,0,0.109510756504075,0,0.145276292335116,0,0.0150608890227635,0.00521188864085014,0.00311140076103181,0.024947747587495,0,0,0.0153139699425586,0.0121429864505438,0,0,0.010702031345324,0.0657892815242843,0,0.00394416131176601,0.035212307094867,0,0,0.0484338626538078,0.0048843122938644
"1-03-28-16_18",0.0223689787768334,0.0173527978473208,0,0.0434618633840212,0.0258092839483352,0,0.00567866031945485,0,0,0,0,0,0,0.0288027289324493,0.0180410542793844,0,0.028276238753943,0,0.00871617476654625,0.00512840548002292,0.0254032155323974,0.0211110448117429,0.0202446972622185,0,0.0139199602286851,0.0115750954015294,0.0146754369873424,0.0557283738169303,0.0211267605633803,0,0.0236785585865752,0.0170695513974378,0,0.00403666170256559,0.0312620609803165,0,0.016969254630052,0.0172480321587625,0.00618894174211038,0.0368388511544945,0.0260397747911369,0.0281121541198847,0,0,0,0,0.0201777464901748,0.0149392096656831,0.000364904905781553,0.0167969014111715,0.00593893907190932,0.00328839197632358,0.0125565419159725,0.029863152280824,0.010572177763485,0.00825128903168114,0,0.051884383617608,0.045330748169709,0.00369912635840614,0.100775862641119,0,0.0610893770689136,0.00540215484840892,0.00300784975423667,0.0303922260415512,0,0,0.0112003711365584,0.0110084085743773,0,0,0.00889272937752542,0.0550614509978429,0,0.000732323232323232,0.0312338681150173,0,0,0.046879894110396,0.00284277702572036,0.0243572042251387,0.023691344815658,0,0.0390478122675323,0.0245988465612617,0,0.00574890205223832,0,0,0,0,0,0,0.0253460436187727,0.017258186229287,0,0.0278311354908267,0,0.0115586421233369,0.00517942721628432,0.0349164737708118,0.0243066494302195,0.018802521379759,0.0051379936984403,0.0393749042439099,0.00959291750394453,0.0149445660862614,0.0620273034295771,0.025,0,0.024267768000729,0.0125021075703929,0,0.00426070754915045,0,0,0.0231207430340557,0.0164115291519336,0.00443298586637979,0.0374191626957114,0.0250818169917528,0.0282402735732705,0,0,0,0,0.0180548286818181,0.0129967648084466,0.000180774138664398,0.0154300065631572,0.00228525174562164,0.0119968348776068,0.0106193096983073,0.0258843136208896,0.0111205392164711,0.00748053202829223,0,0,0.0451419574843184,0.00697584799414878,0.112782143821891,0,0.0472509960159363,0.00669651472461307,0.00144553930662298,0.0272801709504124,0,0,0.0110327702758815,0.00903026476244644,0,0,0.00851888811243953,0.0550485099844497,0,0.00208743364943043,0.0328713766933101,0,0,0.0475518308503459,0.00358653432746969
"1-04-26-15_06",0.0054836501880069,0.0041157727031333,0,0.023759071022931,0.0124285102043832,0,0.000851615401790566,0,0,0,0,0,0,0.00382895792731858,0.00541105978786021,0,0.0114915516793045,0,0.00150652305730414,0.0020108506528842,0.00142404674801738,0.00478383332588188,0.00300068998343302,0,0.00111408199643494,0.00492909588955449,0.00506665354911703,0.00938649615215141,0.00636690647482014,0,0.00732715201603959,0.00338431121707275,0,0.000818132456745374,0,0,0.0077849139488976,0.00495179907209039,0.00136173818313866,0.00484024284980679,0.0223219458753384,0.00296984465427962,0,0,0,0,0.00247944666328268,0.00172756255111749,0.00172556598564329,0.00174143966852315,0.00104288282872345,0,0.00330920649381533,0.00448306211870249,0.000293633221730208,0.00456687167996191,0,0,0.00396832329443949,0.00195287792536369,0.00861443159270193,0.000119607686787338,0.0323345927422898,0.00102446611345497,0.00263906401196376,0.00722056671309929,0,0,0.0059652895473791,0.00384787428994695,0,0,0.00316820283383455,0.0298723815479067,0,0.00181746908520723,0.0057937451862874,0,0,0.0101490365008779,0.00234019135627574,0.00591557095748341,0.00452802177409378,0,0.0215413292945768,0.00536770115255715,0,0.000784531488046929,0,0,0,0,0,0,0.00308950045154237,0.00520763716351445,0,0.00960397040668958,0,0.00152454973469845,0.00189226223212371,0.00148758439180684,0.00702058640701641,0.00333360732071692,0,0.00204248366013072,0.00278969245919024,0.00116776956014013,0.0100969010441114,0.00727998969204999,0,0.00822945500616877,0.00418669617428846,0,0.000839856490541422,0,0,0.00729982510835678,0.00484824848566852,0.00103661258044546,0.00496051574827472,0.0232124758884493,0.0027972027972028,0.000887648998224702,0,0,0.000887648998224702,0.00254110003725782,0.00175409233345219,0,0.0017199457833922,0.00182563841113227,0,0.00312630417933584,0.00479434522801438,8.0021710237908e-05,0.00438996430711513,0,0.00196592398427261,0.0040093827097368,0.00181470288985741,0.0085473902738399,0.000129251847224317,0.0115065971156797,0.00319568895294191,0.000608413489396222,0.00591907103692757,0,0,0.00441339177104155,0.00297155206450138,0,0,0.0029040384415071,0.0340167319195403,0,0.00229833088429223,0.00599559789494623,0,0,0.0103600007883948,0.00284797783486436
"1-04-26-15_17",2.28938994073638e-05,0,0,0,0,0,3.63373277994999e-05,0,0,0,0,0,0,0,3.84553264472662e-05,0,0,0,4.16150813054651e-05,1.624317110015e-05,0,0,9.35526181503419e-05,0,0,0.000373597461757496,0,8.61417126886743e-05,3.43206232625184e-05,0,3.78302991390943e-05,0,0,3.45165718768386e-05,0,0,0,4.13590831045782e-05,0,0.000184006935016929,0.000140849879637376,0,0,0,0,0,0.000235308333412829,0.000292295814855378,0,0.000264417342115651,0.000683411166271714,0,2.91762097185955e-06,2.69418610486723e-05,3.11192989444334e-06,0.00339235265734291,0,0,0,0,0,0,0,0,0,0,0,0,4.16329362784781e-05,0,0,0,0.000655411460954175,0,0,0,5.49074093968063e-05,0,0,2.44055717920401e-05,0.00114379027461525,2.30850916478138e-05,0,0,0,0,0,0.000127196319905911,0,0,0,0,0,0,0,4.17581946186215e-05,0,7.38000448167545e-05,0,0,0.000111054041673029,0,0.000254262361773734,3.79029340316662e-05,0,0,0.000227254227651716,7.02181443685048e-05,2.15978056629446e-05,0,0,3.57705498082549e-05,0,0,3.42732779819894e-06,0,0,0,3.93194206584645e-05,0,0.000195237893128475,0,0,0,0,0,0,0.000220808447596842,0.00025688562444465,0,6.8673045992955e-05,0.00135672635061207,0,2.89564668477411e-06,2.43161673905892e-05,0.000327618866081321,0.00314303519657518,0,0,0,0,0,0,0,0,0.000662471016893011,0,0,0,0.0012389216072353,0.000833952241285986,0,0,0.000743797687029128,0,0,0,4.66713620885495e-05,0,0,2.61309815449943e-05,0.00151831568180365
"1-06-24-15_06",0.00484668362243877,0.000603937673632081,0,0.00953118749325324,0.00743234023197635,0,0.000337692762084865,0,0,0,0,0,0,0.000756107934407637,0.00260217361184419,0,0.00551278187248267,0,0.00237383582412822,0.000870399430746066,0.00183238905621433,0.0018345501629825,0.00276483928743269,0,0.000191277735271614,0.00285441137898391,0,0.00543673655503819,0.00240561140513028,0,0.0054904337708131,0.00932789872918924,0,0.000696714319320632,0,0,0.00353961668282809,0.00236533171497586,0,0.00229607306697034,0.0113978322814306,0.00112704187174549,0,0,0,0,0.00270807443921667,0.00173371220796828,0,0.0017996209271387,0.00108112423614415,0,0.00186452819161454,0.00322772109324214,7.42734061212713e-05,0.00586308877153205,0.0016759363472803,8.82768361581921e-05,0.00740505574013148,0.000153263416022595,0.0195339179848646,0.000154138622000719,0.05507687109309,0.00174777110089941,0.000985786934411266,0.00263939841636095,0,0,0.00276722848205225,0.00110763585617324,0,0,0.00235731403139825,0.0169061019251469,0.000820524041354412,0,0.00300489677181798,0,0,0.00617071414837437,0.00204634350004395,0.00655127383731648,0.000830855343711737,0,0.011665839499908,0.00543658959589515,0,0.000224440301996895,0,0,0,0,0,0,0.000650784427658338,0.00251676450617203,0,0.00499775782468227,0,0.00276776519052523,0.00109298440634179,0.000587342763447702,0.00176557780936819,0.00306673747244551,0,0,0.00176911264643244,0.00155333773445691,0.00437059078026082,0.00239947464134169,0,0.00639693603246819,0.00763053140993652,0,0.00125067255631601,0,0,0.00342867609600293,0.00230392787954919,0.000234339348043266,0.00155558678575063,0.0102827763496144,0.00187674618069414,0,0,0,0,0.00260143178816923,0.00159400590403442,0,0.00160299114230181,0.00126167122440293,0,0.00195670663657861,0.0025979660029076,7.0970031291332e-05,0.00581284607610481,0.000509474708762965,0,0.00797441781857644,0.000168539664004141,0.0208196789069373,0.000195784115382105,0.039053751399776,0.00161027394536997,0.000820132513532187,0.0031373303820614,0,0,0.00219716401297004,0.000805910948008232,0,0,0.00229034501294812,0.017233024358698,0,0,0.0030086143892922,0,0,0.00593496280340155,0.00203325637891751
"1-06-24-15_08",0.00520469086411458,0.00285078570435266,0,0.0173065920793338,0.0107110538772101,0,0.000812989626442911,0,0,0,0,0,0,0.00318196393774204,0.00413730968863195,0,0.00858891798737533,0,0.00172749525396622,0.00472311095574952,0.00185051917343477,0.00474366095009238,0.00342749874583969,0.000449666376559327,0.0098159509202454,0.00317352364947654,0.00109236557834689,0.0189520493153263,0.00564611988453048,0,0.00764832599580995,0.00180907486143044,0,0.00196591136361953,0,0,0.00309499747347145,0.00381208064932033,0.00140149705367097,0.00534158801981451,0.00950772473231591,0.00867486774172987,0,0,0,0,0.0030551888163884,0.00206407419655174,0,0.00246209611118115,0.0010571573777068,0.000493923591169106,0.00429576156908344,0.00475066097746132,0.00114597157517928,0.00145414451706807,0,0,0.00564050079644179,0.00809844175896894,0.0168291975912972,0.000843001290203194,0.000236742424242424,0.00249889029542802,0.00192344362734938,0.00624538311731919,0,0,0.00525053070555576,0.00277803500324104,0,0,0.00206936820378485,0.0352301475554335,0,0.0062014899177035,0.0069988682585749,0,0,0.0139003701973188,0.00219946091644205,0.00596943983361146,0.00254711327162549,0,0.0179314734629268,0.00660608238777361,0,0.000736050481257955,0,0,0,0,0,0,0.0029895044735031,0.004001987167916,0,0.00836318143647924,0,0.00114446204097793,0.00173752402825973,0.00292089125414812,0.0058408548604627,0.00389510130887264,0.000413528652523151,0.000736196319018405,0.00260689201344544,0.0016759378120097,0.0149892933618844,0.00835196355506812,0,0.00784457133002276,0.00194564284764771,0,0.00236306778001518,0,0,0.00248749529392782,0.00369144142495075,0.00217700502162492,0.00695779211504638,0.00984322495728946,0.00836243281814593,0,0,0,0,0.00339710891442571,0.00217837903264584,0.00012005402431094,0.00256011489826083,0.001365869958042,1.20545831525146e-05,0.00473116527854142,0.00439410086020233,0.000499630118788029,0.000951327772641601,0,0,0.00690673069722337,0.00668540903258826,0.0219835649712534,1.7487511002559e-05,0.00396438770367882,0.00329598987898057,0.00186781248167785,0.00477728897442947,0,0,0.00424438862944625,0.00187942297649314,0,0,0.00192997065137279,0.0339915152150003,0,0.00494788498195239,0.00675060239730817,0,0,0.0138517436171739,0.00110075724507032
"1-06-24-15_13",0.00662653714080312,0.00204242261210908,0,0.0170429744851395,0.0123967739445859,0,0.00156730849449333,0,0,0,0,0,0,0.00432750961029395,0.0059684824194669,0,0.0108717504600776,0,0.00605837264150943,0.00530923676525731,0.00469660556367121,0.0131733295795796,0.00843973843068504,0,0,0.00456435620748673,0.00364206869501877,0.00885861906998591,0.00437859579451148,0,0.00757715876087995,0.00943525013651447,0,0.00114208666108195,0,0,0.0211124227959418,0.00558030863587654,0.00115411248749711,0.0164478054535502,0.0100633688183885,0.0205976496583454,0,0,0,0,0.00494655796010378,0.00424048369253849,0,0.00561715864407047,0.00252526971378008,0.000177598863367274,0.00477553952467193,0.00736620070968444,0.00127662214270089,0.00201806917001538,0.00128975910955844,0,0.00767340875328534,0.00655766957375148,0,0.012239165329053,0.00203869080594766,0.00142119475105405,0.00063597600635976,0.00324661048002931,0,0,0.00516805103698672,0.00309400603708495,0,0,0.00268996280303789,0.0193948639300398,0,0.00823945928548439,0.0112583149044571,0,0,0.0273196791290162,0.00413044636041399,0.0102107546729323,0.00157179193236369,0,0.0184554035951276,0.00672850567443168,0,0.00141959699647222,0,0,0,0,0,0,0.00887788638012719,0.00566564410258724,0,0.0102791728255263,0,0.00398338448185003,0.00525143889425703,0.00838694058241682,0.0118394455674271,0.00552566877614394,0,0,0.00341122636532451,0.000314762354422411,0.00985390083758157,0.0058374659176167,0,0.00909263957527458,0.00990159713068269,0,0.00207120653186965,0,0,0.0208684764273168,0.00527379887395217,0.00191120258747427,0.0156652299260697,0.00925790813431263,0.0166411147819453,0,0,0,0,0.00558272811296302,0.00414018868379239,7.26646112962329e-05,0.00509317463325574,0.00264650491140797,0.000307623946815238,0.00430494936717244,0.00580062268778761,0.000878928544250818,0.00142232016768939,0.00282930813207327,0,0.0115102350882429,0.00954374536965851,0.0193089281784168,0.00616968913386184,0.00173968950324301,0.00149832159167855,0.00068907941640274,0.00386966895317626,0,0,0.00631470846367586,0.00271432354457902,0,0,0.00263605135355973,0.0290616782380031,0,0.00139757964615824,0.0107891005059998,0,0,0.0287870847847244,0.00524596298321868
"1-09-23-15_04",3.60800208803525e-05,0,0,0,0,0,4.02521628263032e-05,0.000230825457483233,0,0,0,0,0,0,1.29144143313101e-05,0,1.5304186000955e-06,0,0.000202962150301701,2.34597501067419e-05,0,5.6217358796049e-06,2.45827756685149e-05,0,0,0.000126504626566127,0,0,0.000747178418341264,0,0.000131109751823697,1.47185807363215e-05,0,3.33721640451409e-05,0,0,0,1.36856304923312e-05,0,0,0,3.34162055230305e-05,0,0,0,0,1.6368826490695e-05,2.22736139460665e-05,0,3.23625119134497e-05,1.86587006454045e-06,1.35000135000135e-05,0,2.99630705155895e-06,0,0.0038849607338764,0,0,0,0,0,0,0,0.00181128537333788,0.00368059661867812,1.63801505335834e-05,0,0,4.6061915589446e-05,1.07236018433872e-05,0,0,0.000734065056284484,1.96571466013613e-05,0,0,1.63535617493574e-05,0,0,0,0.000576788704170017,2.76603983948458e-05,0,0,0,0,0,1.73859524981006e-05,0.000230422612139005,0,0,0,0,0,0,1.24331974661144e-05,0,0,0,0,1.3938156400053e-05,0,0,2.37186233359629e-05,0.000299412890375828,0,0.000184374755703449,5.2197515398267e-05,0.000207149943851463,0.000805496327884388,0,4.93476244053611e-05,0,0,2.54139899249414e-05,0,0,0,1.33137500173987e-05,0,0,4.02716165646452e-05,3.58844806797956e-05,0,0,0,0,8.85547296795461e-05,0.000114560466867597,0,0.000121377988471202,0.000154714803251445,1.58217834314284e-05,0,8.31528224146748e-06,3.22823283306485e-06,0.00309446505704454,0,0.000380807311500381,2.72359432743391e-05,0,0,3.26799165572797e-05,0,0,0.00164110410522809,2.34181068802398e-05,0,0,0.000386534664498358,5.01069783988816e-06,0,0,0.000610566080219179,0,0,0,4.81369514096104e-05,0,0,0,0.000628214828646596
"1-1-11-16_12",0.0297588116590483,0.0131147540983607,0,0.0490214954684857,0.0418078119599032,0,0.00416879719272557,0,0,0,0,0,0,0.0203118233001299,0.0141790824975293,0,0.0303430511916868,0,0.00513341532538367,0.00584480216729156,0.00556087633185682,0.0234599364765401,0.0110099258465294,0.00212695247590562,0,0.0114893839424279,0.01061789055664,0.0577572992209981,0.00553860440435129,0,0.0271020590354306,0.00623933133203838,0,0.00374321932689679,0,0,0.0130794500547512,0.0129667836745731,0.00170517520675249,0.0376366608347092,0.0217546111167628,0.0178960112734947,0,0,0,0,0.0117032892467937,0.00822507498223375,0,0.00946329104932608,0.00287404379200347,0.00172741637430033,0.0080109041241846,0.0183732826614483,0.00954608252742314,0.0043635466537148,0,0,0.0617055490326203,0,0.07133003671555,0,0.0517776187067526,0.00882066555931038,0.00914501379010016,0.0264084390311822,0,0,0.0187198581560284,0.0139468880498112,0,0,0.00750714015302719,0.0892587146620389,0,0.0279142707788813,0.0296287710918026,0,0,0.0529477597148146,0.010383131761362,0.0303614973725443,0.0167420975369408,0,0.0481728509716183,0.0355536257056014,0,0.00416429543261747,0,0,0,0,0,0,0.0166529924385214,0.0141823888407361,0,0.0270145359240012,0,0.00579135367967642,0.00650676785875393,0.0102304426092095,0.014116652578191,0.0148866824357775,0.00131936512937655,0.00248056887712916,0.00862182841697743,0.0086406621107695,0.0557838684093976,0.0098248454518693,0,0.0303159043287421,0.0185016522020579,0,0.00355859375858248,0,0,0.0304547292680546,0.013217208001027,0.000716799165906425,0.0473002035323279,0.0252735143077333,0.0213849886535305,0,0,0,0,0.0123489937301124,0.00836172650310217,0.0022914139371883,0.00973091986667431,0.00263295583047815,0.00275440554097932,0.00838878517043684,0.0188823520858185,0.0101365964712578,0.00396842088659176,0,0,0.0536476477785353,0,0.0776856563356225,0,0.0312940304041528,0.0196665798384996,0.00722691225377334,0.0253061468458843,0,0,0.0158417700931257,0.0145542810608117,0,0,0.00770432629874853,0.102069715217485,0,0.0237514775413712,0.0306536957493648,0,0,0.0515888739202789,0.0100726567945083
"1-1-18-16_16",0.0278349704549535,0.0212073094101863,0,0.0459644637239834,0.0379656160458453,0,0.00727873956520041,0,0,0,0,0,0,0.0211331183786274,0.0193557659127702,0,0.0310170680900205,0,0.00573458794792794,0.00553195951968958,0.00567783541286976,0.0224534137917948,0.0128312378515366,0.000897739329143883,0.00494505494505494,0.0105897286794219,0.0144694533762058,0.0513600897378796,0.022284289276808,0,0.0203745101362721,0.0127447005023541,0,0.00460017076687071,0.00473559589581689,0,0.0438205095702877,0.018594616214255,0.00746655768112297,0.0788642190205001,0.0251670699654359,0.0384815392615705,0,0,0,0,0.0170884183574635,0.0146871086158497,0.00733605322034906,0.0166577850869202,0.012215168580814,0.00203280139392096,0.0109232442215293,0.030441300185909,0.0216444298063001,0.0118889685566397,0.00495971419884463,0,0.0240339576820565,0.0241612236922905,0.0498706443528175,0.0160575518998458,0.0495108804152525,0.0146830116183332,0.00959714679419632,0.0313184046931092,0,0.172413793103448,0.0160468031759298,0.0138668631628409,0,0,0.0114247331672993,0.0532070240784733,0,0.0213991504698159,0.0430583570574713,0,0,0.0928760049508405,0.00354857012034281,0.0251608500212216,0.0203734660537214,0,0.0481448316700126,0.0332818789041649,0,0.0072260763637713,0,0,0,0,0,0,0.0219172787011983,0.0198107708027384,0,0.0304208625522062,0,0.00591704825974711,0.00321310334647745,0.00839845379459941,0.0217833189703623,0.0141507966780661,0.000946171446266063,0,0.00948197099697055,0.0223676410233025,0.0531307851464663,0.0275528590653012,0,0.0214287779324855,0.0192726422054669,0,0.00750357358165776,0.00313066403031801,0,0.0348376246346054,0.0191051637705844,0.00569463505434354,0.0698260710037461,0.0225637527238462,0.0298501430672982,0,0,0,0,0.0185707422123488,0.0158846309304703,0.00736271787403783,0.0183376203330543,0.0114387377472643,0.00846334558159147,0.0107603188951876,0.0317796572799351,0.0188142835920455,0.00971844943165258,0.00496488711017141,0,0.0260171725515621,0.0252931809369597,0.0593561133452082,0.0169068939815447,0.0565329883570505,0.0134411909448819,0.0092002944094211,0.0465360454951017,0,0.0129310344827586,0.0124773031154964,0.0104951145368143,0,0,0.0107437518274399,0.067010056280267,0,0.0174166440769856,0.0460875153406539,0,0,0.109611536654917,0.00247502998103328
"1-1-20-16_17",0.0312810698028483,0.0463201499161653,0,0.112767901061064,0.0776559656153603,0,0.0242459643783003,0,0,0,0,0,0,0.179788639365918,0.0520708599420357,0,0.103436135249594,0,0.0267036118181525,0.0132997861887234,0.0370216363812771,0.137647300038848,0.0633791200699074,0.00212935360231081,0.00699513381995134,0.025483390962714,0.0237525818023698,0.034506317267197,0.0425153955471341,0,0.0396825261119391,0.0326378517346173,0,0.00830875763272336,0.00960827790096083,0,0.104680308716278,0.047900349593642,0.0571886691608765,0.11312309124035,0.0366100772585045,0.0835129161103755,0,0,0,0,0.020090092736101,0.0197108598524319,0.010783585279091,0.021838118642037,0.00917282964570746,0.00945902639223429,0,0.0953500747791304,0.037628982350832,0.00889390758495955,0.0112478332180307,0,0.0216256153110249,0.0381379538646621,0.0238767237460221,0.000476782993964625,0.0271789841376175,0.0130303456026974,0.00596523402451169,0.0447495886500453,0,0,0.0288171368744016,0.0456566315880219,0,0,0.0248871155794135,0.0856133772264492,0,0.0418660865361373,0.0674252726578365,0,0,0.115824234245287,0.0080145095794255,0.0317483788419914,0.044614923399774,0,0.0839238849375488,0.0533948945058224,0,0.0288074280264491,0,0,0,0,0,0,0.203594530418407,0.0515576479354128,0,0.0851454136855244,0,0.0162174224077392,0.00946258197280803,0.051003998918442,0.117609688505155,0.0686846841324405,0.00743151519370671,0.00345773220460236,0.020987673223099,0.0497863072244596,0.0548794581394648,0.0322075460034206,0,0.0399874083130151,0.0270080606195403,0,0.0107105039318138,0,0,0.0898407643312102,0.0487865745465181,0.0248467327917061,0.11764617904175,0.0268462782444634,0.0822271222413563,0,0,0,0,0.0192793521840659,0.0173862037124419,0.00944111146195137,0.0209594347983283,0.00627853265268679,0.00651913808719767,0,0.0962119076943272,0.0441685013611641,0.0129569657227233,0.0124656156767583,0,0.0263775854858944,0.0377121612810471,0.0370183311530246,0.000977177756348441,0.0258884161323186,0.0153366969636254,0.00504124196959219,0.0533010676156584,0,0,0.0221742181783793,0.0296883228365392,0,0,0.0260333708710426,0.0798656698786641,0,0.0420145288951534,0.0701860841423948,0,0,0.129046946031006,0.00363303956497281
"1-10-14-15_07",0.0250131791198753,0.0125239622219395,0,0.045238838588823,0.0388458125988504,0,0.00656028536790162,0,0,0,0,0,0,0.0123703400640177,0.0214968146933215,0,0.03229428131736,0,0.00882725639134886,0.0104511644147242,0.0132054913924602,0.0338007893216339,0.0207630612397871,0.00391150442477876,0,0.0130042751589585,0.00851606777246966,0.0463723715359978,0.0244515350405872,0,0.0236162557537021,0.0294544248466637,0,0.00548407921592665,0,0,0.0836057469981343,0.020652651506592,0.006514385236293,0.0767080089078171,0.0238682258340587,0.0488704387793668,0,0,0,0,0.0130948099321832,0.0150784243850634,0.00086848635235732,0.0176278850780478,0.0065367966773719,0.003127796340232,0.00894643908181283,0.0285098023700304,0.0177322584461458,0.00506866114078507,0.000893889998948365,0,0.00335126124699631,0.00578168617801856,0.000133780206162339,0.0027104413128318,0.0411490084111428,0.00913333779951319,0.00809453163634471,0.023839347044325,0,0,0.0149601300942898,0.0291621383018393,0,0,0.0103145609795962,0.0742344651814093,0,0.0318786307551971,0.0413684310924451,0,0,0.0694558519825456,0.00831109377300923,0.0238742289423667,0.0115479769199306,0,0.0529310267051606,0.029848434859309,0,0.00643906009277275,0,0,0,0,0,0,0.0146754675467547,0.0213501370046613,0,0.0310734665530647,0,0.0116708914237431,0.00958378297157376,0.0159296546450873,0.0287881470183705,0.0240254867629441,5.799342741156e-05,0.002330743618202,0.0136562085533052,0.0082649049134726,0.0627666845226001,0.00992129660508237,0,0.0238214088913471,0.0253820439350525,0,0.00408622132329916,0.00416006339144216,0,0.0484694911818366,0.0205562831682005,0.00516663640415312,0.0619218665564703,0.0225144604589418,0.0518948056190787,0,0,0,0,0.0125957508788888,0.0141389621541535,0.00082837984574224,0.0166968476761925,0.00558967922516439,0.00802640398435445,0.00852193350097793,0.0278012644147964,0.0159770989778971,0.00471384721687019,0.000653473973253772,0,0.00527287567456198,0.00561266580769552,0.0039910271467774,0.00158572844400396,0.0344882644100271,0.00792566559948275,0.00733860389265076,0.0279522379167391,0,0,0.0118872837685658,0.0177734221399491,0,0,0.00922761369188062,0.0753807184057131,0,0.0420503376304481,0.0433807932928321,0,0,0.0965842401575586,0.00513274745758791
"1-10-14-15_14",0.0255881789689527,0.0636376217725388,0,0.0600006639077611,0.0277850433955534,0,0.0193344558834648,0,0,0,0,0,0,0.0295449644166487,0.0220001129934614,0,0.0387549219066244,0,0.0262005640337712,0.0193822890328289,0.0330031590572483,0.0357491104976446,0.0341727872005352,0,0,0.0180260774725838,0.026514793458739,0.094017570105357,0.027734375,0,0.0334927757620588,0.0167496678153594,0,0.0071164803186794,0.00400600901352028,0,0.0689551422319475,0.020921919685654,0.0217945176044449,0.110207303339245,0.0383087011843007,0.0591940597363591,0,0,0,0,0.0237955992580366,0.0229868422819443,0.00305240129180123,0.0268819778042343,0.00438479286087974,0.00305848910638145,0.0171169548926857,0.031642807672902,0.0211570563967555,0.0114232177632196,0.00257742502966084,0.0323722812341932,0.0342705314009662,0,0.0370406808008264,0,0.028084302614574,0.0115677041929106,0.00386799843321582,0.0562659067010074,0,0,0.0255161107683987,0.0287087227381844,0,0,0.0199717607755338,0.0879101005058259,0,0.0148333750939614,0.0733630761030179,0,0,0.0999423740695194,0.00777515738379132,0.0252134681608135,0.0803065273022669,0,0.0523350680196576,0.0244778263211443,0,0.0211315626295788,0,0,0,0,0,0,0.0278119887502068,0.0211567178507634,0,0.0325412177197318,0,0.0215933212878172,0.0108892510626549,0.0499426617316844,0.0262974254868961,0.0372012861316356,0.000335367898584747,0,0.0160022796470101,0.0253874538745387,0.10753808923894,0.0746743127843919,0,0.0330967411212145,0.0219240890524854,0,0.00897333153944698,0.00245022970903522,0,0.0775022884533992,0.0203103123343493,0.00800771374481145,0.103320792972438,0.0330221978194368,0.073246419610809,0,0,0,0,0.0248315609883234,0.0226931423348995,0.00215258663278989,0.0267978810845096,0.00371390747432824,0.00435931417902361,0.0163820486492653,0.0325041220574547,0.0183485077441384,0.0104359590896448,0.00302100316486046,0.0282736156351792,0.0488440011935224,0,0.0764866456136595,0,0.0232660933858394,0.0139767577511554,0.0041871848553652,0.0591034157761124,0,0,0.0150735910684481,0.0246276407364815,0,0,0.0194350392844298,0.0811383590675144,0,0.0134416814321501,0.0805503718209628,0,0,0.123643574579931,0.00529872175988886
"1-11-09-15_16",0.0290516244938055,0.0338896732228389,0,0.0463723498398375,0.0295552515422937,0,0.0167160810344959,0,0,0,0,0,0,0.0361635929115751,0.0209856639039994,0,0.0331985457452918,0,0.0232763918696728,0.0228896423133035,0.0619852176793813,0.031930902976917,0.0217027870026738,0.0106429982326645,0,0.0163528943558814,0.0229253731343284,0.0727748425116846,0.0218301318414773,0,0.0355673703793302,0.0275569725473827,0,0.00364722389231807,0.000806126561870214,0,0.07153822810118,0.0200829580582038,0.0132967352983091,0.0737264511704339,0.0313859019256724,0.058557642588644,0,0,0,0,0.0185119451005153,0.0195611354016593,0,0.0223624848292771,0.0087225835515387,0.0086174597227426,0.0236254603526383,0.0319905359703819,0.0171316751381487,0.0088987707972763,0.00321865195282917,0.011417387049421,0.0145912999563017,0.0282802208123519,0.01746821865232,0.00187161490882287,0.0305538602380226,0.0119023602985677,0.0168634532573969,0.0122311012205813,0,0,0.0171029514786736,0.0276800165959489,0,0,0.0177967710811491,0.0938713652291484,0.00753924113212211,0.0254811871352291,0.0472666818492371,0,0,0.062790560073031,0.0151827993120432,0.0289315315644483,0.0399876150853954,0,0.0425270683056998,0.0269695984046838,0,0.0167105170665087,0,0,0,0,0,0,0.0416198299466782,0.0214696078453776,0,0.02938813270402,0,0.0357493246603142,0.0158394650471849,0.0873644611639743,0.027572410381062,0.0197763079714205,0.0182524970085497,0,0.0143760395404422,0.0180394018514123,0.0949516425960018,0.0440164080613519,0,0.0342495010551034,0.0295018243234532,0,0.00709731462315419,0,0,0.0763529691298229,0.0207654526698461,0.0028742113640904,0.0649559498122878,0.0288845082524623,0.0582790494904374,0,0,0,0,0.018771240647872,0.0194038285783795,0.000505015324602954,0.0234538826742161,0.00966000400147151,0.0123157364243417,0.0230638339847844,0.030148185245357,0.0152497493788955,0.00858767018747023,0.00297541368690296,0.00137320720170888,0.0164791617586717,0.0279294950551656,0.0216677216814084,0,0.0282100837486861,0.00479574987436284,0.0166838107852946,0.0236980499837111,0,0,0.0158981274044502,0.0206406345501771,0,0,0.0171017803573819,0.0880022824990711,0,0.0118368291178285,0.0512993149829715,0,0,0.0759733379826456,0.0156891938885889
"1-11-09-15_18",0.0365313913940994,0.0112821991452316,0,0.0668300880706587,0.0548886070524737,0,0.0101029469767816,0,0,0,0,0,0,0.0366905378637818,0.0187333343259698,0,0.0426972375347121,0,0.0133662441111834,0.0167840601465173,0.0198650674662669,0.0384467251732549,0.0202717484540431,0,0.00806451612903226,0.0154660606001234,0.011158583345071,0.0646752597240219,0.0276984298969681,0,0.0311692172381955,0.022663100014861,0,0.00413406903747164,0.00800228636753358,0,0.0658612475461099,0.0169150259107585,0.0134520144558961,0.0658940539193352,0.0245724579861311,0.0400459099874011,0,0,0,0,0.0204248690216031,0.0195132171305079,0.000329418887276418,0.0222178245677616,0.0131963596527507,0.00978072853072853,0.00966550596180226,0.0330706198509172,0.0160913622722535,0.00578246523145268,0.00786603609690184,0,0.0276566481507149,0,0.0251990195879839,0,0.0392092411720511,0.00599524766953025,0.0143330360555485,0.029227333518383,0,0,0.0213457163805907,0.0279670428499057,0,0,0.0125463977337848,0.0682027314192656,0,0.0363290537327627,0.0435675255019927,0,0,0.070716208323811,0.0190886699507389,0.0382257371650126,0.00799599673417788,0,0.0748694293778871,0.0528439224700403,0,0.0103530884122657,0,0,0,0,0,0,0.0309508544646608,0.0196132328627384,0,0.0431147733653708,0,0.0164878520611406,0.0104249375479766,0.0222652381381111,0.0390791091815244,0.0219569876067161,0,0.00428784489187174,0.0128457674098224,0.0119898760368749,0.0676853712978489,0.0298313241179504,0,0.0341836030076923,0.015919250941603,0,0.0062064456669833,0,0,0.0584610350657141,0.0178160043149157,0.0112413451236868,0.0651571903175776,0.0268193486487022,0.0373500856653341,0,0,0,0,0.0204917752379535,0.0189541357210708,8.80506059271961e-05,0.0218195224105232,0.013971419996768,0.0125647897042541,0.00935459586027646,0.0320722509484976,0.0140538337898716,0.00622755549120074,0.00896839819687994,0,0.0314971294926692,0,0.0354111429435735,0.000242743697333287,0.0387170481953201,0.0123575827938369,0.00793120890237734,0.0369105214638434,0,0,0.0146140062207787,0.0200898408594755,0,0,0.0120578365372351,0.0976711400669299,0,0.0266360505166475,0.0472209308666651,0,0,0.0854106930820741,0.00388049972840847
"1-11-09-15_20",0.0121774871555348,0.00272934040940106,0,0.0174224265309473,0.00646768760634788,0,0.00134818758521653,0,0,0,0,0,0,0.00816978953911731,0.0063216502125826,0,0.00945902873198392,0,0.00457597498160412,0.0027565066545823,0.00288493794028849,0.00696237571140687,0.00817311987783978,0,0.00655444659615671,0.00481262937092413,0,0.0098705964801453,0.00764177939646202,0,0.0113605669391964,0.018659957153159,0,0.00256804981666296,0.0125786163522013,0,0.0137571946634727,0.00604297602770443,0.00358012844172141,0.010547439830268,0.0183442495420211,0.0131116242831774,0,0,0,0,0.00483096441896091,0.00501502244479292,3.85820331188172e-05,0.00565322613818667,0.00461786724620806,0.000738168794597698,0.00435981642878195,0.00794538652458283,0.000683801391416762,0.00074207100368339,0.000608612692041978,0,0.00421089449400269,0.0027590387421533,0,0.00651468677350635,0.0228287440150306,0.00443004289158135,0,0.00458817172871327,0,0,0.00611536295956457,0.00510451441315399,0,0,0.00283523244725222,0.0370222849037356,0,0.00604266863978296,0.0100884997887194,0,0,0.02139275522046,0.00446571733731935,0.0132846725013471,0.00359453630481668,0,0.0190784621797544,0.00639685173039083,0,0.00128879676870748,0,0,0,0,0,0,0.0142172865118833,0.00636531430798781,0,0.0104489429889187,0,0.00235660156490666,0.00306260589948533,0.00491453345026724,0.00879639757893969,0.00702525827718899,0,0.00107493857493857,0.00401521156350103,0.00071392146863845,0.00664336012589516,0.00676713209299004,0,0.0120497143810211,0.0136525116702092,0,0.00336183921899314,0.00101781170483461,0,0.0178798829805541,0.00600172611932377,0.0035526129872227,0.0139432598745438,0.0144735433227859,0.0133602274588029,0.0447857720291027,0,0,0.0447857720291027,0.00699895430579493,0.00452956484651675,0.000227389766122938,0.00555575626716084,0.00402804435913841,0.00154676382634998,0.00561189545082963,0.00608780839479185,0.000410249731384104,0.00162928099339075,0.00164422173504541,0,0.0163449168694159,0.0119244707662724,0.000646902674607955,0.0163763461955456,0.0163208758532135,0.00825962716015784,0.000544514021236047,0.00394765394181175,0,0,0.00356549399420785,0.00515145936483636,0,0,0.00289844507555497,0.0463116818670536,0,0.00979176681932039,0.010320905543136,0,0,0.01991792428829,0.00246180516654775
"1-11-15-15_05",0.0291810216052067,0.0381184604463101,0,0.0570919881305638,0.0318007381877735,0,0.011410982493898,0,0,0,0,0,0,0.0166477891992392,0.028166849646733,0,0.0299735126450756,0,0.00974985102633347,0.00613332492431887,0.0144497484195588,0.0254728045741094,0.0398682862858839,0.00581021741458713,0,0.0164233715366042,0.0256040389469888,0.0695593111990092,0,0,0.0316029538283412,0.0251138866008842,0,0.00159064117026897,0.00424178154825027,0,0.0427229334277859,0.0280475633158896,0,0.0281712143303478,0.0201111237675767,0.053251955967198,0,0,0,0,0.022520684217118,0.022520684217118,0.000253914515446466,0.0251002043721158,0.00514262838607692,0.00617936963712995,0.0123164284315645,0.0200343192071878,0.0101759548481344,0.00712701713075297,0,0.0112306232204998,0,0,0,0,0.0375006519584833,0.0265379975874548,0,0.0432970339392434,0,0,0.0233686427434594,0.019063462785286,0,0,0.012177822579514,0.112502829548027,0,0.0102858183142181,0.0421296131671739,0,0,0.0611368888567921,0.0129208495526873,0.0334999012323954,0.0382764897408069,0,0.0412490073567972,0.0252352041525699,0,0.0107375872643048,0,0,0,0,0,0,0.0282325029655991,0.0285779483103178,0,0.0282379097109339,0,0.00554058101227913,0.00503982337405084,0.037556467566211,0.0223203158819903,0.0285465016643904,7.27290358554147e-05,0.0307656450297168,0.0159242872623864,0.0183996372574756,0.0895427435387674,0,0,0.0340104004959005,0.0339895566438556,0,0.00169883887588477,0.0067476383265857,0,0.0434277993348115,0.0286003548784741,0,0.0196892294593444,0.0326653123941975,0.0511831838401517,0,0,0,0,0.0205761691142978,0.0205761691142978,0.000877158008053905,0.0236727819875245,0.00156565178447893,0.00679993445846305,0.0127932178683085,0.0193647789648709,0.0097508956861301,0.0063563044752393,0,0.0152303471762369,0,0,0,0,0.038644267032375,0.00120627261761158,0,0.0393057756013251,0,0,0.0194136094380009,0.0169765335375249,0,0,0.0124581818547791,0.115717094024431,0,0.0177741318020235,0.0438965514764065,0,0,0.0679719212006107,0.0049052528227786
"1-11-15-15_13",0.0396020762068785,0.0221611851579751,0,0.0456143612975202,0.037061717426,0,0.00690220266300494,0,0,0,0,0,0,0.0214817737877966,0.0133482865559632,0,0.0345436697728472,0,0.0846318181047492,0.0507022356555021,0.121997680967368,0.0288774578573496,0.107241070941251,0.0286948786376922,0,0.015659624759935,0.00773500773500773,0.0762094401955016,0.0211915793401536,0,0.056564350449792,0.0893880389429764,0,0.00753115027507145,0,0,0.0483776481800456,0.0113525185427224,0.0115485943195352,0.0504353128493513,0.0406083333011505,0.0542408439283137,0,0,0,0,0.0182920810647547,0.0182920810647547,0.00155498603392173,0.0204854990597665,0.00434406517048317,0.00812099006289009,0.0125883259770003,0.0475340152346647,0.0256523350516569,0.00880090684855532,0,0.00599152418529885,0,0,0,0,0.0420109860017075,0,0,0.0157148302876125,0,0,0.0218387437333142,0.033088363676767,0,0,0.0132303186175118,0.0892353106425103,0,0.0208063390810326,0.0354400348117182,0,0,0.0452397391123653,0.010586209316512,0.0450355331959825,0.0172745302872023,0,0.0456188815675264,0.0373141111243174,0,0.00664857074510254,0,0,0,0,0,0,0.0161330917144871,0.0143092485734936,0,0.0381033156029365,0,0.0856273902149545,0.0264316760713741,0.186016757423039,0.0229429631852165,0.122596590702577,0.00335154338572913,0.0023788284269997,0.0133715349738132,0.00882559422324742,0.0846675366839609,0.0331070138283294,0,0.0596607767261877,0.0830191050779286,0,0.00810169730914693,0,0,0.047136888670435,0.0117533973042627,0.00689500241929909,0.0519701934432228,0.0353124251855399,0.0424699184888084,0,0,0,0,0.0162247719188891,0.0162247719188891,0,0.019321402496707,0.00176024510223694,0.00704354609278209,0.0141408297314774,0.0398523344439737,0.0230888303505961,0.0082025307312757,0,0.000143988480921526,0,0,0,0,0.070605996331832,0.0042969812347022,0,0.0267475819620651,0,0,0.0151399612366155,0.0303821185478937,0,0,0.013153562599365,0.0979181837652602,0,0.0216055444877802,0.0376782657593496,0,0,0.0710510718166551,0.0121173532507035
"1-11-16-15_09",0.0244249665029031,0.0159393743143121,0,0.0391320193154554,0.0398393547075171,0,0.0104988688599716,0,0,0,0,0,0,0.0191167334952279,0.0181940087343022,0,0.0348259232624053,0,0.0106199884203263,0.0157297512042509,0.013360120542441,0.0400292191238185,0.0242555083753116,0,0,0.0132993040182198,0.0223460410557185,0.0455958201031534,0.0238855803650256,0,0.0253583938935904,0.0296841107526294,0,0.0124228769327788,0.0534090909090909,0,0.0488538581722361,0.0167220679959866,0.00503561007749506,0.0296014919616866,0.0266817192044076,0.0318316459613599,0,0,0,0,0.012894807675895,0.0118164603639698,0.00220011386554216,0.013615229233403,0.00579784486339844,0.0103267309971221,0.0190812595406298,0.0404882655795267,0.0233228770033079,0.00654093334087287,0.0101840662708629,0.00284432775407505,0.01792293250553,0.0289313053484765,0.025943532031145,0.000384341476097351,0.0284090909090909,0.0157258689252698,0.0102565065299967,0.03865020799268,0,0,0.0193297439227928,0.0326839125672945,0,0,0.0142832525318825,0.0538232221319351,0,0.0251619839033036,0.0371668590675802,0,0,0.0767414439200602,0.00849436222904613,0.0201692019112647,0.0178350994403026,0,0.0480823300655145,0.0344133040815257,0,0.00963305792374322,0,0,0,0,0,0,0.0220989024540634,0.0195606579002115,0,0.0358936066761265,0,0.0143511988716502,0.00401722150654282,0.0260483449684191,0.0430382610662977,0.029548887335705,0.000941890583710526,0.00417850576633796,0.0125435695959009,0.00658413055711874,0.0669130014672727,0.0235163343967894,0,0.0256854760425696,0.0247610124945072,0,0.0112703494128079,0,0,0.0463728921412663,0.018089671525239,0.00616098709365034,0.0351256482819768,0.0268356396873786,0.0409497047958829,0,0,0,0,0.0137198663013205,0.0126025088245486,0.00330850414949263,0.014732242298368,0.00643760981587845,0.00877184645942427,0.0185022530577212,0.0369875087378051,0.0224962098776837,0.00651255125826982,0.00839136300661266,0,0.018750190473288,0.026331896742114,0.0275866653371888,0.00246732232410287,0.0261662457287179,0.011625906353693,0.00785411870470822,0.0384023984113615,0,0,0.0160145014381592,0.0290443171540549,0,0,0.0138382734300953,0.0704273418139009,0,0.022823428948492,0.0384083657726565,0,0,0.0715433176450283,0.00645157509844365
"1-11-2014_01",0.00436571762789046,0.000285485577380586,0,0.00740762645454142,0.0134084101456542,0,0.000118954965153713,0,0,0,0,0,0,5.94742476507672e-05,0.00326588273019904,0,0.00634850967995978,0,0.000484475888971491,0.00147674854525599,0.000392831755770886,0.000420477882254005,0.00148959026986642,0,0.00530846484935438,0.00106559019607438,0,0.00447049741016365,0.0012713823393435,0,0.00461112311289929,0.00322299066675619,0,0.00124813801121432,0,0,0.0026265736799203,0.00304550318453195,0,0.00203851663939207,0.011604055802652,0,0,0,0,0,0.00264111368055575,0.00147939806077789,0,0.00170083231515176,0.000795611461120221,0,2.80094784074931e-05,0.00144001262476822,0,0.00208809499987656,0.000186596755082429,0,0.00851943519861929,1.11379039578542e-05,0.0208721092384839,0.000581554460864806,0.0861439130065415,0.00465203409410222,0.00300910960916838,0.00115601321157956,0,0,0.00364758411410706,0.000987636153709012,0,0,0.00125544058897623,0.0204653902184139,0,0,0.0029527622372374,0,0,0.00829780223072084,0.000822132840829958,0.00420442959809991,0.000707519838002354,0,0.00616538528626441,0.0038692506402156,0,0.000104708193223799,0,0,0,0,0,0,0.000189925506995589,0.00324317308728002,0,0.00488347778196885,0,0.00114268185129798,0.000427391756018581,0.000359120721265617,0.000279340988052353,0.00129544865705156,0,0.00460084556080577,0.000943454138035168,0,0.00471177276880902,0.000835950957543824,0,0.00447882830098567,0.00341514421243005,0,0.00269039787609961,0,0,0.00237529691211401,0.00311668053394113,2.45682136451859e-05,0.00240450481180556,0.0124489897070729,0,0,0,0,0,0.00263989083631914,0.00141542167521477,0,0.00174482830796423,0.000684266028413332,0,2.96807244471223e-05,0.00146288189075805,0,0.00203904621330858,0.000139947566311822,0,0.00868034036692735,1.21321678364098e-05,0.0236263644973167,1.87290468788043e-05,0.0811851240805664,0.00335010723146578,0.00281496586576824,0.00126823686468962,0,0,0.00330053349140486,0.00136705031983057,0,0,0.00129962389769197,0.019440915149317,0,0.000608343667376401,0.00219160070564297,0,0,0.00313140873954882,0.00077660070775918
"1-11-2015_02",0.00443230710668681,0.000730402082730691,0,0.0106336004401109,0.00778654801450645,0,0.000162696073744136,0,0,0,0,0,0,0,0.00343297289306518,0,0.00473901333060584,0,0.00702937883533397,0.00611820207644634,0,0.000995081133035563,0.000800985363125959,0,0,0.00127547273143511,0,0.00650814799631034,0.00151751128149834,0,0.00460184410137253,0.000287095076319441,0,0.000402626718339647,0,0,0.00523275569147129,0.00332030787587498,7.04589224482127e-05,0.00928332541479183,0.00813085428551306,0.00550702436470463,0,0,0,0,0.00225578645221586,0.00227654352880393,0,0.00211158074493451,0,0.000180420741168405,0.0011980897496394,0.000385628539841115,0.000117460866984841,0.000525768129391125,0,0,0,0,0,0,0.00145089285714286,0,0,0.0012495448677634,0,0,0.000621280943242534,0.00167860205055128,0,0,0.000938879569518938,0.0119402985074627,0,0,0.0044131020095216,0,0,0.00800589908353524,0.00104293049563534,0.00398746167767974,0.000214687827995293,0,0.0130375146707391,0.00331688266527572,0,0.000103352728341197,0,0,0,0,0,0,0,0.00331871079947644,0,0.00516668510713915,0,0.000267508426515435,0.00114007501363133,0,0.00102512116362642,0.000485537411371572,0,0,0.00129969904445835,0,0.00625749724843253,0.00184066982423848,0,0.00467165351175449,0,0,0.000354357374993112,0,0,0.00425458185738488,0.00316482643919264,0,0.00488445873077366,0.00690642716592959,0.0013151149053786,0,0,0,0,0.00174532391923696,0.00182172441925261,0,0.00188317331314357,0,0,0.00117780066196176,0.000484707927153814,0.000113211819313936,0.000516437970937552,0,0,0,0,0,0,0.00144569145900704,0,0,0.00140393278893914,0,0,0.000715012887256087,0.00012991399693403,0,0,0.000738841642472864,0.0378859752318065,0,0.00560106420219842,0.00479951376582224,0,0,0.0148608137044968,0.000715669459422776
"1-11-23-15_03",0.00781156881165468,0.0125696058820349,0,0.034459109214881,0.0234777002871711,0,0.00506446729029792,0,0,0,0,0,0,0.0512642663471846,0.0142939650432409,0,0.0260793224540384,0,0.00555096090497484,0.0047129615137128,0.00734296432277117,0.0277702050916412,0.00520430990984555,0.00368918607332257,0,0.0101203169019565,0.00927454508356365,0.052530334418467,0.0179401993355482,0,0.00782266997819522,0.0133902544524477,0,0.00460977148263899,0,0,0.04108872356987,0.0133299156857623,0.00624893580793462,0.0347166144286438,0.0141695805922677,0.035762142942433,0,0,0,0,0.0157422485173754,0.0103792934954854,0.00771190873960074,0.0122519580716716,0.00513041603793921,0.000859541680097005,0.0111026017668747,0.0301578595866773,0.00574899392606294,0.00431070503356639,0.00526506487918658,0,0.0258002499279054,0.0257552004118211,0,0.0448011553823819,0,0.00302087597216537,0.00292803564970895,0.0175981389018571,0,0,0.0125181300903715,0.0184959373773183,0,0,0.00722130630490046,0.0190327720007538,0,0.0375319316172136,0.0274017305548622,0,0,0.0393028850765683,0.00779590315852638,0.0100232015263975,0.00721995131584991,0,0.0565930366760708,0.0269329967623333,0,0.00407514984809919,0,0,0,0,0,0,0.0399422783707253,0.0144643217968341,0,0.0327187279755001,0,0.00499815702174714,0.00591915168176845,0.0144757800056217,0.0266843746173481,0.00602887357590027,0.0010509818382963,0.0150365934797073,0.0109888017300584,0.0106816890107318,0.0657615475592567,0.0161089170650592,0,0.00945425719307792,0.0155761728227325,0,0.00471108293267114,0,0,0.0391818086944422,0.012915572425828,0.0269975300132116,0.0313550144968037,0.0147294475647853,0.0201123244929797,0.0515680064236963,0.0439157499786817,0,0.0599681915988399,0.0156917715498317,0.00964427441857698,0.00694703468854905,0.0115808047952679,0.00399758432334012,0.00122701584373013,0.0102971590290628,0.0247337094284874,0.00534595258091608,0.00425445593448413,0.00550607668505947,0,0.0285002448448267,0.0296110659603211,0.036697247706422,0.0226822145004157,0,0.00122747079642397,0.0030642382476003,0.0174554594858785,0,0,0.0073403720462544,0.0154207464884141,0,0,0.00633409074058729,0.0217636770208338,0,0.0330453563714903,0.0267030843823524,0,0,0.0506779967456156,0.00459297222049813
"1-11-23-15_17",0.0193789168554184,0.0253866700284438,0,0.0382143549682817,0.0120180965333481,0,0.00491307272847122,0,0,0,0,0,0,0.0136458500561888,0.0168616694724777,0,0.0195879537531268,0,0.0115883503688631,0.00543297752551096,0.0196200219218122,0.0187064112259474,0.0128798799442161,0.00332795231590712,0.011996827285346,0.0106810246237615,0.00681610568477268,0.0705977186839094,0.014858132986788,0,0.0169087453645886,0.0231228396095689,0,0.00408866563476534,0,0,0.0400220364249141,0.0166387013507921,0.00710467079347214,0.0444200248442889,0.0296485782095198,0.0600140903836552,0,0,0,0,0.015384682272461,0.0148821827201323,0.0118193834477466,0.0173121634124932,0.00858679256000656,0.0101811427529879,0.0125336975548696,0.0205576158020688,0.0195782842081579,0.00533198227375631,0.00418687230039484,0,0.0173043271296223,0.0270543009913497,0.0520163646990064,0,0.0191760509758346,0.00593164723105659,0.0039649363871897,0.021440177545278,0,0,0.0113320180098143,0.0130726564484715,0,0,0.00908269552795149,0.0539754479540818,0,0.0286076469782102,0.0370739257571913,0,0,0.052139089374038,0.00646387047477438,0.0252665148698238,0.0205129668197769,0,0.0368498992633834,0.0120470374922636,0,0.00488406396578502,0,0,0,0,0,0,0.0123038956460427,0.0164839018060282,0,0.0196353894406691,0,0.00847225776844261,0.00558169660716667,0.0282810048782584,0.0169996128127583,0.0114888429926934,0.00309220969304665,0.0165271966527197,0.00838046915647925,0.00468902637577336,0.0782185136052011,0.0158888235027839,0,0.0195546197755181,0.0242922530559592,0,0.00799855665143132,0.0381156316916488,0,0.0432289816834949,0.0162218238412449,0.00506906418393876,0.0406718106942356,0.0249880216150353,0.0624238969009762,0,0,0,0,0.0148277029501135,0.0138874226498923,0.00673166569220802,0.0166762983315253,0.00843007411807326,0.000999189336953038,0.0146422004373892,0.0190015688483044,0.0180498902268238,0.00477446649221501,0.00488562973440786,0,0.0185629877485475,0.0218298334165963,0.0684063209950923,0,0.0224678966262435,0.00669139573787185,0.00307370294679939,0.0261511833153394,0,0,0.00999067494131644,0.0109061178059792,0,0,0.00885197105650853,0.0617541097153222,0,0.0080841275057509,0.0373029025553617,0,0,0.0644553913519431,0.00703227611032738
"1-12-02-15_14",0.0152446282189285,0.0310044175273031,0,0.0431848668181445,0.0274634856895398,0,0.0106588492706503,0,0,0,0,0,0,0.0179799523531263,0.0218772377414779,0,0.0315979232102865,0,0.0143430460955826,0.00589504696468951,0.0311527897907467,0.0289527235728042,0.0136256446423062,0.00124042713838852,0,0.016837271133307,0.00724686874172635,0.0510020939276099,0.020508795577471,0,0.0177010298305103,0.0210965548191107,0,0.0102118264397057,0,0,0.0641093567871145,0.0210191925044087,0.00400074145015292,0.0778589253416974,0.0306110296471079,0.0660282258064516,0,0,0,0,0.0188025015078462,0.0177032144729995,0.00410444585252367,0.0204685885156561,0.00896841645196908,0.00582278481012658,0.0200002412938174,0.0386611854524869,0.020781397814009,0.0119506007494881,0.00558540244905861,0,0.0242763041835726,0.0335011966493817,0.0221173204545063,0.0247353903393418,0.0399972873999729,0.012838584327022,0.0105577074692353,0.0493877098325254,0,0,0.0170538585039632,0.0323206448516529,0,0,0.0152117672713453,0.0565891472868217,0,0.0203841275593405,0.0553681698957211,0,0,0.107952266170864,0.00665634535586019,0.0160119536578157,0.0328705223898884,0,0.0477298752286483,0.0249188687992582,0,0.0121607438738375,0,0,0,0,0,0,0.0154549177677667,0.0211869120834609,0,0.0335363557789464,0,0.0108749449133869,0.0073656501576397,0.0368336475560223,0.0314736056236421,0.0132537141222133,0.0019365534920657,0,0.0157512660751458,0.0204424530943713,0.065710310031734,0.00986354689607891,0,0.0178368761283985,0.0170611627423486,0,0.0188108847646653,0,0,0.0686562068376864,0.0200935634503704,0.00606664767872401,0.0785142372918183,0.0291997191997192,0.0428727759539165,0,0,0,0,0.0185368130762417,0.0178308547059839,0.00193191166819186,0.0204751112777787,0.0119076019873663,0.0099710134292214,0.0202328671882563,0.0375067334614946,0.0148468120595217,0.012604895535121,0.00607166621002779,0,0.0213006955684343,0.0389989333474378,0.0233436284720441,0.000276090557702927,0.0407233056863185,0.00988674847966207,0.0112932544806995,0.0571356623176865,0,0,0.0168976244343891,0.0276088621766543,0,0,0.0155175672764259,0.0546731031425501,0,0.0193044944125724,0.0571686991236004,0,0,0.120528964768578,0.00417977174203087
"1-12-07-15_08",0.0281608119995173,0.022360463772582,0,0.0636201630855449,0.0296725846937467,0,0.0126857547910179,0,0,0,0,0,0,0.0354049415239692,0.0297618117709665,0,0.042442494371212,0,0.0204060724035894,0.0169573848564177,0.0187617085050581,0.0382793929973327,0.039708171187453,0,0,0.0183121489801951,0.00445145135862005,0.105908015445102,0.0518956403114875,0,0.0325383283806557,0.0234470496721858,0,0.00743016193542854,0,0,0.0495327221960144,0.0286258448848665,0.00489850751159095,0.0749248294206083,0.0297360909409585,0.0357382531251066,0,0,0,0,0.0185680646001857,0.014215132160837,0.00185941720164497,0.0164943795409313,0.00470424123705221,0.00608644257491732,0,0.0694393565911124,0,0.0124460398074523,0.00569378588672059,0,0.0371530926093836,0.00269585670345576,0.116537045331596,0.00184200831535182,0.0490521790111393,0.0152944609249623,0.00665307103587851,0.0566478677379481,0,0,0.0202998485085932,0.0195847709459325,0,0,0.0146591292878094,0.0939874850835815,0,0.017377307667039,0.0518688112056856,0,0,0.0881993481803368,0.00914231970385733,0.0296671208277162,0.0248724836139877,0,0.0710861103199468,0.0276342050048616,0,0.0143823130475933,0,0,0,0,0,0,0.0262327119663259,0.0290673634722667,0,0.0492259847042823,0,0.0143211305890792,0.00706082581394253,0.0417946895923617,0.0553223270913767,0.0394539211199541,1.57870640796931e-05,0.00572889123920324,0.0166596149385981,0.018009781962792,0.10329127363306,0.0377123839551585,0,0.0332559135582026,0.0188673388619585,0,0.00966954322201412,0,0,0.0781402218660633,0.0273034636460335,0.00313727879138619,0.0877328369287322,0.0212171454060378,0.0376265023194877,0,0,0,0,0.0182766732340287,0.0139663812492602,0.00737654948181264,0.0161964271285826,0.00398639048612463,0.00627042798827276,0,0.0589585504867934,0,0.0142611195514533,0.00560856171758691,0,0.0386375529085375,0.00180415553174796,0.139514633171703,0.00124092678531967,0.0898383202867803,0.0120792970322825,0.00626009100249523,0.0589515611897598,0,0,0.0177651966912381,0.0182005831721761,0,0,0.0155149823458648,0.102001478364701,0,0.0200845997180009,0.0556447906399688,0,0,0.0993564343780357,0.00751831842229883
"1-12-09-15_12",0.0123322222970395,0.022513762565821,0,0.0340930429883922,0.0186669965252398,0,0.00465830969905206,0,0,0,0,0,0,0.00969126401772117,0.00835588168665893,0,0.0178324741157718,0,0.00796517252499194,0.00462835003806448,0.033417536011107,0.0112010399271292,0.00653485104075218,0.00141707056600674,0,0.00837266080263671,0.00319415925165412,0.0813372780044334,0.0249248096243681,0,0.0153999603386257,0.0129792868284543,0,0.00332255605499041,0.00684462696783025,0,0.0546002360688327,0.00765672901900404,0.0053032767179081,0.0336454310560387,0.0305545951179033,0.0370791794288285,0,0,0,0,0.0172913055375003,0.0136037334639305,0.000309586247086247,0.0145207489511013,0.00460656435420474,0.00207129619535594,0.0112848440017515,0.0168945996821457,0.0100793601552233,0.00388535074285203,0,0.000723738626964433,0.0343414850508615,0.017172335814567,0.0648129736417666,0,0.0212882845762945,0.00789744663769482,0.00148940746316808,0.037450619500808,0,0,0.0105960912848861,0.00757790447288266,0,0,0.00734046736480905,0.0469158201507128,0.00444444444444444,0.00795989165043007,0.0371139597892563,0,0,0.0521182761098303,0.00526147107526307,0.0121752732038301,0.0228458133833523,0,0.0301885158704634,0.0135200585319607,0,0.00466070322167551,0,0,0,0,0,0,0.00800630003937525,0.00817587586559777,0,0.015654158428052,0,0.00699294835783101,0.00288001800928849,0.0358615568019699,0.011499980647908,0.0101376997220601,0,0.00814935546006816,0.0069894142512349,0.00503209446073381,0.0775184155107916,0.0249093395160811,0,0.0163827842775942,0.0203181103724747,0,0.00382762489276051,0,0,0.0522493387566402,0.00761054686603569,0.00345303867403315,0.0360115742804575,0.0243792325056433,0.0311457251644168,0,0,0,0,0.018541031467991,0.0136804205545521,0.00113207547169811,0.0151681772094891,0.00353536671276124,0.00104366176183868,0.0100094798991775,0.015875044290967,0.0104729279302567,0.00416621622745379,0.00112026886452749,0.000336662551902143,0.0431456208284395,0.0180388498317396,0.0917451148626603,0,0.00644122383252818,0.00823028936967253,0.00180519420061966,0.0392468577674003,0,0,0.00913396960056557,0.00693692985048291,0,0,0.00726589260083842,0.0506427668345991,0,0.00369360154563019,0.0369312320228813,0,0,0.0528132942156038,0.00462856420512189
"1-12-14-15_04",0.0231094266859489,0.0172162990091216,0,0.0637733383491397,0.0338380070241843,0,0.00648601170485823,0,0,0,0,0,0,0.0519472075937845,0.0222505064524728,0,0.0405397508568583,0,0.0158187745256553,0.0112180026237008,0.0205440538145126,0.0361942491043842,0.0655977619301735,0.000357849534795605,0,0.0116735250616127,0.00174641983932937,0.0520323428408299,0.031821246267938,0,0.0276584787754145,0.0653959965187119,0,0.0046912956146369,0,0,0.0297136019061153,0.0207785754743409,0.00308375800339736,0.031412504085817,0.0307518615090992,0.0342790182195523,0,0,0,0,0.0148593260412491,0.0148593260412491,0.00127871067361513,0.0150232545883345,0,0.00214749929358576,0.0141586130836396,0.035502553494668,0.00597412927351956,0.00465566164577639,0,0.0028705844828961,0,0,0,0,0.043795284293258,0,0,0.0455715756951596,0,0,0.00993718432227915,0.012275328016124,0,0,0.00874715593553632,0.0426101444920925,0.0013288390484216,0.00404788064534783,0.0315384390952621,0,0,0.0576956575199295,0.00817893083429246,0.0247692289508831,0.017180099649503,0,0.0659254936521926,0.0280425579037932,0,0.00705345205438573,0,0,0,0,0,0,0.039557069846678,0.0219792230587669,0,0.0448350149265919,0,0.0126921701823382,0.0051772860953915,0.0593859968450431,0.0496795533473715,0.0587134156693904,0,0.00752264095822378,0.0092815329368822,0.0076144578313253,0.0509466062134913,0.0270564197205378,0,0.0285753783147042,0.0613710518349087,0,0.00593320782677283,0.0196261682242991,0,0.0346743157906328,0.0201284158566326,0.00652689152233364,0.0347322601161321,0.0284214016969564,0.0285830193349652,0,0,0,0,0.0146353363393158,0.0146353363393158,0,0.0154547644754571,0.00156825844899239,0.00213504649977399,0.013199571905776,0.0333883802940012,0.00651448942042318,0.00415180537045629,0,0,0,0,0,0,0.0432620367925359,0,0,0.0447848550900137,0,0,0.00898139946855625,0.0136300138402039,0,0,0.00921396927039773,0.0581012172776728,0.00145847006490192,0.00336326530612245,0.032090790179265,0,0,0.0588146483890201,0.00570033899567007
"1-12-14-15_19",0.0204532776465562,0.0317329472641503,0,0.0519997115800606,0.0163379876205556,0,0.00762513085617491,0,0,0,0,0,0,0.0197135192105011,0.0148138618422865,0,0.0269721875489703,0,0.0144314786628333,0.0252548806941432,0.0348534264816566,0.0231183654502418,0.0243164943473101,0.0175841527309266,0,0.0183141475048806,0.0151745617847313,0.0607100325618967,0.0430709471038501,0,0.0258790389683392,0.0141013074738476,0,0.00374301445255697,0.00289645184648805,0,0.0478833475031682,0.0138439251788538,0.00940383007306474,0.0436389190094798,0.0314903979190879,0.0533634981795044,0,0,0,0,0.0161749869098247,0.0150636375211674,0,0.0170470444399482,0.00944687884027212,0.008101451780159,0.00914138878223115,0.0328781535977317,0.00866161122952421,0.00619802587156615,0.00178973058333732,0.00922868512403691,0.0219025427225324,0.021818053646329,0.025520520247008,0.0138220220531138,0.0379066643303545,0.0133649188558498,0.00641423348955301,0.0303021256269405,0,0,0.0108470190521901,0.0157780828355532,0,0,0.00965040612592652,0.0688347146590154,0.00101729399796541,0.00839065528036289,0.0415294610222811,0,0,0.0588191528238839,0.00853672700725083,0.0215248579474136,0.0296298621301172,0,0.0528340262299574,0.018342692478203,0,0.0080246688821556,0,0,0,0,0,0,0.0231777031385546,0.014403369386602,0,0.0289510341810282,0,0.0453193808589492,0.0110473326235914,0.0813857574924388,0.0235364946029609,0.0250205850033385,0,0.00428970470869912,0.012902547129554,0.0197894967657055,0.0582518694407476,0.036081219262794,0,0.0301705741530702,0.0126183970493344,0,0.00944646104831026,0,0,0.0362788102544621,0.0131634006860901,0.0112064676616915,0.0427219520410956,0.0278860730265073,0.0578986729742421,0,0,0,0,0.0189489006486026,0.0165406589844717,0.00141427787393929,0.019114880483806,0.00731748172833629,0.00447289272769338,0.00858839767978806,0.0283833326009999,0.00878907573732538,0.00538869428026277,0.0027753734994167,0.0048620758086922,0.0342286464190215,0.0329462066613767,0.0505813465999609,0,0.0396114409066379,0.0165746717809586,0.00566746630056137,0.04687912607191,0,0,0.012075275005701,0.0142063497369318,0,0,0.00965355671459474,0.0955646135165806,0.000566272792479897,0.0128259940145361,0.0403337155818258,0,0,0.0626356276001705,0.00753102322437475
"1-12-18-15_08",0.0190088216888386,0.00781685828967957,0,0.0192529640121708,0.00720480320213476,0,0.00203322868039071,0,0,0,0,0,0,0.00697608200455581,0.00949791168381813,0,0.0116900228941524,0,0.00370794267975291,0.00442461230383688,0.00849354000947356,0.00984397302751391,0.0171834235161908,0,0.000327653997378768,0.00647831688211123,0,0.0237204102464395,0.010022356394385,0,0.0211997744704844,0.0453601232047563,0,0.00398711192220341,0.000861326442721792,0,0.030400192195744,0.00929646842150329,0.00245123682833869,0.0217653832111663,0.0204333350583933,0.0180636271044275,0,0,0,0,0.0108022263487608,0.0108035780657631,0,0.0126540179410794,0.00063969571230982,0.00235609685370451,0.00609535355576322,0.01281843340682,0.00367064437456102,0.0013869911826287,0,0,0,0,0,0,0.0440744368266405,0.00663525338974901,0.0133678537461693,0.00959512427215262,0,0,0.00673510401390473,0.00763392414545214,0,0,0.00393237170903,0.0687537680818018,0,0.0104792613219991,0.0187017101294372,0,0,0.0335956165780001,0.00514138069494475,0.0155865289776517,0.0069584673078682,0,0.0216830859554926,0.00764000231807909,0,0.0018068872543925,0,0,0,0,0,0,0.00701608430393788,0.00985640601422315,0,0.0121926889795028,0,0.00355345215106524,0.00520732462445342,0.00883315158124318,0.00945589012150026,0.0173387717790375,0,0.000101419878296146,0.00629163055068611,0,0.0244894536000335,0.00983767830791933,0,0.0199964749270875,0.0423447189009558,0,0.00546522858982614,0,0,0.0237984094052559,0.00964046517267536,0.00161236614732119,0.020847380745136,0.0192845003333552,0.0198761543711915,0,0,0,0,0.0101908917015415,0.0101921124542194,0.000453709071660827,0.0126401548105928,0.00115253622719209,0.00063940663064676,0.00633390525336931,0.013144288145786,0.00343548120998813,0.00111686986387983,0,0,0,0,0,0,0.053658010990195,0.0120520329090221,0.00627352572145546,0.0128246100555664,0,0,0.00745806328631338,0.00651627630894262,0,0,0.00371144419725109,0.0693102991365757,0,0.0105608836810091,0.0178780111699394,0,0,0.0355411954765751,0.00589523018945544
"1-5-12-15_02",0.0090637320442936,0.00509279405505956,0,0.0232678386763185,0.0232476459667843,0,0.00124549993508103,0,0,0,0,0,0,0.0051335823666907,0.0059449286465635,0,0.0118702789446619,0,0.00390926041019267,0.00357595352064008,0.0027825642989342,0.00755522745112698,0.00465322166545673,0,0.0016,0.00346748379781645,0.00308890679559495,0.013406757646389,0.00316165221825599,0,0.0082421689153253,0.0030544721909022,0,0.00124211138428773,0,0,0.00526938846220477,0.00550812691874077,0.00389554503657736,0.00783957381226002,0.0153050198390401,0.00972269812521416,0,0,0,0,0.00397121016556112,0.00270152722641684,0.00157782981259075,0.00329236758642732,0.00190483434913934,0.000808349777703811,0.00250888066467502,0.00621012522545231,0.000350546763829515,0.00177106953663286,0.000933874905768647,0,0.00975617557917296,0,0.0257959718443552,0.000662446636243192,0.00845224651815351,0.00265697105299958,0.00237095982994495,0.00729859995409686,0,0,0.00420713923135824,0.00343599488484935,0,0,0.00243630674501734,0.0331255440429057,0,0.00328083989501312,0.0080961610627339,0,0,0.0138312982520446,0.00290514164981126,0.0085637223926144,0.00523682066798557,0,0.0222024629290404,0.0128944026570284,0,0.00126722793297941,0,0,0,0,0,0,0.00427848304676201,0.00580362544093369,0,0.0136392556068077,0,0.00295694557270512,0.00202456105070642,0.00472088141965668,0.0109236189545018,0.00414463196314324,1.05217748129755e-05,0.000973393900064893,0.00364141979484658,0.00310687085865112,0.0106650735978219,0.00352697095435685,0,0.00836896619445297,0.00480266243370973,0,0.00163342337173396,0,0,0.00246496120846303,0.00519618341948725,0.00520682672837721,0.0088250817043217,0.0129760050267702,0.0105316429747407,0,0,0,0,0.00492404215669248,0.00303550149266539,0.00359522754445959,0.00336405124216767,0.00148440405543069,0.000535425611878211,0.00239790368832196,0.00491247026947558,0.00019837226049267,0.00228732793795638,0.000661271883616149,0,0.0122674954424061,0,0.0381784022650896,0.00116255560048524,0.0140327430671567,0.00247648529586856,0.00238210377375387,0.00685349629004953,0,0,0.00419238525942676,0.00245737117559887,0,0,0.00249213554609834,0.0354810724322976,0,0.00163638415528721,0.00767754004034082,0,0,0.0138734959438954,0.0013480095039519
"1-5-12-15_05",0.0131072580047769,0.00941264448165428,0,0.0356263283964778,0.0143943267456595,0,0.00438387361154117,0,0,0,0,0,0,0.01811612385206,0.0134985630076735,0,0.0180132901102075,0,0.010198533796345,0.00541297188917064,0.0102367387702295,0.0155042223314418,0.014344262295082,0.00763945993262421,0,0.00523954252883837,0.0060179257362356,0.0340588256316786,0.0120182854895792,0,0.0156927652567374,0.0181627450262866,0,0.00298325944080691,0,0,0.0177897603907118,0.0131317806331154,0.00376183095836406,0.0137145967261599,0.0267577669283158,0.0168346661707272,0,0,0,0,0.00759464536475958,0.00490674153750393,0.00105250568113862,0.00562503241400891,0.00104675505931612,0.00464193511464944,0.00812856628797615,0.0155862659126799,0.00339504092981764,0.00594567455179223,0.00446061315149632,0.00141336880611906,0.0212580555784683,0.00776484982102082,0.0461027399987486,0,0.0297379842469056,0.00649458507740349,0.00296630642862822,0.0134564230949773,0,0,0.0081675151957702,0.00534121591359873,0,0,0.00636413225125481,0.0392186649693385,0.000823253752137293,0.000869694334259593,0.0163742410219545,0,0,0.0264264129491667,0.00271705889548615,0.0127631969963832,0.00892356732520667,0,0.0344201413628081,0.0183391786401177,0,0.00432587364759113,0,0,0,0,0,0,0.0306018508484862,0.0132862479987975,0,0.0195885909693138,0,0.00823959234688972,0.00605394367608739,0.0157552373178996,0.0172250022033118,0.0135308153407438,0.000217096336499322,0,0.00563846523849633,0.005955441302485,0.0317351443780008,0.00802555505689168,0,0.0157227170704525,0.0169297525203862,0,0.00345250310317927,0,0,0.0174357247109015,0.0127638327658367,0.00256828172074875,0.017260089637435,0.0232921011132034,0.0195216479920375,0,0,0,0,0.00719521425282712,0.00465358132042184,0.000552400733588174,0.00557743945127301,0.000606157850635574,0.00335978180014877,0.00838662366152718,0.0134634332034574,0.00219562270467965,0.00611309701532169,0.00269792453177658,0.00192874971636034,0.0201758830704033,0.00583364308429356,0.0466070611076485,0,0.0325906218822747,0.00378968181318882,0.00273899927823668,0.0157081242552906,0,0.108108108108108,0.00733649458709851,0.00686303890706539,0,0,0.00647837867009357,0.0412153722917592,0.000879953971638407,0.000327192187657304,0.0168600769035942,0,0,0.028279200915064,0.00148121815380969
"1-5-12-15_27",0.00575454602434506,0.0014314905465487,0,0.0122975011477668,0.0160697504437715,0,0.000703242915426918,0,0,0,0,0,0,0.00605792894554174,0.00536510347809453,0,0.00995240192282059,0,6.1622362755444e-05,0.00084642035370158,0.00151451454688527,0.00563586521598474,0.00632421094375714,0.000360873694207028,0,0.00474157235019755,0.00126362344021482,0.00589290289520881,0.00414362085869143,0,0.00712123415968932,0.00925129524906031,0,0.00142785058661595,0,0,0.00957688107305872,0.00505500348851016,0.00241676056108036,0.0062763557909189,0.0113051079005743,0.00825815595105067,0,0,0,0,0.00362322087624695,0.00354385057373696,0.000246858879007501,0.0036692972555107,0.00372391188651567,3.90475243869539e-05,0.00151241028944186,0.00712233439196575,0.000740890863121244,0.00222391145706641,0.00195537826792593,0,0.0039251188614623,0.00311137999580211,0.00074335331424866,0.00322182615848643,0.0190151496962858,0.00745104401981953,0.00189628259235706,0.00265073310704413,0,0,0.00493225657036654,0.00217088998763906,0,0,0.00195824162029223,0.0275870900039352,0,0.0217294018198996,0.00537154299432152,0,0,0.0114003172673964,0.00203225253565187,0.01002187997922,0.00105521028656638,0,0.0139099499722068,0.0163940516993154,0,0.000729392129526661,0,0,0,0,0,0,0.00880512167566307,0.00505082339894424,0,0.0104835328403978,0,0.000410787355725897,0.00146247433961308,0.00143431657573467,0.00752412479986153,0.0031613520737437,0,0,0.00290718035659501,0.00210203866061054,0.00569905922018598,0.00578963692585317,0,0.00877380077646459,0.00409106155016275,0,0.0017899799863449,0,0,0.00572892279725673,0.00467851465986013,0.00172901869713356,0.00541411565755165,0.0100168980715294,0.00475449515905947,0,0,0,0,0.00381764773882749,0.00352585062199237,0,0.00385812624132347,0.00513115298017857,0,0.00199769006594056,0.0050263215309186,3.79657273025351e-05,0.00224905492693108,0.00202444687505997,0,0.00489905880720579,0.00468670402445237,0.0137497616707977,0,0.00876207593799146,0.00408458651227829,0.00474406218065835,0.00340037275437545,0,0,0.00503456404471633,0.00215848829452472,0,0,0.002008339634665,0.0357583529516846,0,0.0146159427801389,0.00465384662722819,0,0,0.0130099487843645,0.00301182122441314
"1-5-12-15_36",0.00527506734510626,0.000774258870475425,0,0.0135385076191546,0.00286724963747418,0,0.000460177344057862,0,0,0,0,0,0,0.00227800607468287,0.00331714857213501,0,0.00488626364908333,0,0.000635990359725074,0.000607531481899697,0.00351108764519535,0.00141555339290454,0.0067044229152692,0,0,0.0025150898518026,0,0.00831404034989679,0.00360374789781373,0,0.00868480903749603,0.00453570035115099,0,0.000428170638747948,0,0,0.0025493384906158,0.00319453391337379,0,0.00542394096248875,0.00923719565279589,0.00157448061340741,0,0,0,0,0.00446980223803916,0.00261509535014357,2.55303939339784e-05,0.0031237505642613,0.000352968168154035,0.000162235241099594,0.000348545051721055,0.00251736485956975,0,0.000674689505135902,0.00423790310876317,0,0.0121054043522277,0.0018738873793685,0.0293516672566811,0.0136620136620137,0.00340626228219573,0.000339365478276023,0.00178279382947061,0.00195409989273691,0,0,0.00411679499885645,0.000537187601710153,0,0,0.00120335144589029,0.0289044272463438,0,0.000651776089844827,0.00364004610725069,0,0,0.00537116619861175,0.00223933783630562,0.00663215941098025,0.000609343263371699,0,0.0107739785885952,0.00587422944520054,0,0.000255474820603372,0,0,0,0,0,0,0,0.00306164356066727,0,0.00500230000016028,0,0.00212714896587835,0.000616396137250873,0.000547316844327452,0.00175092202808926,0.00404197729843416,0,0,0.00215746514530299,0.00103534283966304,0.00447110888062596,0.00736215538847118,0,0.0091881796905329,0.00895413660875988,0,0.00110861707781688,0,0,0.00173756740563212,0.00289226167868686,0,0.00707780546800557,0.0115859965106196,0.000987810669621656,0,0,0,0,0.00458621559004142,0.00264552372251789,0,0.00315090215782263,0.000651324359531046,0,3.98009950248756e-05,0.00157677399668669,0,0.000538325287396242,0.00161581008016904,0.0123065089895202,0.0141644111523985,0.00139218861129186,0.0458644524169468,0,0.0122699386503067,0.00143140664242935,0.00149789617095587,0.00187529301453352,0,0,0.00296608983814424,1.1793878387423e-05,0,0,0.00117914590260185,0.0309193300251214,0,0.000665229159976143,0.00352613495242686,0,0,0.00528199893612433,0.00159378813474675
"1-5-12-15_41",0.0106414177968587,0.00418793033616849,0,0.0132773027930026,0.00985358278488501,0,0.00126907290368087,0,0,0,0,0,0,0.00750993962597556,0.00630526151986521,0,0.00911208301088809,0,0.00438954185656033,0.00303821050943233,0.00664926553241755,0.00970651177010089,0.00706821755247725,0,0,0.00412994952878373,0.000530457077181505,0.0138742082879044,0.00677559629581473,0,0.011158140218663,0.0145570400098572,0,0.00172192887605006,0,0,0.0115490185923663,0.0060534488578823,0.000277461779639855,0.00611297294250771,0.0165190638307606,0.0101448012432283,0,0,0,0,0.00487384910517876,0.00390596878844586,0.000220904160729867,0.00422939139005532,0.00154410683398576,0.000598943834252839,0.00467577333915737,0.00484871169856468,0.000385264794168096,0.00164024656545332,0.000276416172188848,0.000617283950617284,0.00953685601517527,0.00629040084830549,0.0204390977443609,0,0.00728572874152528,0.00221670611325983,0.000855960816015978,0.0126109376644333,0,0,0.00512635141796195,0.00177208844120339,0,0,0.00265288257581674,0.0317562383690999,0,0.00392101551480959,0.00769459519738309,0,0,0.0129603721347572,0.00143461942923451,0.0112041028244577,0.0035485954383495,0,0.0171795408554881,0.00723115346815858,0,0.00114149168387708,0,0,0,0,0,0,0.00571301791558045,0.00604391151067584,0,0.00929145707742587,0,0.00365494263663714,0.00320846841208158,0.00645935406459354,0.00940905103508467,0.00526197152361714,0.000190536678310575,0.00136818607330597,0.00317575989191809,0,0.0169238804461367,0.00556239870340357,0,0.0116186093346078,0.0105258836569646,0,0.00193244313982685,0,0,0.0131575967570261,0.00575888204679031,0.00132493132977864,0.00583393775030746,0.015658820452877,0.0106890314093077,0,0,0,0,0.00456369689198557,0.00386584633596262,0,0.0042579131910096,0.00321147488093864,0.000867166595091011,0.00520872978762736,0.00426161437970278,0.000204764179919459,0.00222351349035112,0.000212714664548974,0,0.00732390130423822,0.00393869817625208,0.0177267667604498,0,0.00564942910136641,0.00506886932737081,0.00228103778512972,0.0116244361899708,0,0,0.00457122196252631,0.00183613104237733,0,0,0.00284245178143384,0.0351667749762122,0,0.000585610708310095,0.00749628770773581,0,0,0.0131709734349145,0.0012851195282399
"1-5-22-15_10",0.00777379437409951,0.00228210304572983,0,0.0228085316237209,0.0164228894021042,0,0.000760125435295904,0.0002584461088431,0,0,0,0,0,0.00589537859833779,0.00723664472149635,0,0.0141075010193281,0,0.00305951182084113,0.0045608641208629,0.00149855253448374,0.00810658763155367,0.00480451913758079,0,0.0084411930219471,0.00358491768325238,0.00283406546691229,0.00876128858336703,0.00838311813451532,0,0.00708844357810845,0.00427889737440497,0,0.00127029483999791,0,0,0.0101595021225735,0.00675441933279608,0.000849086831143864,0.00451448811953757,0.0110954921434739,0.0066063465950907,0,0,0,0,0.00410230958537686,0.00300191082941413,0,0.00317839557738857,0.00299231112744815,0.00658805948388978,0.00251837100699903,0.00919966438033917,0.00119186807169964,0.00139268536916368,0.00108582911966809,0,0.00774893452150329,0.00137081594238481,0.0177975811584978,0.00354322176132899,0.0489073881373569,0.000429401363980803,0.00269146351171545,0.00935176500971877,0,0,0.00511709695814605,0.000809455177964282,0,0,0.00186089951629521,0.0192149003890133,0,0.00111777258408698,0.00869418976530901,0,0,0.0178665482733232,0.00179880354029504,0.00901291910301576,0.0024490493322069,0,0.0286103640466937,0.0108089795194037,0,0.000836941853819342,0.000148080579528156,0,0,0,0,0,0.00551717462583635,0.00662123767623932,0,0.0152233467623072,0,0.00370307871151611,0.0025130376598103,0.0015073260479241,0.0123368702096808,0.00278909193379233,0,0.00577716643741403,0.00292027370230201,0.00243547800799709,0.0104503152481264,0.00215821000704722,0,0.00813131473375169,0.00410083586993284,0,0.000970282980507408,0.000944287063267233,0,0.0137941164261743,0.0060367262982364,0.000163751395608485,0.00554226645593952,0.0108096707005194,0.0092066584484884,0,0,0,0,0.00555512694063116,0.00315555274498205,5.98685884483559e-05,0.00346782941799241,0.00294249722294439,0.00376041458570807,0.00257980524624217,0.00644388539468208,0.000998663600650909,0.00111535613151833,0.00148937578605944,0,0.0125252273509182,0.00257669217915128,0.0341389608703261,0.00333384827751172,0.0366467228719064,0.00538801167402529,0.00214961661052406,0.00667815325795782,0,0,0.00343864805290228,0.00266533242705737,0,0,0.00195687049166449,0.0279838201192753,0,0.0010215503656933,0.00847448660828735,0,0,0.0150885939360298,0.000675177693733382
"1-6-4-15_04",0.00874599286833109,0.0027214587018642,0,0.0179853578028241,0.0207129249943496,0,0.000715548347765912,0,0,0,0,0,0,0.00085614457273758,0.00697714131896037,0,0.0123301098533297,0,0.00357853166145095,0.00365642219946098,0.00248578861161962,0.00647662415580819,0.00248898028640347,0,0,0.00328997346535687,0.00202297856569275,0.00548856136171902,0.00174907136932453,0,0.00783216018573613,0.00486197030621714,0,0.000824588442018671,0,0,0.0077773298394141,0.00660449739082098,0.00140988866741213,0.00982755038437565,0.0108545894619252,0.00559506379418532,0.0158023592254618,0,0,0.0190450643776824,0.00602712416820821,0.0048609456937479,0.0017486413742264,0.00507574089443701,0.00472061266663965,0,0.00136821687706947,0.00322814934883778,0,0.00203875392164749,0.003244987491389,0,0.0102877578727772,0.00866096300478338,0.0179614977983804,0,0.0164162493043962,0.00123697689814976,0.000918650560963215,0.00564975290160536,0,0,0.00720226032408069,0.00316535791291421,0,0,0.00200965278267235,0.0364701813199239,0,0.0176439137408662,0.00800525701431776,0,0,0.0212829675555142,0.00209464829778779,0.00811150266730451,0.00229198060047359,0,0.0189061444969615,0.018201777955198,0,0.000537815400187669,0,0,0,0,0,0,0.00281066348692616,0.00665136552622187,0,0.0113400337642251,0,0.00187479962643398,0.00170445829474629,0.00167033502396757,0.00814293126309114,0.002396240635167,0.000103167234086454,0,0.00264162904352224,0.000774842473063259,0.00530483999397422,0.00124260230407953,0,0.00780078329098767,0.00832052292878883,0,0.00102459155899945,0,0,0.0114457104442108,0.00632304789947266,0.000295500997315866,0.0100509013189347,0.0135392487004283,0.00646917281369571,0,0,0,0,0.00704863125684674,0.00550574252067255,0.00525870406189555,0.00594621549884737,0.00406605475123372,0,0.00100631034826971,0.00347454820761847,0,0.00223454794788912,0.00647916834555565,0,0.0124713466305712,0.00769472502805836,0.0361169561257498,4.13445239178071e-05,0.0124780422799685,0.0021430412196346,0.00119830183511367,0.00567112184994692,0,0,0.00374416350982292,0.00246769251165299,0,0,0.00185410170679818,0.0381842916853905,0,0.0154059096106397,0.00774119528037738,0,0,0.021080463965436,0.00265171708139155
"1-9-02-15_04",0.0077896723812479,0.00204546728186352,0,0.0130490964296399,0.0206321334503951,0,0.000619425357021661,0,0,0,0,0,0,0.000452682740874869,0.00470694508577806,0,0.00951526004860093,0,0.00109219254779779,0.00236289318971806,0.000411634187725269,0.00664791194384508,0.00408077739071217,0,0,0.00254050567430692,0,0.00616729974537713,0.00470398779505869,0,0.0100492071938755,0.00421259906063883,0,0.000217325126528805,0,0,0.000528554853680547,0.00435953699960211,0.000305606989411617,0.00621906441417265,0.0116857714701601,0.00105030922511823,0.000697552752426902,0,0,0.00106317001860548,0.00333946422019505,0.00132218590227139,0.000201919497220452,0.00160779792585594,0.000586256430404302,0,0.00148175017623588,0.0056317153254575,0.000272984822709674,0.00455587508812505,0.000862671951503847,0,0.00962072734295514,0.00447954294350337,0.0401666458264655,0.000545645667332675,0.019453125,0.00135790494665373,0.00299625468164794,0.00431394377957139,0,0,0.00573395346077101,0.00212353502139168,0,0,0.00238150497138006,0.0488402619709263,0,0.00365946281847683,0.00407403362888899,0,0,0.0083857914936064,0.00142802645393686,0.00944529086896945,0.00145611251625501,0,0.0186799967588928,0.0157696086034848,0,0.000636028950923635,0,0,0,0,0,0,0.00519880965185902,0.00452797996952366,0,0.0102154579751963,0,0.000759329665894947,0.00215224343591013,0.00066141161547522,0.00452184035861973,0.00342790346540681,0,0,0.00162337990444857,0,0.00624784987404423,0.00209055680195798,0,0.0101700566445673,0.00577820051780001,0,0.000443005077765783,0,0,0.00123879618159295,0.00408809772543184,0,0.0026719227024052,0.0111413968003191,0.000108524607954854,0,0,0,0,0.00291263118251162,0.00122914573901879,0.000176955915857462,0.00143898321474912,0.000790022993959984,0,0.00149765165045975,0.0038309630440718,0,0.00418747017951492,0.000812526077695061,0,0.00734775691910384,0.00322820101161807,0.0364845673651624,0.000107907948840274,0.0141013048968711,0.00176692798245258,0.00324093434494295,0.00601323252493187,0,0,0.00338354892704939,0.0012008300061804,0,0,0.00209769548525135,0.043271521722308,0,0.00287625418060201,0.00398625305486195,0,0,0.0100869482208628,0.00338396927496409
"1-9-23-15_06",0.00981302462534082,0.00274240564590365,0,0.0203008205581013,0.0297049778648914,0,0.000801285466471744,0,0,0,0,0,0,0.00225970646641254,0.00625692523334161,0,0.010962581799877,0,0.0016373513241189,0.00287668449922124,0.00232701031466932,0.00488541107920782,0.00789463365327222,0.00103231134510168,0.0944831959416614,0.00374409675316472,0.00256415601742792,0.0111091912549422,0.00519798842074124,0,0.0133591828721404,0.00904547266427498,0,0.000366560016313134,0,0,0.010909136245761,0.00588769946631896,0.00454486710033171,0.010354249749494,0.0123539867953276,0.0170097761579945,0,0,0,0,0.00751589589284498,0.00440515551683858,0,0.00507490671077383,0.000131692366631549,0.00238889822573288,0.00166751943384479,0.00314188552941231,0,0.000899226083858286,0,0,0.0528830883839113,0,0.0532569509605413,0,0.0159448944447988,0.00119666023008513,0.00132661183337755,0.00447737327434572,0,0,0.00584502407139871,0.00545994683222215,0,0,0.00207597706782771,0.05040426055052,0,0.00705842333531763,0.00899965827593553,0,0,0.012051629667288,0.00373062433974925,0.010608815875193,0.00351634704251386,0,0.0270225607127461,0.0238806844819503,0,0.000562415838994607,0,0,0,0,0,0,0.00543981481481481,0.00633823527682434,0,0.0116875943480801,0,0.00132504916767089,0.00245560809247933,0.00255012425350317,0.00505992289641301,0.00529928610653487,0.000183308722440043,0.0594523835496891,0.00312503699663205,0.00187441424554827,0.0129257180255242,0.00841883714811892,0,0.0137069602223859,0.00616351200890727,0,0.00122283633386125,0,0,0.00460968790145848,0.00591116513652383,8.3500334001336e-05,0.0108589234508019,0.0135044467602176,0.0175614051640092,0,0,0,0,0.00851794559233217,0.00439590342128729,1.28814519972691e-05,0.00500865935851904,0.000248746374804254,0.000957350700484069,0.00126403839880703,0.00301439505150874,0,0.000994670559887951,0,0,0.0616375286964858,0,0.0795960694978069,0,0.0140499337876684,0.000847075540010657,0.000559910414333707,0.00597866437419405,0,0,0.00417753667006444,0.00125984540202185,0,0,0.00175980215550883,0.0528188745041045,0,0.0072992700729927,0.00908899614181388,0,0,0.0139337104673678,0.00378121418540459
