"Brain.ID","Ammon's horn_RG_NeuN","Anterior group of the dorsal thalamus_RG_NeuN","Basic cell groups and regions_RG_NeuN","Basolateral amygdalar nucleus_RG_NeuN","Basomedial amygdalar nucleus_RG_NeuN","Brain stem_RG_NeuN","Caudoputamen_RG_NeuN","Cerebellar cortex_RG_NeuN","Cerebellar nuclei_RG_NeuN","Cerebellum_RG_NeuN","Cerebral cortex_RG_NeuN","Cerebral nuclei_RG_NeuN","Cerebrum_RG_NeuN","Claustrum_RG_NeuN","Cortex_RG_NeuN","Cortical plate_RG_NeuN","Cortical subplate_RG_NeuN","Dentate gyrus_RG_NeuN","Dentate gyrus, granule cell layer_RG_NeuN","Dentate gyrus, molecular layer_RG_NeuN","Dentate gyrus, polymorph layer_RG_NeuN","Endopiriform nucleus_RG_NeuN","Entorhinal area_RG_NeuN","Epithalamus_RG_NeuN","Fasciola cinerea_RG_NeuN","fiber tracts_RG_NeuN","Fundus of striatum_RG_NeuN","Geniculate group, dorsal thalamus_RG_NeuN","Geniculate group, ventral thalamus_RG_NeuN","Hindbrain_RG_NeuN","Hippo_RG_NeuN","Hippocampal formation_RG_NeuN","Hippocampal region_RG_NeuN","Hypothalamus_RG_NeuN","Induseum griseum_RG_NeuN","Interbrain_RG_NeuN","Intralaminar nuclei of the dorsal thalamus_RG_NeuN","Isocortex_RG_NeuN","Lateral amygdalar nucleus_RG_NeuN","Lateral group of the dorsal thalamus_RG_NeuN","Lateral septal complex_RG_NeuN","Medial group of the dorsal thalamus_RG_NeuN","Medulla_RG_NeuN","Medulla, behavioral state related_RG_NeuN","Medulla, motor related_RG_NeuN","Medulla, sensory related_RG_NeuN","Mid_Hind_Medulla_RG_NeuN","Midbrain_RG_NeuN","Midbrain, behavioral state related_RG_NeuN","Midbrain, motor related_RG_NeuN","Midbrain, sensory related_RG_NeuN","Midline group of the dorsal thalamus_RG_NeuN","Nucleus accumbens_RG_NeuN","Olfactory areas_RG_NeuN","Olfactory tubercle_RG_NeuN","Pallidum_RG_NeuN","Parasubiculum_RG_NeuN","Peripeduncular nucleus_RG_NeuN","Pons_RG_NeuN","Pons, behavioral state related_RG_NeuN","Pons, motor related_RG_NeuN","Pons, sensory related_RG_NeuN","Posterior amygdalar nucleus_RG_NeuN","Postsubiculum_RG_NeuN","Presubiculum_RG_NeuN","Reticular nucleus of the thalamus_RG_NeuN","Retrohippocampal region_RG_NeuN","root_RG_NeuN","Striatum_RG_NeuN","Striatum-like amygdalar nuclei_RG_NeuN","Striatum dorsal region_RG_NeuN","Striatum ventral region_RG_NeuN","Striatum_Pallidum_RG_NeuN","Subiculum_RG_NeuN","Subparafascicular area_RG_NeuN","Subparafascicular nucleus_RG_NeuN","Thalamus_RG_NeuN","Thalamus, polymodal association cortex related_RG_NeuN","Thalamus, sensory-motor cortex related_RG_NeuN","Ventral group of the dorsal thalamus_RG_NeuN","ventricular systems_RG_NeuN","Ammon's horn_NL_NeuN","Anterior group of the dorsal thalamus_NL_NeuN","Basic cell groups and regions_NL_NeuN","Basolateral amygdalar nucleus_NL_NeuN","Basomedial amygdalar nucleus_NL_NeuN","Brain stem_NL_NeuN","Caudoputamen_NL_NeuN","Cerebellar cortex_NL_NeuN","Cerebellar nuclei_NL_NeuN","Cerebellum_NL_NeuN","Cerebral cortex_NL_NeuN","Cerebral nuclei_NL_NeuN","Cerebrum_NL_NeuN","Claustrum_NL_NeuN","Cortex_NL_NeuN","Cortical plate_NL_NeuN","Cortical subplate_NL_NeuN","Dentate gyrus_NL_NeuN","Dentate gyrus, granule cell layer_NL_NeuN","Dentate gyrus, molecular layer_NL_NeuN","Dentate gyrus, polymorph layer_NL_NeuN","Endopiriform nucleus_NL_NeuN","Entorhinal area_NL_NeuN","Epithalamus_NL_NeuN","Fasciola cinerea_NL_NeuN","fiber tracts_NL_NeuN","Fundus of striatum_NL_NeuN","Geniculate group, dorsal thalamus_NL_NeuN","Geniculate group, ventral thalamus_NL_NeuN","Hindbrain_NL_NeuN","Hippo_NL_NeuN","Hippocampal formation_NL_NeuN","Hippocampal region_NL_NeuN","Hypothalamus_NL_NeuN","Induseum griseum_NL_NeuN","Interbrain_NL_NeuN","Intralaminar nuclei of the dorsal thalamus_NL_NeuN","Isocortex_NL_NeuN","Lateral amygdalar nucleus_NL_NeuN","Lateral group of the dorsal thalamus_NL_NeuN","Lateral septal complex_NL_NeuN","Medial group of the dorsal thalamus_NL_NeuN","Medulla_NL_NeuN","Medulla, behavioral state related_NL_NeuN","Medulla, motor related_NL_NeuN","Medulla, sensory related_NL_NeuN","Mid_Hind_Medulla_NL_NeuN","Midbrain_NL_NeuN","Midbrain, behavioral state related_NL_NeuN","Midbrain, motor related_NL_NeuN","Midbrain, sensory related_NL_NeuN","Midline group of the dorsal thalamus_NL_NeuN","Nucleus accumbens_NL_NeuN","Olfactory areas_NL_NeuN","Olfactory tubercle_NL_NeuN","Pallidum_NL_NeuN","Parasubiculum_NL_NeuN","Peripeduncular nucleus_NL_NeuN","Pons_NL_NeuN","Pons, behavioral state related_NL_NeuN","Pons, motor related_NL_NeuN","Pons, sensory related_NL_NeuN","Posterior amygdalar nucleus_NL_NeuN","Postsubiculum_NL_NeuN","Presubiculum_NL_NeuN","Reticular nucleus of the thalamus_NL_NeuN","Retrohippocampal region_NL_NeuN","root_NL_NeuN","Striatum_NL_NeuN","Striatum-like amygdalar nuclei_NL_NeuN","Striatum dorsal region_NL_NeuN","Striatum ventral region_NL_NeuN","Striatum_Pallidum_NL_NeuN","Subiculum_NL_NeuN","Subparafascicular area_NL_NeuN","Subparafascicular nucleus_NL_NeuN","Thalamus_NL_NeuN","Thalamus, polymodal association cortex related_NL_NeuN","Thalamus, sensory-motor cortex related_NL_NeuN","Ventral group of the dorsal thalamus_NL_NeuN","ventricular systems_NL_NeuN"
"1-03-14-16_03",0.177694623374062,0.154565512552678,0,0.301522332216477,0.312336144570114,0,0.296468634555901,0,0,0,0,0,0,0.36982235598272,0.329729418147568,0,0.304678061784195,0,0.240286073583991,0.0942506966753195,0.450114822680065,0.305588476507872,0.237851860729665,0.198372293539185,0,0.0634254094701656,0.220238732828107,0.103062322236468,0.206689731907187,0,0.203061293617587,0.191621036358837,0,0.0610685633244919,0.039402574432544,0,0.111210624519811,0.331405346013685,0.354315356768193,0.120808884477888,0.203811404964441,0.0873739582763819,0,0,0,0,0.123325938567357,0.132840149916553,0.0405220241784336,0.138369156874865,0.185892315927926,0.155713000090526,0.358101727067677,0.266839597568608,0.227461755326524,0.140071908249672,0.354220874032313,0.0760391043834752,0.0796831963176937,0.0778888321861399,0.0893086129020519,0.0988819742991044,0.31907766967013,0.28563223260346,0.264577079944092,0.12352446237937,0,0,0.242095291175359,0.250387581902234,0,0,0.256523663456439,0.234501353967533,0,0.126654271827604,0.131736306370737,0,0,0.150057569867899,0.0524043942750574,0.179401281447231,0.179043679889704,0,0.305714858100623,0.30303482876721,0,0.306687973838787,0,0,0,0,0,0,0.370913293739343,0.32493400542205,0,0.300002457824563,0,0.508574141596717,0.0460717245552525,0.236589305709373,0.300027394547256,0.25374173156352,0.259525754356313,0.093885041911803,0.0378518797887525,0.22215737124909,0.105160664366688,0.196674634350852,0,0.206530245823687,0.133040462136912,0,0.0608749394617735,0.0289792893638597,0,0.118704407540845,0.326713630855831,0.36703937262681,0.102050993478143,0.225084639559522,0.0869188106566998,0,0,0,0,0.133600582573395,0.138748465588932,0.0568336737674156,0.141901019627696,0.20168323221751,0.173308790314858,0.357710326734818,0.247452587420323,0.219617577294876,0.122202695885654,0.299548048882738,0.15245336688365,0.106834491841685,0.0823931539604695,0.189105966226191,0.0823629100593149,0.3004185688439,0.304766990941638,0.264287371924682,0.15780569773831,0,0,0.211795853500883,0.238162193784162,0,0,0.254179706872615,0.223471589775114,0,0.148136610614221,0.138115040572384,0,0,0.157983276718751,0.0226927151865994
"1-03-28-16_10",0.178424667047487,0.155137486941539,0,0.290655164897028,0.335727700999647,0,0.305610629387533,0,0,0,0,0,0,0.366070404526551,0.316507622327814,0,0.283087426289758,0,0.342224963719526,0.138095679685044,0.349925003026554,0.269297574683761,0.252855037998136,0.0611179607311284,8.89284126278346e-05,0.0916058534168664,0.213403550556226,0.114021280193266,0.229980124702535,0,0.217961268324308,0.224083312526147,0,0.0345513917748375,0,0,0.0660502615264123,0.319059355882909,0.324745156288522,0.11018462947567,0.17707329948719,0.054239629774438,0,0,0,0,0.144146908040014,0.147622964858793,0.085590785589534,0.148392713805201,0.196400944133568,0.0701512660260442,0.346377480617028,0.217399918863316,0.221114526900483,0.109623740906757,0.512020898670589,0.0326408310027966,0.121732477497653,0.117268112637398,0.169764864660473,0.121357076817944,0.328690523511275,0.321326081096298,0.361555189652399,0.161776194845341,0,0,0.211977427998556,0.253172434769727,0,0,0.25029817591296,0.211614887315467,0.0675273126064898,0.103813016507674,0.113610782411175,0,0,0.138209102376758,0.0384406324285944,0.192318590772171,0.190593704964982,0,0.299975138361988,0.32008943529876,0,0.323332131581701,0,0,0,0,0,0,0.414197036234264,0.327517616460035,0,0.288529994019575,0,0.644009962702258,0.0621959369681618,0.269668894107753,0.275812934750412,0.230048996438734,0.056752593643935,0.091918851519849,0.0398533920987858,0.328010562503114,0.11032949240432,0.2225319022926,0,0.22367155490373,0.221176035982263,0,0.0430623563692898,0.000809118412720749,0,0.0954899313002914,0.330585187476003,0.359390162793354,0.124696414073504,0.169817828688503,0.0695533000106382,0.0672458093723235,0.115245269998275,0,0.0542733249405511,0.14925971205331,0.152914611087055,0.0838407163325434,0.153717117828421,0.208797454466816,0.0442890560026533,0.323655301584692,0.219113840222823,0.230289280942327,0.138265947483467,0.419587730250218,0.136898446157836,0.132495470658278,0.112996671160112,0.223984688061264,0.106134658087552,0.306524156697105,0.35434307934263,0.433049835712248,0.165478811539596,0,0,0.192871237398199,0.239318176886746,0,0,0.255688010921784,0.229969665769719,0,0.116032445898361,0.122494423794446,0,0,0.146082623506149,0.0259411967992525
"1-03-28-16_18",0.191754682559622,0.161748270527926,0,0.298112903430578,0.269301218333473,0,0.293643281645488,0,0,0,0,0,0,0.270928482603321,0.310287675692338,0,0.246976596679629,0,0.32334692281641,0.121151046824298,0.447986880942451,0.200662156950265,0.238985603209183,0.107029119311685,0.00345374486111981,0.0656350021789217,0.277089869962844,0.126237668488792,0.199747800439014,0,0.224031848963362,0.265550566862801,0,0.0668419240515552,0.00147100692796811,0,0.123504844475357,0.314346846602626,0.338591678097851,0.158154594484205,0.153366715764715,0.0912032252814376,0.0573952321204517,0.0410898082744702,0,0.0627914122723811,0.139532779315254,0.155021699179668,0.068188383611764,0.163997404758047,0.197818392218229,0.0236759673094633,0.34595369165688,0.228334330261081,0.247154065100528,0.143959790851068,0.36176345513269,0.0994523696842675,0.0732246263072131,0.0779680792712834,0.0918642060335935,0.0737477275011191,0.262269860937738,0.312038548336497,0.324594933214415,0.102607468084435,0,0,0.208327460660888,0.295630154316872,0,0,0.252376962520471,0.2269418273052,0,0.136437267330717,0.127458933329893,0,0,0.153372754892305,0.0345055130833253,0.185059694210144,0.176328814820022,0,0.328689467460272,0.292948204512081,0,0.314418139686223,0,0,0,0,0,0,0.288756244179155,0.30167504273903,0,0.268010264399433,0,0.50900415029373,0.0721127526819565,0.425668426791019,0.215164812864978,0.252694793491897,0.108952766029531,0,0.0354084791437109,0.285783797498271,0.12969131264209,0.210636951148026,0,0.227392449966757,0.232480528678177,0,0.0657223953925352,0,0,0.140915734136073,0.303921646131663,0.366163903952044,0.135447373808566,0.155170814859776,0.0915856184512291,0.0490623770599292,0.000344922737306843,0,0.0656025669551368,0.143797648873596,0.159665124465103,0.0860127419558993,0.161582492728373,0.229828658078832,0.0319271576074479,0.341892041487133,0.208218592495508,0.223726541648285,0.128603237451709,0.366411186750093,0.16527454027454,0.0778901991658764,0.0759806961614826,0.171901664093293,0.0440448536573632,0.340511403651335,0.323095963361981,0.342497881950742,0.166565746399985,0,0,0.164109345656115,0.290162132800449,0,0,0.250267193842071,0.241693851445391,0.0159742745179727,0.145718659597699,0.13340957229473,0,0,0.165814001318145,0.0128988565526178
"1-04-26-15_06",0.16726138525494,0.168074754326971,0,0.207570525320071,0.241911554293513,0,0.261935405675842,0,0,0,0,0,0,0.312746777171597,0.324176155396479,0,0.240225756062671,0,0.28832234020512,0.125188278591005,0.542625610580735,0.234492458590294,0.261172247369233,0.14960705706014,0.00101290350993086,0.0726575944279272,0.243058267014733,0.114548916373216,0.216623654504587,0,0.225087016611936,0.226986550262578,0,0.131335187849041,0.00239720673302413,0,0.18996423806908,0.329681916695167,0.296646125801652,0.107649862218613,0.1583890537414,0.107470718817695,0.0254598969830758,0,0,0.0263318112633181,0.138257994090277,0.146775775175034,0.0901846170093011,0.146650474516478,0.177805121800662,0.118689464678081,0.292164816985626,0.243227039575564,0.260319335591195,0.138466490948157,0.419198342010281,0.0461113512091546,0.107091729264988,0.0999868837901186,0.147307790592381,0.105722128421279,0.263339588390071,0.250587864189034,0.295748680563621,0.117208871860335,0,0,0.210390941053096,0.271157621762901,0,0,0.231857897521378,0.25479982814592,0.151299418637089,0.178352111657687,0.140600625734135,0,0,0.149188973538457,0.0818044884842527,0.177261594258207,0.166244897874227,0,0.257831141255366,0.28004670599388,0,0.266426066383037,0,0,0,0,0,0,0.322179645344003,0.322810652636989,0,0.269955719311824,0,0.522723944582629,0.0398372065411951,0.558440130748161,0.258733337088836,0.277357184096413,0.184504322502567,0.0274931508502601,0.042050565169397,0.251165721232585,0.110724903596409,0.218244466298941,0,0.232778761758832,0.23180789761895,0,0.146143366461517,0.00410293002720421,0,0.186637919851949,0.326265769091172,0.3318983920311,0.106583990801357,0.161901852370821,0.10826877873542,0.0469096810983901,0.00522875816993464,0,0.0492745561581607,0.144729944997094,0.15336779881527,0.108377447515742,0.149600898028342,0.231096186866554,0.126553603946724,0.293024574730839,0.234394205066718,0.265867495097637,0.124620436340774,0.390126434234948,0.182180388801241,0.114778243978034,0.101479556578693,0.176977172052592,0.111871121555461,0.324436850776604,0.28764565147823,0.315046473364412,0.149078971301417,0,0,0.178012816736786,0.210500962318681,0,0,0.224244517163592,0.228537285440437,0.127867235721209,0.196974359378986,0.141888443892462,0,0,0.155753267253308,0.0412732390523635
"1-04-26-15_17",0.16831295807504,0.164659137728176,0,0.282935387692972,0.29811213207696,0,0.270859319111783,0,0,0,0,0,0,0.281546848964757,0.308275535228342,0,0.275277345023296,0,0.338070364387004,0.134363783580208,0.295428596324128,0.264466038040859,0.165307272619549,0.144805842161146,0.00139042921225564,0.0708195115931927,0.251990980205714,0.120539897914093,0.173737878763176,0,0.186256340106171,0.150391831804944,0,0.103197277163919,0,0,0.143263384294909,0.310373004057826,0.312128545973082,0.0956743114312749,0.104885358254754,0.0860797917139611,0,0,0,0,0.124128613085115,0.138007303600807,0.0518939460941988,0.14222537088892,0.14733491305111,0.0920884037647498,0.304793013563106,0.257226317805827,0.259456186744715,0.122097161012919,0.183449144217566,0.201305446047072,0.0594233780621884,0.054514641082493,0.0540706809834262,0.0962922041769349,0.284030304540697,0.268901458063086,0.251814984908994,0.128459883940178,0,0,0.180403794960688,0.268203786332217,0,0,0.228866259880418,0.240096812279791,0.119737127175561,0.150999697244929,0.131881371821286,0,0,0.173032936731634,0.0541135575380547,0.179719815392226,0.175197622019379,0,0.30229100412179,0.30349414312968,0,0.280063956843295,0,0,0,0,0,0,0.311195537717031,0.300765441634385,0,0.283521885889172,0,0.670832484870072,0.0801476071221066,0.18254724003117,0.265575095916277,0.177429684960163,0.194100457740723,0.0567953231078703,0.0369414207312981,0.230438719074143,0.119568687474453,0.167358461267354,0,0.194942095267381,0.101054198179457,0,0.110533024834435,0.0263242634036387,0,0.140931049911486,0.30185997981564,0.332971545435514,0.0972079207920792,0.112983720319564,0.0935664277292599,0,0,0,0,0.133549460962036,0.142878444074107,0.0509707112170011,0.145408562602355,0.199323791857253,0.0910541250641297,0.301636391233301,0.227734016024854,0.24258954176852,0.118931020485216,0.222359884550909,0.206808230372367,0.0920289119483883,0.100931884689664,0.129709599919331,0.0646059018414362,0.318223256572365,0.296766488435233,0.255028831610878,0.13943953574756,0,0,0.163852442080725,0.26416406608685,0,0,0.229722292384103,0.235879686285354,0.101057967820145,0.159542067624657,0.13331942374714,0,0,0.172486353337202,0.0226884072930184
"1-06-24-15_06",0.166955532533155,0.132601196781887,0,0.303793615953418,0.294256649295008,0,0.273728582931356,0.000856462461876976,0,0,0,0,0,0.344442789335952,0.323576386097745,0,0.276174706321609,0,0.332213304639474,0.101981436456634,0.457424822275056,0.276418601628686,0.236009715342352,0.183851225578866,0.0939531112762651,0.0591369204667802,0.277203622819589,0.0974161369875125,0.173607955090989,0,0.209410518648711,0.187325412674013,0,0.0472553893075651,0.0391211371545977,0,0.105875535262157,0.327177810802789,0.321750295169546,0.103025224137806,0.170945589901203,0.0972459882809917,0.000510403005706589,0,0,0.00061396253123108,0.121986443328747,0.137445600880115,0.0610823012074012,0.13936911981767,0.168216457226614,0.0983127683262135,0.317784381551123,0.249616357240366,0.199979667990241,0.123910707275038,0.316076693605459,0.109710382361925,0.0737149844874963,0.104570921214059,0.0508111692612228,0.0611587111325832,0.199574776516067,0.329200651849509,0.342536027731886,0.0753623359742958,0,0,0.186945461456208,0.234372468945728,0,0,0.229599470698203,0.236262909900967,0,0.147638608687198,0.110366418895778,0,0,0.124853358289221,0.0666806172845828,0.170018125051727,0.143203247464541,0,0.309144624767479,0.296648645365522,0,0.276691850906159,1.11014898199338e-05,0,0,0,0,0,0.367383709279734,0.318668928665093,0,0.27867809133956,0,0.559937099186592,0.0461586115078467,0.437013400688922,0.265337574504522,0.236463064309384,0.221879436123616,0.120067401960784,0.0385151743120785,0.263354843242149,0.106825528193757,0.173604107298781,0,0.21433027814319,0.173482003940286,0,0.0511686037918895,0.0249321748686425,0,0.0923435789231756,0.321724404944101,0.324296687530415,0.0988546081999205,0.18226764000995,0.0948868703874514,0.227053140096618,0.0894328077194634,0,0.254735802736317,0.135743342443054,0.14753958590854,0.0663907043063091,0.146561557062601,0.2041993683538,0.119884126155309,0.32323068018899,0.23326297205532,0.248507133892483,0.121414467903513,0.336002111619737,0.139215620938989,0.0897627225016365,0.127506675139876,0.0833421402105826,0.0818795728622123,0.262485884905787,0.338160594946781,0.341317795229685,0.133914663369043,0,0,0.180622067947365,0.234073118934645,0,0,0.234240598598858,0.236723968355358,0,0.14342950439322,0.117982829444312,0,0,0.12866340522908,0.0258833505001617
"1-06-24-15_08",0.164075495969882,0.147756264477951,0,0.238173803215899,0.109355531973865,0,0.262331090412249,0,0,0,0,0,0,0.324854571500928,0.314062258585183,0,0.227489513385624,0,0.374504107746265,0.132626476924694,0.309198027467146,0.242803771857844,0.269843462112436,0.132007773519363,0.153659146973651,0.0641107063018742,0.25068254607186,0.119764380868082,0.156564614149753,0,0.216039567753433,0.193205923041451,0,0.0504843607101037,0.00887210119465917,0,0.115926214154725,0.320033046758292,0.344000722192758,0.0848174623671012,0.133386622814003,0.0837744276940257,0,0,0,0,0.11410142829785,0.125684458324324,0.0578098463438702,0.125500854458767,0.17474720891701,0.0857880051501149,0.307268359620392,0.222628292485459,0.187091243116976,0.10213201573867,0.235139520075364,0.158778898509328,0.0682000130813752,0.0400085936672431,0.0955778407822124,0.100448371788578,0.182106764365979,0.31323415700312,0.397020409360415,0.0870537080338765,0,0,0.189745324388646,0.156335403428933,0,0,0.2100225594423,0.216207239649315,0.0905516561038445,0.121857027335454,0.108514362641917,0,0,0.121286622905165,0.0472335237180453,0.187492423287812,0.147405656353331,0,0.244830663742116,0.100397155398892,0,0.269475864646364,0,0,0,0,0,0,0.328328835328155,0.307520971772827,0,0.220597894540694,0,0.655493758530734,0.0555278130932507,0.304231939680415,0.251494360058478,0.254368311788244,0.14735446168303,0.114531818661955,0.0351894410288058,0.25169479421317,0.116192462058991,0.146565877067961,0,0.219349074024309,0.180403743112305,0,0.0541947467153169,0.0551330798479087,0,0.132162573767371,0.313547227879457,0.333322449102616,0.0823297445465405,0.132948663325545,0.0681369128102238,0,0,0,0,0.119965067843111,0.126835829355981,0.0541738290075207,0.121021028003798,0.199537321633637,0.0851418494381756,0.305460041702498,0.207923083951317,0.159863961072386,0.0912549631404689,0.258706020650359,0.112059309829858,0.0885730899570388,0.0660717795900433,0.156251225533837,0.0705697038479224,0.159634736387797,0.316967870405253,0.359765062784945,0.116150329340649,0,0,0.172173226090838,0.151670855339396,0,0,0.203917262434434,0.20850421622087,0.0830641881384722,0.15454735813499,0.109192079899539,0,0,0.121331036120558,0.0219090508313205
"1-06-24-15_13",0.17644467426199,0.125672566691468,0,0.263045630143155,0.264615612115034,0,0.271558034417479,0,0,0,0,0,0,0.324032722529756,0.308191098172318,0,0.259542269906534,0,0.295337808526628,0.123409189995581,0.312682533254798,0.255212517679954,0.238592689426377,0.12939230187365,0.0209787993704248,0.066690733568181,0.268614297305566,0.100990273621538,0.175825800200764,0,0.210546567693127,0.182419913266452,0,0.0305301905492446,0.00966935715163683,0,0.097653609127157,0.311813608342049,0.287839548099899,0.100282269122966,0.160579637455478,0.0438091406277587,0,0,0,0,0.114941871455801,0.122102049363071,0.043781945804437,0.125355914584036,0.177590528139146,0.0445564285441855,0.290585831090596,0.22322814721592,0.172447690534596,0.107801652675491,0.433063210706968,0.0175557437200113,0.070031008588523,0.0513430808918537,0.0703079384386223,0.12786404817057,0.277066550689916,0.335786227867572,0.331759749802084,0.103883626946252,0,0,0.189279617717116,0.25891141830566,0,0,0.223935242206094,0.247519659262128,0,0.148620628168225,0.10382743007199,0,0,0.117731597822209,0.0722336302880266,0.193162104405429,0.132644265248297,0,0.267126821340692,0.265665473500377,0,0.278237640415234,0,0,0,0,0,0,0.32525502735256,0.306546451427164,0,0.257845685132084,0,0.646872319648949,0.0527053956092208,0.178210795632444,0.26309877698091,0.237589070476935,0.194522680819763,0.0610776614726959,0.0327564452858861,0.232952867536362,0.0907828566649067,0.19455086382379,0,0.220187074178722,0.174245603473278,0,0.0379542409500061,0.0158488476711191,0,0.128585691543939,0.31038041943797,0.296286746916791,0.0912515590065568,0.164948116996337,0.0415457117870339,0,0,0,0,0.119263891611052,0.126117921962056,0.053434507496341,0.125439585865218,0.203651363671862,0.0454247606163732,0.295241110602917,0.213293230385789,0.176384625876192,0.0950891989836979,0.37672101398227,0.210718113612004,0.07338227423736,0.05476231672547,0.113593928754673,0.000745690830862362,0.262408134699446,0.341743238977688,0.320633622287894,0.129551129986181,0,0,0.16253555220437,0.218392537392037,0,0,0.218755395441483,0.24494782279994,0,0.129604960776524,0.108580592354481,0,0,0.124560183942301,0.0330134415886536
"1-09-23-15_04",0.187431097623718,0.165992506182262,0,0.323399353462814,0.302508580033113,0,0.284037894094617,0.000122417001273137,0,0,0,0,0,0.195352337852386,0.263612077094073,0,0.265345037075683,0,0.383286196392557,0.121535888916295,0.34431184158266,0.203211128784592,0.222132027521712,0.107390523796114,0.0859928619458956,0.0649114302965363,0.298138921027692,0.151428563440295,0.162978259175563,0,0.219988058127687,0.175855443205329,0,0.042468723090493,0.00510938602681722,0,0.0983627352327341,0.263493508454115,0.340886507042437,0.13942143941826,0.156997517326701,0.0892717365658742,0,0,0,0,0.114850948118479,0.129836179327069,0.0737127722241327,0.133140334547459,0.172092803051652,0.0772648352039063,0.298070304712514,0.218210048411911,0.245307274275688,0.120258987551133,0.424261129966061,0.0338667925229902,0.06355870834433,0.0577382857182029,0.0799386926467108,0.0546457352589165,0.350052575573452,0.253179849023699,0.322321765202248,0.0803992417811632,0,0,0.195941603780037,0.246765440673875,0,0,0.237289108715041,0.260601653354694,0.124377650746819,0.184451927860357,0.124545613738829,0,0,0.152994891777285,0.0576799878513056,0.191233231875598,0.176771248925253,0,0.317317069018767,0.296867958789983,0,0.287939060839512,0.000257075702673587,0,0,0,0,0,0.222947996336337,0.254293377215609,0,0.258646155328547,0,0.641000031881378,0.0409659042325535,0.277292226414284,0.200650609307539,0.210744826534167,0.136694436527502,0.0772451030529358,0.034977256904575,0.281490467152241,0.152045662169406,0.190656668914507,0,0.222085974737224,0.165401235341465,0,0.0492861936198865,0.00416402136161631,0,0.100971769556544,0.253986439429465,0.311351366296021,0.125094817021172,0.150451757563322,0.0709456889450894,0,0,0,0,0.117777045837059,0.133172637727732,0.0825067727931599,0.131617881788508,0.199754324041964,0.0801283379057587,0.298178616937251,0.205851665326186,0.252010159601438,0.108226913068012,0.416251439342349,0.217318478678448,0.0682564444836404,0.0559918538141683,0.111863433314222,0.0605122508206035,0.298940027131478,0.323863524769109,0.37266420062154,0.16372550308952,0,0,0.179224711650197,0.237539048595023,0,0,0.233441477648375,0.268745082342883,0.0712336345196386,0.172984430011913,0.128121101804891,0,0,0.161232269080489,0.0287591131106851
"1-1-11-16_12",0.165103587843174,0.200762757731285,0,0.275093900454697,0.303184140110106,0,0.299397255862578,0,0,0,0,0,0,0.304978588234903,0.318086183725424,0,0.273833243836371,0,0.270135148229849,0.121884501823743,0.360446434062442,0.249096969912826,0.220461388171913,0.175592577917431,0.0466535369515384,0.0700990865312751,0.248972744146145,0.131707118118693,0.185046847956617,0,0.187189158303087,0.255154087026861,0,0.0784917917402885,0.0101208172559934,0,0.123095031821056,0.321232866333902,0.348156021888001,0.138289044083071,0.171692856200986,0.103248347137134,0,0,0,0,0.14553576798962,0.151787662303889,0.0708215415987291,0.148401331111943,0.28372563630018,0.173570723456664,0.247633936812508,0.218985291206879,0.216568929052105,0.157085794937928,0,0.0377478983790813,0.0958877136068656,0.0445633550804757,0.160973062136259,0,0.30857395394149,0.301152820760784,0.126634618706336,0.10028053379065,0,0,0.219154509160963,0.285547473360844,0,0,0.248872828299492,0.208812520088357,0.0924936488226113,0.154887992571528,0.14389555701968,0,0,0.158916807410135,0.0631715594314013,0.172143911381469,0.229281104435007,0,0.284230659589503,0.302854634935208,0,0.309948464177525,0,0,0,0,0,0,0.267030530230421,0.313160888595737,0,0.268395255024556,0,0.607581042485374,0.0332142951044199,0.27589138681513,0.249719184720256,0.259522763024717,0.237583705357143,0.0791835810515761,0.0438750884030324,0.272796498369242,0.140764961908897,0.197257539729013,0,0.193713581349712,0.175787686503991,0,0.0837356570799562,0,0,0.151402559279044,0.316334418846123,0.360792800479536,0.133434606354091,0.186282146549341,0.110562866059175,0,0,0,0,0.151203677791777,0.155864462394901,0.0700048628434294,0.154240189663521,0.26853973925164,0.151399144162832,0.269351764626043,0.208948922137023,0.192682087905353,0.144698478650161,0,0.136206305891248,0.117427167453415,0.0742867888318503,0.209362348945188,0,0.3532556668852,0.309202481054957,0.121977713692345,0.14644334272787,0,0,0.209568481596257,0.285355423773751,0,0,0.249655615030907,0.202990563833131,0.0969492269423987,0.179638217089521,0.15169530443412,0,0,0.166577419348691,0.0289684763436677
"1-1-18-16_16",0.187555468496382,0.132446226590263,0,0.291824489350828,0.302204710967463,0,0.279554605191229,0.110718220103679,0,0,0,0,0,0.374552343270466,0.303326699846593,0,0.283906783975822,0,0.285458701780983,0.107258779932629,0.249782862914418,0.294616468818966,0.206461290994755,0.145491819597698,0.0686646137832329,0.0499046534291427,0.218852625177377,0.0995151056565224,0.193636116841337,0,0.197300985667865,0.183625866314247,0,0.0428770569525071,0.00923422486585417,0,0.124845676565655,0.304675487374513,0.27841577609545,0.138449187339581,0.165827069452673,0.099985368036907,0.0786126097535174,0,0,0.0902861973741828,0.105504234028177,0.129191144244864,0.0216767076544483,0.132044971947403,0.172346618193978,0.0372377842859745,0.356375679144012,0.208004793082862,0.236906410145177,0.133116038910633,0.261368321965234,0.114317302377004,0.0493008952723423,0.0406342661318427,0.0347725586736962,0.0567141442216961,0.236527156221828,0.253299226602394,0.320900288737208,0.127012171181782,0,0,0.214169280238007,0.286590377890267,0,0,0.24588565748284,0.219334822613119,0,0.157756773486977,0.125542781455977,0,0,0.135732406258697,0.0372323283299268,0.182476659871892,0.15194951120394,0,0.302991928185446,0.295672125643065,0,0.296807797902749,0.0969896844754195,0,0,0,0,0,0.389556357963041,0.30035973775071,0,0.281900456795097,0,0.541200084620958,0.0581613828394838,0.182391560255184,0.279199744418251,0.2343286444307,0.182817924274301,0.0835564018076274,0.0307123334615604,0.232210518997462,0.108252444803765,0.188288630359998,0,0.209246096206676,0.169445522055758,0,0.0480499259416305,0.0176878253973727,0,0.143322920915057,0.301680829584912,0.288366859320949,0.121581936583902,0.165586430331521,0.107685500900793,0.00902392582167398,0,0,0.0110968770944507,0.125552591700257,0.148486809895674,0.0646541592162877,0.151560079266714,0.203832686051731,0.0640346240974863,0.36254601562671,0.200397936155675,0.20758707271407,0.124571966530704,0.35887439232942,0.160467269005619,0.0680337844009346,0.0596955228978892,0.0806268761249937,0.0843130137000674,0.272008805132748,0.345490681282506,0.380261109946987,0.158291136731406,0,0,0.195337398432568,0.268322346755857,0,0,0.244393536632378,0.212026724078774,0,0.170149502874253,0.131315134690778,0,0,0.143118848611104,0.0143653270440895
"1-1-20-16_17",0.160034290122442,0.124301561918695,0,0.189610089774078,0.166997816095544,0,0.244135133793308,0.00998815640193816,0,0,0,0,0,0.181216820375309,0.238648179915832,0,0.178680150545905,0,0.259325948367282,0.133736132315882,0.289247982798069,0.128805240883909,0.204774500417647,0.108937495412303,0,0.0642279532950159,0.230656303136484,0.0801983330627197,0.159927345723374,0,0.194409505470829,0.204965966334184,0,0.0399039704448728,0.0506680110915049,0,0.0735643845464586,0.242990182668329,0.303058670598735,0.084615899475466,0.152862660594443,0.0662439075278238,0.0307353456474946,0,0,0.0435641222728079,0.113711567407013,0.126719597155319,0.0576785571515003,0.125457521539168,0.204174107659332,0.0960338089221864,0.317847584483593,0.163365774217689,0.17973147779686,0.0845806035054273,0.470148528510914,0.0154725674791661,0.0672429760334049,0.0747458532390693,0.0811144476034396,0.0557363027729632,0.295811946251676,0.23649741413261,0.337072387708219,0.116579085104156,0,0,0.17581043092776,0.256010332036139,0,0,0.208171338942237,0.183516232718993,0,0.118619353421155,0.100806075881925,0,0,0.120749142011888,0.0358072327572463,0.16149782557636,0.135941185917453,0,0.193205400382154,0.187571010219527,0,0.265680443379861,0.0110091814022505,0,0,0,0,0,0.173434884499498,0.240769939535589,0,0.181911627042752,0,0.565608411290909,0.0701910434372068,0.176763418169915,0.128045439083376,0.221920585829555,0.137101176116661,0.0313512829836682,0.0320129979089324,0.230830616020539,0.0895571349751587,0.182839794407681,0,0.200699014222095,0.195114972250213,0,0.0433723662347551,0.0116815487825856,0,0.0655883154395335,0.245133922632347,0.34379528620884,0.0881379024559591,0.152303729289854,0.0702188015227993,0.0250368964790217,0,0,0.0367016426882601,0.119234688014754,0.129437775865517,0.0689332097558283,0.129717019380173,0.200947736516195,0.0839544438706812,0.327105919778974,0.155646698565181,0.191918175488998,0.082782746535319,0.431389274727522,0.0919233489807729,0.0841372730914852,0.0883137706414713,0.136963570783282,0.0601393060100652,0.296519173048568,0.330407100609164,0.355171918332641,0.119828331241263,0,0,0.160421236054908,0.224708476218512,0,0,0.211525906342806,0.185772894530175,0,0.14021945901489,0.104551238928142,0,0,0.127360819945932,0.0140540753013835
"1-10-14-15_07",0.145676044578643,0.0945955099171808,0,0.185714255665098,0.182820080266945,0,0.236761378804517,0,0,0,0,0,0,0.244792782393629,0.236733353722549,0,0.202782457552226,0,0.308613092745418,0.136132372822524,0.227359800006697,0.219494005745839,0.103713518775991,0.118062889526841,0.00481076408463938,0.0556922020678652,0.241054568048635,0.0611926707083671,0.105100645641186,0,0.165523966961451,0.144342093304043,0,0.0390272776480488,0.0556197697535716,0,0.084512423332381,0.239254419107945,0.255369694072046,0.0743866063292681,0.13459562431774,0.0791871791671294,0,0,0,0,0.100808666429377,0.106815314668074,0.0369940771695736,0.112950768415216,0.132560751602159,0.0606443445326054,0.28305003703361,0.190604181571175,0.168143380392221,0.0960628433001144,0.445547161450993,0.012090284592738,0.0505853883719475,0.0382025912079412,0.0674203017218565,0.109828200753417,0.212537129089636,0.297976462401376,0.36270264397973,0.0405499685541586,0,0,0.16345516868637,0.196815095598105,0,0,0.19593604027438,0.179448184654331,0.0304719435154218,0.108137103929347,0.0798590689482025,0,0,0.0876747762096724,0.0431457035611499,0.154783844415505,0.106622158865553,0,0.190290410933553,0.199529919117462,0,0.240852268502158,0,0,0,0,0,0,0.2465592573741,0.232997138518792,0,0.20589564981095,0,0.567193809344438,0.0669510772054182,0.129094592674906,0.220248712387762,0.109657504934049,0.171075814456371,0.00424382224374578,0.0279787505209426,0.229231325875138,0.0535701542081514,0.134541502454271,0,0.166549514149483,0.110221431581799,0,0.0423491611664459,0,0,0.129577666499583,0.235088138969873,0.263747673177824,0.0669563546695071,0.129806586730357,0.0668086144835581,0,0,0,0,0.107290235575822,0.111830370156095,0.0497671869203896,0.113944414807376,0.160173176408465,0.0939769767599115,0.283197379547791,0.177809034060373,0.169153427315479,0.0861107539279651,0.379779336313587,0.160579427083333,0.0668561653123598,0.0477882471880471,0.0983263355218696,0.199980278079085,0.212060315985465,0.284031880289841,0.331242619025449,0.102115507579417,0,0,0.128896086648433,0.183735908920782,0,0,0.190858429955317,0.177663190701933,0.0884091753656971,0.134639876010741,0.0897589619191307,0,0,0.0943671342507414,0.0177538828173305
"1-10-14-15_14",0.158799833389957,0.108821490947616,0,0.215141248133196,0.222433348071468,0,0.2184438368083,0,0,0,0,0,0,0.297166639292698,0.278649285584047,0,0.208483662364907,0,0.246504814211556,0.151581098909035,0.188073525104943,0.194684867785865,0.191104467442025,0.0275199608698168,0.000182251028009705,0.0606750491750372,0.207460210316018,0.0967773571477569,0.0826862684197812,0,0.179628994999568,0.190314504991872,0,0.0348852016997867,0.00115929499145266,0,0.0657124841655578,0.283657427677513,0.22068950653908,0.0831872752299043,0.140408864183324,0.0498350584178166,0,0,0,0,0.0936195080334261,0.10343054838209,0.00638561461971477,0.110161305582429,0.12859950665808,0.0427871128991476,0.252697019995811,0.204277192571371,0.217859842577545,0.10053332848253,0.305420215804307,0.154241699867198,0.0287160092776577,0.0336356394941888,0.0406966722024848,0.000750368184388982,0.231408645481717,0.292945247781119,0.256395143686622,0.0984529523239531,0,0,0.164776025731545,0.235513759403711,0,0,0.194148017153274,0.176631449123392,0.066111586864249,0.104732160905599,0.0873317248998901,0,0,0.112013437819605,0.0364508688415581,0.171337649913859,0.126698216878796,0,0.227125667087768,0.220054924552664,0,0.233158413610569,0,0,0,0,0,0,0.30391456585459,0.283469088185759,0,0.219122965985423,0,0.492706169636247,0.0638395201334845,0.0987054470958481,0.212910564420233,0.189775738161029,0.0505037470143546,0.0217101239784289,0.0288708583678175,0.205682025025101,0.108517598005004,0.162616125117055,0,0.178199046140721,0.139469928621563,0,0.035160348547294,0.015363741569895,0,0.0798088151014816,0.288951414526558,0.241541105229214,0.0812231816989988,0.153009961396906,0.0666031466892097,0,0,0,0,0.10599081028642,0.113840907482061,0.0327400136232892,0.116190145024352,0.178290179176379,0.0655515919156285,0.245746090068045,0.192472100310087,0.206518595229011,0.0931740030384876,0.270094497561772,0.176802902164269,0.0470490424919144,0.0315801689853801,0.0971439916049803,0.00839206105595055,0.245754819374129,0.269144844478037,0.233681763806791,0.103006628940292,0,0,0.139313711166761,0.20942512357658,0,0,0.191614151913081,0.175036410082219,0.0836266045522445,0.166268246519225,0.0977515778361846,0,0,0.116543798205237,0.012482074422247
"1-11-09-15_16",0.143813965941906,0.17032125983656,0,0.169576687080679,0.210438922553819,0,0.257740774276326,0,0,0,0,0,0,0.259342424197362,0.184805533303428,0,0.194262506160214,0,0.219788482713828,0.109365742668077,0.173928479565849,0.210068839521984,0.212614787765013,0.0349803599293642,0.000304356096633061,0.18425847132866,0.20100117944701,0.113036857137196,0.0683140605435663,0,0.175467205871168,0.174142089451191,0,0.0316653667448903,0,0,0.0923447318068232,0.184124132087829,0.171656316618778,0.136185814566201,0.0714456902638244,0.041863447584203,0,0,0,0,0.0849581256845263,0.0954598212090864,0.0594357673049001,0.0966794683281706,0.135214912177083,0.0250225461641952,0.245188754973528,0.13670727054572,0.066901901406504,0.138916531098786,0.369968393474211,0.020216696417452,0.0402844820364384,0.0307265781335274,0.0382240304439656,0.0547503179885862,0.218660291769132,0.279069361919169,0.364987738754425,0.0536163855758354,0,0,0.139258765725464,0.231634638938931,0,0,0.201792060686817,0.186845185710502,0,0.0840072565133765,0.102572007930585,0,0,0.125202919572866,0.0914928410211631,0.147999211953532,0.185810781912482,0,0.184239240763297,0.236345622740643,0,0.256845233068792,0,0,0,0,0,0,0.254920074451196,0.190893542187203,0,0.204119564770356,0,0.21103296521003,0.095378608579521,0.201717343077124,0.201348690445016,0.192819156511881,0.0701009415999374,0,0.157065500602208,0.19227710006112,0.113260677751124,0.163651568876698,0,0.173223252302121,0.166427515564505,0,0.0450463769142797,0,0,0.0990480464810704,0.189761225772421,0.223338871214429,0.135676745996606,0.104003175582285,0.0595071744845113,0,0,0,0,0.0961903825141649,0.104384784527722,0.0862567297396461,0.104770316189157,0.137206811250802,0.0249228837387055,0.230593265101618,0.12888399957064,0.0524609559674938,0.127213922068339,0.373510134638807,0.0821484992101106,0.061460112869585,0.0465131609502792,0.0990970730397422,0.0820518815733987,0.227812298493464,0.288375915753623,0.353799688037118,0.0899348352728343,0,0,0.141130383951551,0.241370277337165,0,0,0.194691629388612,0.190484380828965,0,0.096929736724539,0.111639486307839,0,0,0.134965928828669,0.0589696064875686
"1-11-09-15_18",0.167516423756356,0.153907532110107,0,0.261439925622521,0.259459103595447,0,0.290832461746547,0,0,0,0,0,0,0.227581003461444,0.310296012447241,0,0.238778545004075,0,0.240542456126752,0.118915421409699,0.26106687010696,0.224037648132483,0.212958954397824,0.139897325780855,0.074318327875876,0.0653297855740718,0.240754942227036,0.0907154216403663,0.128763757483827,0,0.193182486320812,0.17491121809113,0,0.0501820865367517,0.0102165029127902,0,0.112592567230907,0.315631932928145,0.281037325174729,0.137475726004202,0.17696912919288,0.114921160315256,0,0,0,0,0.109289836166247,0.116082616823219,0.0312673768442759,0.120348531879888,0.173253207576601,0.0918998218589542,0.32885116324579,0.20816676077983,0.198166200577154,0.130996596762671,0.413401218292572,0.00447677672076105,0.0711085787791035,0.0429845848165181,0.123555810510518,0.0400070236037639,0.260699590313914,0.3395568884847,0.401273179569291,0.0617599365628091,0,0,0.231033476321722,0.269491149935785,0,0,0.246316094934042,0.205748033751489,0,0.122908198564386,0.116054387909985,0,0,0.128356427148005,0.0420338112649439,0.167244670046004,0.194196767429504,0,0.274058504765057,0.27021408664281,0,0.297123037148814,0,0,0,0,0,0,0.257740841019872,0.314152999853092,0,0.249510824759507,0,0.47119019960864,0.053301679356834,0.204638145552998,0.236902956986204,0.230855070455688,0.161049056154035,0.00562231471535983,0.0310420784637799,0.248063518408126,0.0979490859669307,0.180204938147314,0,0.197347101774436,0.135256481013492,0,0.0511660691293538,0.010538482458526,0,0.112279881020542,0.319045387030386,0.314366580882148,0.109996934230941,0.181138102892265,0.130391688931071,0,0,0,0,0.109537036432163,0.115593411799235,0.0352459443391086,0.114592776164778,0.195620123295876,0.115737236201984,0.330978184648425,0.199935850226508,0.186859342723641,0.120852472135101,0.360161263580047,0.147765525246663,0.0751311735703737,0.0430841483952887,0.148811429293346,0.0367526847469348,0.254260309482964,0.371980257571469,0.37706152936038,0.148674612242624,0,0,0.206221343645271,0.258310985469018,0,0,0.242220248331097,0.212406316598871,0,0.132678324508795,0.129623483928974,0,0,0.151359000573523,0.0260050508983913
"1-11-09-15_20",0.178988845024549,0.187456314111691,0,0.276777924482774,0.245005058934022,0,0.282473362098682,0.00220675606857919,0,0,0,0,0,0.354230267882365,0.333337609411884,0,0.268715697474385,0,0.34977597022849,0.148515637087059,0.408232581021211,0.293321359916558,0.229446983362831,0.173840744045235,0.0043165298393357,0.0809279831359914,0.22310317918903,0.144431571363347,0.188843429465492,0,0.212414294850197,0.204287843879295,0,0.0727036503537421,0.000595144322498206,0,0.0996154169195262,0.337523054394792,0.341456006884269,0.130494436821962,0.15100800589799,0.0949332827887746,0,0,0,0,0.124397275211506,0.147013527635801,0.0752836662622787,0.139126287819427,0.215045363043757,0.157129738049316,0.307016774780034,0.253249529159102,0.204679373230627,0.134624999372066,0.435324461770635,0.0491590173502414,0.0468295638437008,0.0379774019295173,0.0468192329337052,0.0587791811807009,0.124311206064922,0.338853088870843,0.381678002642098,0.111200751883988,0,0,0.228108840635853,0.267385047991012,0,0,0.239412632818503,0.172482802913917,0.0732822954194545,0.161318296268906,0.137691670965264,0,0,0.150860444457114,0.0550872894387409,0.185936586976067,0.204475810342007,0,0.287619405795334,0.218242810670573,0,0.290094625090255,0.00105624504885133,0,0,0,0,0,0.358838856409136,0.322495445559746,0,0.270978977379208,0,0.668493737374206,0.080299422637262,0.33326475397154,0.294188301603911,0.229161893863605,0.22538889272263,0.00312643802614839,0.0387159009351193,0.26415516197983,0.147314418324362,0.206926887739112,0,0.220119066739968,0.18604841560898,0,0.0825732585796224,0.00834384975131765,0,0.114728397329904,0.325805869915445,0.351848392924094,0.126997756976106,0.16109738555154,0.0920248736789032,0.128949512629387,0,0,0.158916999060928,0.131488006913533,0.147648749507409,0.0754552297849402,0.142203233105842,0.218488332892951,0.166334646538733,0.306466766586839,0.240484581699066,0.202696988108381,0.123303811789721,0.425338429727471,0.185087984926483,0.0717288066552061,0.0485349837369395,0.149497583164646,0.056456195570726,0.155497278110739,0.35599124712852,0.365869865093798,0.167531491006847,0,0,0.194365559445307,0.252994558637059,0,0,0.236584334978247,0.201519579325243,0.114133061550423,0.178869395392925,0.144005728817933,0,0,0.151230276872846,0.0339726428331626
"1-11-15-15_05",0.181394861412929,0.119756341112794,0,0.265283036878407,0.317037838540974,0,0.305903513201863,0,0,0,0,0,0,0.366041200815164,0.308984235701898,0,0.292303317161132,0,0.35457247047079,0.142294783890059,0.315610983812048,0.287883353681752,0.290954999508253,0.210353923887132,0.0730366206407248,0.0728634512752133,0.340396842151308,0.117551243801813,0.211001832517947,0,0.233402178190278,0.250062761352825,0,0.0397790055248619,0.00608719308984561,0,0.157148843673594,0.310144252838754,0.32787534212783,0.151732821422147,0.18230142344,0.102036648234893,0,0,0,0,0.117265162340992,0.131440455666496,0.0672386018699552,0.118736973701448,0.213056341419244,0.0914947946763804,0.352977380705093,0.271712823152713,0.28652541625703,0.117912246986341,0.372991883316414,0.0501304334160983,0.058633565235355,0.0571376675986878,0.0672272773539237,0.0572973235716105,0.315809840760018,0.276167241246379,0.311912450179018,0.114401359750327,0,0.0477465417224453,0.229404670319954,0.233110470278693,0,0,0.257961580555121,0.235819413806446,0.00897695515307506,0.152335579338993,0.130542031426539,0,0,0.144708789269326,0.0559661598958367,0.185879913501774,0.150544969653961,0,0.278936892423422,0.304489959986114,0,0.31596288610689,0,0,0,0,0,0,0.374715749066405,0.314135274588698,0,0.298976970658829,0,0.638324510618062,0.0769454008649286,0.214966260108914,0.307990973522214,0.283719195741663,0.250907333778028,0.12097742934817,0.0393794326394672,0.344161049015304,0.114244851294264,0.22412902401402,0,0.233288269084017,0.216618866294737,0,0.042057939835168,0.0440251572327044,0,0.150921167064839,0.315168817401237,0.361281028733377,0.136927656564874,0.210408783198675,0.102247453196416,0,0,0,0,0.130898536959182,0.1451853030157,0.0812917786554673,0.13488690525799,0.229802851150375,0.11195072455652,0.349936106262806,0.264410521165014,0.285132048665592,0.119364154592209,0.340706482160324,0.0824615573682351,0.0705983859204966,0.0734936029262356,0.0884476984536455,0.043688592252057,0.297497667925661,0.291952586689615,0.301050475937654,0.168728656829601,0,0,0.202589500320169,0.22376528737839,0,0,0.257929689627503,0.231124020162552,0.0892458366296478,0.166820032810639,0.138206803475907,0,0,0.150352384080627,0.0150380777674442
"1-11-15-15_13",0.170574739911208,0.152005309715761,0,0.22409647531517,0.224384128050007,0,0.297982214249226,0,0,0,0,0,0,0.359607346986357,0.319891412030989,0,0.238345768707434,0,0.248018064945783,0.171133508584976,0.292927434303784,0.26542289291569,0.195583896309446,0.129719447098669,0.0149210226799545,0.0907922463115211,0.19527269438331,0.115791684416745,0.109474047158051,0,0.183064697761019,0.1547482060285,0,0.0427034633864204,0.208705158518293,0,0.102375249314966,0.325367353808407,0.219421241254548,0.140468095279204,0.196060233820686,0.0929153650389904,0.0625415261953392,0,0,0.0625415261953392,0.13117051926081,0.147814553912607,0.0683419431067285,0.150325359519073,0.190944132318918,0.0855760323116175,0.33903480453114,0.216451640230474,0.204232971179564,0.126583107019547,0.319381390417316,0.262984423383691,0.0743022815168812,0.0834849928589819,0.0701528038749295,0.0823561528946728,0.218997228851416,0.191180326561486,0.239973430179543,0.0567330130333233,0,0.0682730923694779,0.243599365885984,0.246770469850495,0,0,0.249553780470297,0.152546558636987,0,0.0571661161083714,0.112070636015357,0,0,0.130577595358419,0.0725867618100442,0.176832925651615,0.17432224978902,0,0.236198740433582,0.238248127625318,0,0.304350622441359,0,0,0,0,0,0,0.364924849454118,0.331982923928142,0,0.250678560245355,0,0.482341777230434,0.107394158313917,0.107822200197826,0.26942600040748,0.19754207293274,0.189112891170308,0.0053698139743016,0.0462100298805159,0.266966521635725,0.120984584105396,0.169793835758119,0,0.18518574582486,0.147087031961822,0,0.0517287297420311,0.187359897127565,0,0.105635598715877,0.338511087932859,0.300358827975374,0.107687148746578,0.206804477242764,0.0713123933157202,0.0252314579306135,0,0,0.0252314579306135,0.138689691705468,0.1548141682009,0.0900572570921814,0.153613702273416,0.215704998287322,0.100006943110676,0.341898305001371,0.213404536019223,0.185071443902474,0.113384170578527,0.232181551659137,0.226470588235294,0.084518636385918,0.0856311219592619,0.131987405592526,0.0857570246874781,0.204725041242209,0.203535287973929,0.240799612048063,0.12804489203347,0,0.162668419323036,0.215967468365243,0.237243094137301,0,0,0.241630190164932,0.159513103062048,0,0.123394927314438,0.124016157546763,0,0,0.149217806292062,0.0394500317313434
"1-11-16-15_09",0.160099495073361,0.136965463383769,0,0.267433621375821,0.272229756713098,0,0.284081037370492,0.0207566527838848,0,0,0,0,0,0.350713090158899,0.285467388324956,0,0.249705031645944,0,0.209954214883827,0.140698372013675,0.361915571526003,0.202074485677407,0.180475828601533,0.0460839766358507,0,0.0831904142645772,0.22312680678178,0.0856910708416786,0.174946679073035,0,0.186012375885151,0.221897606067932,0,0.0483572842684967,0.0432910981156595,0,0.0936344745050167,0.287930476884046,0.331546529212654,0.117430709035247,0.164936151004159,0.0755015349183986,0,0,0,0,0.102057191253236,0.114846953653751,0.0279372992762809,0.117176544403235,0.144851065531708,0.0952464341689359,0.305982215208406,0.175078423014,0.185675617919887,0.103996676489993,0.317507449375565,0.0161189124589184,0.0542242395685499,0.0559836785307215,0.080707422472022,0.0182618688302158,0.289949250041598,0.253083295576632,0.275346372353086,0.105053155927024,0,0,0.198897805445752,0.241764729063885,0,0,0.22902688185221,0.226885193721525,0,0.13305268823405,0.111558082316474,0,0,0.157019235023531,0.0854989518833475,0.17036599484766,0.167168842386555,0,0.265376802062978,0.263948217764327,0,0.293933648695864,0.000908910159911381,0,0,0,0,0,0.359464952351829,0.285748487784501,0,0.254488144057853,0,0.548263919988058,0.101987770043479,0.238557488903977,0.233849300702647,0.20465470167518,0.0833227810700839,0.000402252614641995,0.0380358879330872,0.250823064935989,0.095472942857389,0.191190798866071,0,0.195314996250955,0.1706473449586,0,0.0510557188037462,0.0783364242049591,0,0.0893131994493039,0.287821023647041,0.348262352525535,0.126418749468141,0.180312601310528,0.0880426486692073,0,0,0,0,0.09859978799004,0.108047480855167,0.0353671674988126,0.109268545577664,0.146019354066714,0.0933726603758563,0.306422125191742,0.169672382114086,0.200245045801727,0.100416144377383,0.290992011306138,0.225614489003881,0.0628023791208882,0.0530485708073568,0.0985691401237151,0.0275338412033725,0.307187056568996,0.264577889404741,0.257270518850978,0.138933796963968,0,0,0.172187214414762,0.237381127347768,0,0,0.231151559095905,0.208247057745397,0.000254086558821038,0.171344865947762,0.122838115301981,0,0,0.15678480709481,0.0563048543037633
"1-11-2014_01",0.159567956723471,0.128792626335732,0,0.18948932657394,0.255422208743122,0,0.249855488407437,0,0,0,0,0,0,0.204184935980102,0.208257791518109,0,0.211321349188621,0,0.338383256931333,0.0923904300923946,0.340619752166138,0.227958988389989,0.202154810031483,0.142391314154325,0.0312470876436208,0.0670344856506964,0.203725571725572,0.0783265974026323,0.140921429691352,0,0.189033262839205,0.184366517787748,0,0.126910778089303,0,0,0.127319465400755,0.208048377667506,0.277718764297508,0.0733557097089487,0.134758489459343,0.0962324379799696,0,0,0,0,0.135753058464547,0.140873490492532,0.0806611186329551,0.145081810554737,0.146363248312348,0.129312591902803,0.297064848278457,0.215049529634745,0.269014920205769,0.120663787048599,0.272585791611487,0.119421412576409,0.11299688128673,0.0908623153826771,0.161078096470543,0.140285283141989,0.0894744236619305,0.279790811461979,0.325419873218672,0.081245381399507,0,0.0060313630880579,0.180631621232989,0.260758652728054,0,0,0.219075395748471,0.205193199733266,0,0.129319387418707,0.108591230096991,0,0,0.136958823723677,0.0618079592544817,0.165190782240816,0.133259503314068,0,0.183383309677326,0.267717270818534,0,0.255271325150916,0,0,0,0,0,0,0.216552485885247,0.212387234907615,0,0.214737842928674,0,0.6021527526205,0.0385196464746971,0.251489310735878,0.232273348979438,0.205916969482587,0.214910119793353,0.0484156009916301,0.0363876735490983,0.225148044238232,0.0812595090243379,0.133569503629301,0,0.188168922060135,0.165957430491463,0,0.127249771110161,0.000195920499814964,0,0.129411548137694,0.212220612073741,0.283507102077421,0.0800476745582384,0.151491769234493,0.104765111366574,0,0,0,0,0.143671175963477,0.146930491755258,0.071545207899552,0.149022809020665,0.186026098640044,0.128102225596686,0.290018236806903,0.208265558552994,0.256103189677787,0.107538699317096,0.204397382706876,0.154111469317078,0.127796744108041,0.0787174049740281,0.263787550752913,0.0830253162482551,0.0972041314533129,0.279198340560121,0.297697360319242,0.121410809697059,0,0.0205066344993969,0.181236083945915,0.253209692566629,0,0,0.218042944267979,0.185739662070677,0,0.123077238256855,0.113894397231103,0,0,0.139003699337785,0.0274226889552106
"1-11-2015_02",0.158136578261717,0.132973103226094,0,0.258147490376305,0.26887285076435,0,0.248329965173084,0,0,0,0,0,0,0.299425216283209,0.296069422980388,0,0.24453730308179,0,0.208007019815055,0.132596118772745,0.460713858812372,0.213196275913043,0.228688202722619,0.136954014679528,0.00982943389084715,0.0957962335871839,0.254878345631378,0.0690611127143673,0.135074328051454,0,0.199811830886241,0.259505220726971,0,0.126601740153979,0.00269787905200681,0,0.120821692650482,0.299760907838143,0.301359419258384,0.0897244944024859,0.150055401635383,0.111178140761862,0,0,0,0,0.135594815945472,0.141070775651915,0.0708863462699914,0.147723416824691,0.148249371209737,0.0804176307620708,0.261715290237798,0.215415084620604,0.225105407067813,0.14749219213588,0.340370275887738,0.0892722270176953,0.1050340357244,0.101405924033203,0.0947167717457591,0.100638550141797,0.328348348654743,0.340839864546423,0.371238322811484,0.0361872977629607,0,0.282513395031661,0.179131889248217,0.233832777689018,0,0,0.217962613122366,0.23396459531265,0,0.0996403419260944,0.104371301573918,0,0,0.127448299996719,0.0557268890000558,0.174126631123455,0.148742477919419,0,0.27339321468273,0.259848790299266,0,0.248651753091597,0,0,0,0,0,0,0.29426219700582,0.299984564340845,0,0.244244743434516,0,0.44104818481093,0.0420199524947989,0.376089694651229,0.232113362397808,0.246635238917908,0.210335507942688,0.0404550635882077,0.0417383898113841,0.26110957821967,0.0722555835951314,0.144856376535733,0,0.206309805428742,0.215123774089848,0,0.132305786853039,0.0138150289017341,0,0.157845433857138,0.303910567196127,0.307889565511519,0.0853133816305103,0.160147679204034,0.103411596414804,0,0,0,0,0.138082262510407,0.136041986270242,0.0782407512543501,0.144084336569291,0.15370676640544,0.0483669411219611,0.270389403018263,0.216852597789591,0.245985022247006,0.128513746772699,0.320675760729609,0.135799833985533,0.149475695439415,0.102351605761564,0.259767425616241,0.0685435771769697,0.186579388644595,0.355670357638032,0.351656757067782,0.136355925246942,0,0.113979542133463,0.155103795129202,0.217797841894038,0,0,0.21588353468714,0.221922751548066,0,0.115481225319532,0.111440284396898,0,0,0.128395330024004,0.0185572865565147
"1-11-23-15_03",0.175895155542644,0.184058353548788,0,0.22346850963552,0.260015580022579,0,0.287456915138942,0,0,0,0,0,0,0.259826085099796,0.300199923693413,0,0.218252378053187,0,0.310331785080699,0.102332283706463,0.404724954881994,0.164039480373918,0.151932102214297,0.146460007706895,0.0219890311725343,0.0783445391727809,0.248885181698458,0.131624182069182,0.240730416010633,0,0.191549541459816,0.139209972813788,0,0.0595601582546652,0,0,0.110375529732332,0.30583244456409,0.292468397703147,0.143204050037953,0.153297417691216,0.11327833414485,0,0,0,0,0.132386897099927,0.134753686419293,0.031909734972476,0.139833859117834,0.169488097094741,0.140372484368932,0.291247179602642,0.21216413012275,0.215297808941271,0.121280949227529,0.254606132239449,0.0274813333167683,0.0969780393036203,0.0993931774020927,0.104443632836038,0,0.278549496450971,0.316629224032136,0.367603550718387,0.134867534071327,0,0,0.212671302037868,0.294662185529033,0,0,0.239870549700783,0.240353032103706,0.128771400882955,0.144303712413909,0.139416117876929,0,0,0.135291165736186,0.095798024269758,0.182037678647016,0.182581836528844,0,0.243624826375911,0.296587790342522,0,0.298404708558679,0,0,0,0,0,0,0.294851399974056,0.298115353864999,0,0.236255888658704,0,0.575945765437904,0.0773425849619339,0.271923378653708,0.166033543693547,0.16105489344555,0.263985609628121,0.0576054344749505,0.0417928717165707,0.253654682835716,0.121458160137867,0.223640363778493,0,0.199668401150302,0.151212216141178,0,0.0632207939216712,0.0023712107122931,0,0.12508597478769,0.302569974610379,0.348403681246443,0.127159851863404,0.2056255359714,0.116579667683458,0,0,0,0,0.136668008159563,0.140822447840357,0.0421955643571297,0.141535405814511,0.218436391314495,0.148537455229192,0.289028368144368,0.192976203912127,0.205753038135936,0.118896585689541,0.330516026753468,0.125249746159641,0.087952170208126,0.0986933664155441,0.0912604994616511,0,0.2749829940666,0.31780248793505,0.356064399110108,0.156344353852762,0,0,0.193920881167646,0.267821240825063,0,0,0.240338382134866,0.226803944701318,0.139144863145192,0.1864527316906,0.145333713009337,0,0,0.151379390440707,0.0518310655145292
"1-11-23-15_17",0.158982695377349,0.106688732718659,0,0.282431313455327,0.294510988593533,0,0.309336208101732,0.0582791791009753,0,0,0,0,0,0.353559083755466,0.29595762023117,0,0.276417159268708,0,0.348879293412287,0.0863275880077186,0.38094115369629,0.287471234086736,0.243708283863551,0.0918073057592979,0.0221175563267779,0.0586080542967772,0.280610316460387,0.0823494839506467,0.164003143408344,0,0.194679664631116,0.23055138671577,0,0.0369249362575204,0.0258413461538462,0,0.0602712083797658,0.297297425437555,0.339388964335593,0.110278293316867,0.160554006046165,0.108239000831891,0.00328439761025549,0,0,0.00328439761025549,0.0773535423935728,0.0879332837050844,0.0374164237190037,0.0817908502118993,0.134673763932816,0.0607666395347149,0.324380804900354,0.229489764825466,0.18479572714022,0.138448324264783,0.0933211641423886,0.121606897531858,0.0485041672050545,0.0516160631498884,0.0625674945188102,0.0429547021288879,0.254966957052054,0.251307354496354,0.176584635004437,0.0482114180892016,0,0,0.194903296084952,0.298867832727773,0,0,0.252738812742007,0.182432340301046,0,0.0991022656556111,0.0913269667075268,0,0,0.103310631954974,0.0454519669464425,0.160878726604738,0.105647203524568,0,0.292607902472195,0.290253599267985,0,0.315582287780347,0.000472388224254842,0,0,0,0,0,0.372035886600241,0.285737816228042,0,0.279498144953248,0,0.65139372577745,0.0463483680956673,0.238777438356909,0.275650214811509,0.24061213355405,0.104179787154553,0.0131119643947988,0.0303239662110057,0.29557270408626,0.0755703071754319,0.161577643511997,0,0.198828831302006,0.217000249318274,0,0.0431396224948342,0.060861452340227,0,0.0948011012249132,0.286171402597778,0.337101495656103,0.0820164936665673,0.169822030690644,0.0945830931287519,0.0220110217431885,0,0,0.0220110217431885,0.086807241107718,0.0958038500173758,0.0491822975453242,0.0854253057513507,0.168733767928035,0.0528902775610854,0.3254769972117,0.213450427411607,0.163744529426164,0.122109430266624,0.0897582731596859,0.119644506737171,0.0651314348717276,0.0523304276041948,0.106816304981964,0.0686701881725885,0.274462810318311,0.283014393959096,0.192872405586493,0.130801774754606,0,0,0.175366601631501,0.275274654375385,0,0,0.245164804151951,0.192439615769029,0,0.139650850105082,0.0992766649507967,0,0,0.127255128881522,0.0194592020636512
"1-12-02-15_14",0.173727282542606,0.135387637225605,0,0.25368937519162,0.26365236483332,0,0.284326902789603,0,0,0,0,0,0,0.34329091567041,0.309983629970828,0,0.253497607484146,0,0.439815295821415,0.121948576734176,0.225210584122804,0.249938736357601,0.245517532727117,0.0832104724268942,0,0.0661320562742191,0.272477091465849,0.101961349446064,0.180049586426599,0,0.204028088955828,0.176901870708541,0,0.045687827084681,0.00963006957407093,0,0.107661133736915,0.313959139082493,0.35900080041476,0.132492654772828,0.145824054987697,0.0839081214941716,0,0,0,0,0.111951317026115,0.124358331912946,0.0435158293929866,0.125279669698709,0.176814047641929,0.12224675152897,0.253675243505332,0.21233396450751,0.157906928135033,0.127563177069191,0.158403209878149,0.166638786662206,0.0577044278851731,0.0558138284923954,0.0370913675018852,0.0776486302605193,0.209140756987463,0.212925556027564,0.296060218424728,0.0907713721423047,0,0.233009708737864,0.189998283650762,0.244663042939515,0,0,0.225672890350535,0.199069868400627,0.0419715227795434,0.162610897503807,0.117373011537978,0,0,0.124871448050029,0.0337323985405113,0.172960539775811,0.16044053225155,0,0.272232654414449,0.272381650188221,0,0.296960272077524,0,0,0,0,0,0,0.366893733172794,0.302751492869396,0,0.254966905900004,0,0.633153042982391,0.0716432178893922,0.189855260571763,0.243821936972688,0.261055330998681,0.0949085645158593,0,0.0371499961724236,0.287907625012282,0.107717052588634,0.199468134615129,0,0.206940481576202,0.162355175675241,0,0.0518029259274964,0,0,0.11139267698014,0.305977630781495,0.360018711567847,0.11830109871082,0.160753117330982,0.0759820565820661,0,0,0,0,0.119398124247362,0.130107252743092,0.0466445341354611,0.128995555236893,0.207643466840191,0.0859068107860209,0.264689878891745,0.199023802679168,0.150819580106776,0.108565970635329,0.184739299482187,0.168572525583026,0.0796107843416431,0.0823964129454877,0.0665731192036381,0.057691063794756,0.231974334571578,0.25911092302668,0.301298650802908,0.141018913089226,0,0.0129449838187702,0.172017954539625,0.230076759297619,0,0,0.222680415486673,0.188950287766683,0.0133157707817284,0.165642347101716,0.117014809828967,0,0,0.130843756974825,0.0208620427969406
"1-12-07-15_08",0.156868702561623,0.149291335053799,0,0.233514387589218,0.245744802714478,0,0.243261453912873,0.0076271186440678,0,0,0,0,0,0.295379273339542,0.270294962933593,0,0.241283742099372,0,0.357836665051714,0.137398621332082,0.365810480633738,0.230700345945611,0.164034366402884,0.171655503022845,0.0130478212011487,0.0622440006720471,0.216395426857346,0.108846555206211,0.158434518613862,0,0.179888686604239,0.157905006956968,0,0.0562451974375991,0.0818673438507388,0,0.120162147299898,0.272539540710689,0.33705226213964,0.14466079461792,0.129952205270917,0.115876915429544,0,0,0,0,0.0990933062837522,0.11410850653074,0.0133665866311923,0.118148526165271,0.1657880712286,0.0960184170886512,0.228646812739708,0.204147026438531,0.240272598280445,0.108654334289968,0.33085494659377,0.0122903376764119,0.0431927311888755,0.0308317505493528,0.0483982695531161,0.0552618947312795,0.203659498284277,0.312582616071544,0.367417277800898,0.0734738863204866,0,0,0.180449347361889,0.243992814536168,0,0,0.206134322217971,0.176549357959916,0,0.122759994716449,0.124536159400519,0,0,0.134587151853485,0.0500785101923546,0.162409194929601,0.188562107963807,0,0.263026338824154,0.264779969802219,0,0.255940935330455,0.0742376120019625,0,0,0,0,0,0.295727356431737,0.260161668529906,0,0.254795804297471,0,0.669121233184459,0.0884779567782909,0.288606079314522,0.23238017717266,0.172668001020878,0.193197926269565,0.0167974739271022,0.0318057879643935,0.201397706054948,0.107947177633259,0.165351818014926,0,0.186648423771817,0.170997695460703,0,0.0684449522382973,0.0510984494936127,0,0.133585086425184,0.260569455616355,0.350447173177257,0.132823575744021,0.140825343881453,0.11268887983339,0,0,0,0,0.105971157601949,0.121176470728086,0.0316958441723666,0.123406177043616,0.190828726658857,0.115416804849132,0.238506099885982,0.191746356890785,0.232374199638934,0.0949213284832617,0.349287152398571,0.05821502461297,0.05655822531495,0.0514181247981836,0.104962390245984,0.0304232547748416,0.254845453286467,0.332721555224236,0.380054752838369,0.155044284910476,0,0,0.165703217852153,0.248224118506721,0,0,0.207710965249283,0.160179565921887,0,0.166594513878432,0.136797518931783,0,0,0.156698885190891,0.0246462535755232
"1-12-09-15_12",0.175031696416819,0.165486103461252,0,0.280727199812853,0.312482029724076,0,0.291637278459818,0,0,0,0,0,0,0.380108103346935,0.325156018833616,0,0.294024168993073,0,0.332802351723646,0.114521706594286,0.394014256088302,0.275906091890232,0.236329158391621,0.158088983173985,0.118593018305662,0.0667290378591412,0.257429520917142,0.105070350296509,0.194771968091309,0,0.209836553049084,0.154596864492364,0,0.0641439249170944,0.0120807560449128,0,0.0991973102357342,0.327240462792996,0.329078259565145,0.125326456551118,0.217405395480132,0.111024998754365,0,0,0,0,0.129907687529221,0.136184802261452,0.0549189106043105,0.135686632878131,0.199614883109527,0.144236710375891,0.357129997099346,0.267881430332474,0.269484575541103,0.138777869571933,0.316196000037541,0.26988076723691,0.0890106984853675,0.0438852482028474,0.0897421181327559,0.129427309040896,0.178606065823075,0.321825148823615,0.308022613310375,0.13744593388262,0,0,0.201064579291529,0.292848653721425,0,0,0.256604610395687,0.245751630357832,0.176569832402235,0.186016267330879,0.131529009015094,0,0,0.136965919963038,0.064011335718916,0.173818221537607,0.185049784501676,0,0.299429108027935,0.322661469933185,0,0.305068547833597,0,0,0,0,0,0,0.375672470716705,0.32353930110758,0,0.298713000077524,0,0.541508843257542,0.0514798268312985,0.380629614366439,0.28520181209979,0.25131875509519,0.173513969072793,0.124607358695053,0.0348974573712565,0.253579085690573,0.116102728373835,0.208327229332126,0,0.212068153093189,0.165302433405173,0,0.075503183163495,0.0251429856693015,0,0.105810638211496,0.325170887667213,0.353094963731674,0.114218248544901,0.223777807680175,0.111961529209388,0,0,0,0,0.138751357333239,0.139375153719463,0.0783327971231069,0.140906557115907,0.212641105866964,0.146157055762022,0.355132150268431,0.260571400622048,0.263743503019092,0.137405378984406,0.329512091407938,0.302713911525029,0.134880628933987,0.083148350768924,0.21422633776678,0.092035873228607,0.266457300875585,0.312048460879043,0.324151933967416,0.163515263349615,0,0,0.188801758597339,0.27010189672021,0,0,0.258774601890228,0.232734797795797,0.130623374976219,0.180082901415619,0.136005068694044,0,0,0.142061810857733,0.0300285842813246
"1-12-14-15_04",0.172237027854529,0.146711702812749,0,0.202279042110384,0.26524494880481,0,0.280201411004306,0,0,0,0,0,0,0.254817352294405,0.298086035309674,0,0.223375686165401,0,0.385336659957628,0.0916330155018149,0.489458905140799,0.204134830185839,0.18681838693292,0.169509897643685,0.0211587521818914,0.0644208147094159,0.250705202929373,0.114236964682962,0.173537020940542,0,0.196618833768475,0.16192976468716,0,0.0809397169064682,0.0450311990901546,0,0.16784114340392,0.303304053439123,0.280662973491848,0.148976825144573,0.16496210454354,0.145208973627973,0,0,0,0,0.1314608071116,0.141886648448363,0.0587675672486548,0.150654746298167,0.188315490588728,0.171566318088826,0.32417991890967,0.18899253255412,0.217437874694907,0.143622253678937,0.389890366030501,0.0410346339324857,0.0721632961848593,0.0822878173124783,0.0600009737206984,0.09747599376562,0.266298050083517,0.337303719502608,0.396081095436984,0.102095742248505,0,0,0.200248458469351,0.241680764609845,0,0,0.240341634084954,0.192399520699636,0.0943081636481107,0.121727293842694,0.13898415157821,0,0,0.145699601647544,0.0379270745940953,0.174345926616793,0.169055984003795,0,0.199126210771488,0.254618121167925,0,0.295973585013769,0,0,0,0,0,0,0.283165283146327,0.292446861595714,0,0.217996374235932,0,0.651826970377272,0.0559378050275904,0.403211098567044,0.203186537451739,0.193143350395854,0.267775231310424,0.155171172036299,0.0332013308859639,0.252845444933845,0.115439544061183,0.178693079543252,0,0.20095862184103,0.139701038126884,0,0.0848432657922879,0.018012192869019,0,0.205191552220593,0.297575459319854,0.283208012376975,0.140786265706505,0.179481226525815,0.148978809804691,0,0,0,0,0.13839703002476,0.147024404445168,0.0721858707910639,0.155887653225556,0.201464250449089,0.190484217658658,0.327878547345128,0.18028622276639,0.231389790805919,0.13671192818748,0.369907112437544,0.063973063973064,0.0926367361445128,0.0905297238297056,0.144888290172969,0.0735261717869367,0.263680374183446,0.383933012321582,0.407050189750936,0.14757383768417,0,0,0.188351965099141,0.235652669735737,0,0,0.244873968459323,0.187145075416168,0.110275338932442,0.156949849030404,0.15242601823549,0,0,0.157085230804359,0.0260910771136097
"1-12-14-15_19",0.15945565389806,0.15896498622863,0,0.256563200337775,0.273901928803791,0,0.290822827582852,0,0,0,0,0,0,0.360950790432361,0.311013170416465,0,0.247922670547174,0,0.255307474658865,0.134831555492637,0.328553043750912,0.2365345851512,0.154662587916754,0.164460973979143,0.0396367850489225,0.072008568497466,0.21184272256553,0.124132431436036,0.171118588079164,0,0.174424647785705,0.144744951077707,0,0.0523921129243897,0.0248731592624675,0,0.110067295318054,0.315527189160775,0.297400628636857,0.123773430610607,0.189459061662379,0.0833314230541055,0,0,0,0,0.101228442672166,0.106788443838073,0.0185170544037301,0.107124928407894,0.155616015128677,0.0918457646747497,0.323671125427211,0.239557481885274,0.255277562907637,0.13835958491092,0.306332222183955,0.0433668597619199,0.0622060778924317,0.0327692658165739,0.0546989678619032,0.122285116047981,0.25935371511883,0.256288271376799,0.253618970903893,0.0958978938203644,0,0,0.24698173769505,0.281778353653269,0,0,0.251562969367036,0.186207635351135,0,0.102184388496202,0.123873537895884,0,0,0.139128693696276,0.0676964565192586,0.163527459467184,0.18365673565374,0,0.260149280532332,0.277208825959605,0,0.298810675085422,0,0,0,0,0,0,0.360842342772865,0.313487490832384,0,0.251473024300811,0,0.534654866527978,0.0534743147259094,0.187254853061061,0.234491893073208,0.163343749740854,0.233781107303409,0.0406197590509747,0.0388784341758694,0.245848175720928,0.109036621339665,0.173297558127838,0,0.177642656356003,0.108461562257568,0,0.0651366221431457,0.157121661721068,0,0.115379217826068,0.318363378071053,0.320087486053433,0.110949736637535,0.197303151654242,0.083097521956173,0,0,0,0,0.11914683201798,0.121542360490177,0.0463168340167703,0.120539200071926,0.197314504163746,0.104164541404956,0.328921049167654,0.224699104190703,0.23453263229945,0.125624023677761,0.295264173269913,0.161389565440328,0.103215667420661,0.0872249826926944,0.145382732715778,0.0525679137043096,0.222729069861366,0.273767380346439,0.261684924083853,0.133360279223912,0,0,0.198744944431451,0.264505996007544,0,0,0.245507445572275,0.184760277034976,0,0.161376478170291,0.129165080571256,0,0,0.147143037945717,0.0404933987068251
"1-12-18-15_08",0.183325980517176,0.206971987746016,0,0.29263192818869,0.345929870033263,0,0.300955017041377,0,0,0,0,0,0,0.397181075309907,0.297169897107727,0,0.313522558261574,0,0.463981311378739,0.0880209091231406,0.424697213059655,0.304112435209125,0.183634067711686,0.179493960792867,0.0406058811920268,0.0632517763540172,0.235808278252458,0.118746922331597,0.205551567819869,0,0.210940958942438,0.202874063011031,0,0.0707132919203363,0.263807957175119,0,0.100815231503707,0.295996191863977,0.379582365201685,0.123317284705382,0.211381020970772,0.0877022908318509,0,0,0,0,0.132731510027643,0.141336929265309,0.069479708326672,0.142615848288871,0.195205878117948,0.133138275054173,0.304396671016514,0.25197020510007,0.267612164595157,0.154215248026836,0.368696854135041,0.0253519154002381,0.0667213437058597,0.0769658428911777,0.0831024762869298,0.0295702604821346,0.347939365963524,0.297163418018943,0.373679637690914,0.0749884989004151,0,0,0.250391447746545,0.31659150067745,0,0,0.264559133488703,0.231101006414286,0.264390719710165,0.179202734651955,0.130748709737935,0,0,0.138571345931225,0.0623109344864739,0.183468259859628,0.216017154230965,0,0.316291892240763,0.354202164027653,0,0.307490552979813,0,0,0,0,0,0,0.40041449694352,0.293596829565539,0,0.313980314904775,0,0.624231858412231,0.0534768896081804,0.323376082776666,0.292150390685321,0.205819501001879,0.202445624320945,0.0424708078308808,0.0366969685387822,0.260957160520765,0.132520654371252,0.227116050527935,0,0.213254822973382,0.13775565743287,0,0.0833530918418509,0.0513410314210793,0,0.135874518621643,0.29212936862813,0.383040687198706,0.110393500505275,0.203423611333642,0.0709163985804107,0,0,0,0,0.134533182440098,0.139491555301938,0.0694691668089049,0.140155879572411,0.182769783763273,0.139830100609287,0.316860266267548,0.236751486094793,0.253322157458767,0.134883974232839,0.310166088946587,0.133675966715614,0.0883593058753693,0.0782081836058302,0.133447866519246,0.11643935846406,0.32472513915281,0.306565819935746,0.367988641228001,0.151169616121661,0,0,0.225243716528511,0.295526730786366,0,0,0.257222214678643,0.258163642282259,0.167376856576709,0.191293404773273,0.139220208267125,0,0,0.138511773099405,0.0452361397435756
"1-5-12-15_02",0.167808675302072,0.150666482013641,0,0.22104055243842,0.239646523733361,0,0.26788892613632,0,0,0,0,0,0,0.24974308465067,0.300486752558387,0,0.199535743406478,0,0.256678700200963,0.0672975087591987,0.469149789324949,0.131931882233283,0.219680946903233,0.144272853171086,0.0352017739476635,0.0795775434804961,0.198949138948049,0.110205313589698,0.163411354573968,0,0.19886417072815,0.23545609236376,0,0.050269406767705,0.0411871337633321,0,0.118253469226607,0.307982823016126,0.270782563656912,0.121614992476878,0.141542494668641,0.0923690248128792,0,0,0,0,0.0987520166431551,0.108233166503326,0.0187434264488571,0.10926018201612,0.15316087473738,0.0989369683688095,0.296476326835031,0.190536183599018,0.178402046667649,0.128432020130178,0.353615489914165,0.123602310846068,0.0577632558923909,0.0343757746315848,0.101405561616028,0.0484719397870429,0.199762814070352,0.294294728360776,0.347286551791151,0.066740045642872,0,0,0.204995944995318,0.241436757798019,0,0,0.224955596868974,0.217180268353001,0,0.127272998827562,0.115041199720801,0,0,0.12750448714298,0.0727913543745901,0.183605913185513,0.155518560080637,0,0.267751065552381,0.268767299945817,0,0.273618135941097,0,0,0,0,0,0,0.259407249723245,0.298499335480363,0,0.230060888864233,0,0.451687476508285,0.0373491951755897,0.274473528832907,0.171935994621991,0.212537567169266,0.166716258588977,0.067246213587677,0.0419324029582182,0.238848119992383,0.0994593784821671,0.165339134605106,0,0.203638227863812,0.213279135061428,0,0.0453874490787606,0.00453641066454437,0,0.106300433845475,0.303410601648148,0.296358918493638,0.108006748497172,0.137060753566959,0.0897877952134831,0,0,0,0,0.107292312979492,0.11793648443982,0.0298938758485164,0.119893959669044,0.167971516407368,0.0822035737538885,0.290016180508346,0.181026876454046,0.166516653799482,0.0998377920424236,0.324585790174447,0.156603016227995,0.0641049564510265,0.0443667997475602,0.102346219498768,0.0207821573466539,0.187163283543981,0.314184505185721,0.298986414876192,0.142764169990412,0,0,0.172772608245956,0.219274469103915,0,0,0.216397308894051,0.233203061191275,0,0.146331743769006,0.119794380271199,0,0,0.134843060052741,0.0339328323763144
"1-5-12-15_05",0.157565001273738,0.131473951368611,0,0.257452727526054,0.264255912991543,0,0.275308162929416,0.0529846726409089,0,0,0,0,0,0.323313406018554,0.288623738391246,0,0.256844978428724,0,0.314087144353209,0.0962023153661759,0.506507717115872,0.258467789406979,0.23114179615874,0.110775509299495,0.000132037604309707,0.0629253077563856,0.256983228581431,0.0915872159898417,0.162562890347529,0,0.198051511909898,0.173057350251682,0,0.0491549258179155,0,0,0.113564893191147,0.290997677227013,0.309628293430815,0.108680683638636,0.159394944124241,0.0874698718480565,0,0,0,0,0.120309907101794,0.133090977110794,0.0752419415399151,0.130542201045598,0.192954332236061,0.0974474827103934,0.296141257721922,0.232032841050559,0.200003417317359,0.110680639230651,0.317905820881673,0.078852865307774,0.0735296306402401,0.0600932374165725,0.0815115210638716,0.0785161054020172,0.277247909646824,0.292002019321913,0.25673087065399,0.0543319962086723,0,0.233716475095785,0.168171910222285,0.232659007802245,0,0,0.223642185314516,0.203783882829131,0,0.114914977538967,0.108235471664389,0,0,0.124178491424438,0.0450568582082655,0.165537771943529,0.142384877896361,0,0.266881001041144,0.257144569998337,0,0.283022378971734,0.0671367709710592,0,0,0,0,0,0.33673867977865,0.279434352329744,0,0.251641576841816,0,0.556060835279309,0.0493335448822041,0.319490423386423,0.246634977998735,0.224930930328195,0.154794467075418,0.0505817081995807,0.040128784714837,0.284799044600616,0.0893249716870863,0.167383646954212,0,0.203517538451391,0.170648792885678,0,0.056140086858547,0.0228136882129278,0,0.135640034452724,0.281529518785659,0.309241727262346,0.0977653140807747,0.163793439415961,0.0916589967267686,0,0,0,0,0.124322469849573,0.136122858551956,0.0755221103287737,0.134958542693002,0.197475745965581,0.0794354943766555,0.30022933869776,0.21666618030381,0.183870796665881,0.0975407853868398,0.31499241397689,0.119273399014778,0.0838398309810253,0.0746773635902816,0.12305708945714,0.0880799547984921,0.26444417743868,0.322530645688081,0.259267226424259,0.107226092859489,0,0.192337164750958,0.167735034094649,0.22247085888645,0,0,0.220690383598178,0.212031477610364,0,0.121175195524181,0.113617529882267,0,0,0.137830316910235,0.0259178120723323
"1-5-12-15_27",0.146017271715809,0.12125945781487,0,0.209355160944658,0.182321859736503,0,0.262796042839955,0,0,0,0,0,0,0.288763877972317,0.246291274950544,0,0.201362810079899,0,0.280759689121755,0.152246616293899,0.509023104576933,0.21864490390571,0.183267333101329,0.0759085714285714,0.00853751581468569,0.0698110736270336,0.186650862468701,0.0795441548893064,0.144276531957223,0,0.188549410803081,0.194516545186507,0,0.0169416529897514,0.0372063744491933,0,0.0581530998691588,0.249439084345167,0.25698464990781,0.0849482606259889,0.108267540793168,0.0446690667150236,0,0,0,0,0.0980522110985187,0.111480845885613,0.0385406546314497,0.112284869388534,0.16295937592075,0.0436053052070421,0.257092997680296,0.15833734082038,0.113336834906213,0.0718992011408985,0.312937687956089,0,0.0458185803444356,0.0395499064041642,0.0526417385817184,0.0537729087882504,0.109683175282035,0.199590765088444,0.255165355951079,0.0579941117116121,0,0.216178521617852,0.160181614826322,0.192810215551242,0,0,0.194518029435268,0.217774565113249,0,0.0934437781984672,0.0752298321611884,0,0,0.0825227211194522,0.0572052216481769,0.165666694334118,0.124715646788144,0,0.235343230566169,0.163677407915133,0,0.27024957062828,0,0,0,0,0,0,0.294047375975571,0.237576810320432,0,0.202959550626424,0,0.607999772886825,0.042175918668766,0.470807100374366,0.212558298418187,0.198464943968633,0.133709533467458,0.0222896546162066,0.034295716053268,0.193765850753151,0.0560473848863131,0.125877146467994,0,0.202100659045165,0.180272505834821,0,0.0183536928637801,0.0267223202375317,0,0.07770685023172,0.240213420419635,0.277503992820935,0.0637743202813608,0.0913427133153491,0.0500669610682321,0.0629561030902536,0,0,0.0827426798645401,0.100620398162388,0.110804072814518,0.047909507033815,0.110461603766851,0.177792410883187,0.0538785830341651,0.255131779781772,0.134242609759078,0.102247459555368,0.0599723427086584,0.334322498572632,0,0.0638201429935726,0.0635625431117409,0.105771974657082,0.0389531388751609,0.0941712982138094,0.257617412402182,0.332745672346611,0.131037645668431,0,0.211994421199442,0.138608047658193,0.173648924969843,0,0,0.186149085691545,0.219926755202812,0,0.0929260127889029,0.0820191108507762,0,0,0.103005996868007,0.0237443984841931
"1-5-12-15_36",0.1605663300793,0.137916785438169,0,0.267881817499395,0.238072924665903,0,0.273539203650033,0.00415812217499592,0,0,0,0,0,0.209370233314161,0.291934718023759,0,0.218276173821372,0,0.31249499445702,0.162935018611118,0.417006324812261,0.154837680884434,0.228313156932606,0.137759627028167,0.00474308300395257,0.0845438986023694,0.195154938813428,0.103313182473118,0.120266991988143,0,0.203615711710851,0.191980045585362,0,0.0596613469110308,0.000202732206350196,0,0.113178321491864,0.29743726566144,0.292072254445912,0.0892212432512652,0.115781770960284,0.133227609474723,0.00521898346765032,0,0,0.00521898346765032,0.111481639599392,0.131273461170784,0.0513470078653745,0.136814512055093,0.166577689037422,0.0884722608477416,0.285463711688264,0.166683158171984,0.170195737840589,0.119348409838438,0.329441046978725,0.0180872334123223,0.0577283304309936,0.0384056575232756,0.0700444003826688,0.0748112887007388,0.228832172629771,0.245633840754517,0.254993283058142,0.0392138454087912,0,0,0.184183166802151,0.231395223886597,0,0,0.219446367395463,0.21312128261121,0.0405108058957691,0.170359352885027,0.106229221621789,0,0,0.108560421559215,0.0556212517571373,0.180882652863364,0.14790131838491,0,0.273046407050599,0.281603086563404,0,0.280265188038908,0.0380057457505387,0,0,0,0,0,0.179671402941148,0.288133944114086,0,0.223879729520624,0,0.601362105002982,0.0495768141275978,0.390612907926194,0.16182910634111,0.222635581637402,0.183164327797486,0.0132916511816016,0.0370780970168601,0.186892553818318,0.0884095640398569,0.183382776976822,0,0.210997219757667,0.18495042323069,0,0.0662766430505761,0.0193845462713387,0,0.136502859047668,0.293274470800651,0.322864440349824,0.0806080275360826,0.158424142435131,0.129412265273088,0.0273105444022427,0,0,0.0273105444022427,0.115528026478058,0.13041050871081,0.0631702194782163,0.12816063674791,0.204456702133395,0.0789555913127531,0.28004080051751,0.149100247866834,0.174866546551449,0.103937083844305,0.313215357994928,0.150133461689931,0.0662751673439098,0.0648329762477519,0.0986577157717522,0.0378461307714062,0.221028519242397,0.279592560161699,0.2495437473062,0.100973484817985,0,0,0.169838099454919,0.188018320909313,0,0,0.218187364840078,0.213571801511825,0.0552249134948097,0.13207283106418,0.11294175370139,0,0,0.120297591876515,0.0305634086772054
"1-5-12-15_41",0.168204442275296,0.167709800441439,0,0.299257988490148,0.206953922582023,0,0.278514652484478,0.0737101590167349,0,0,0,0,0,0.243992672095703,0.300445139495364,0,0.251358948656725,0,0.352082238800743,0.0769204513484739,0.383120927529138,0.209474074821305,0.237851189456628,0.143062884015172,0.000485060147458285,0.0577625885208475,0.127876085977429,0.101602385364284,0.155329175329175,0,0.201589614850177,0.175364412006917,0,0.0427360494937564,0.116826939647744,0,0.111342685828713,0.303907642430915,0.334189327267846,0.11208391077393,0.138919315501946,0.106745862335086,0.0154938539015541,0,0,0.0234559931138369,0.115278216168114,0.133792022271761,0.0665278632061117,0.137182722211256,0.184328830756589,0.0715749153342661,0.283178443919883,0.218614072284357,0.170759007488514,0.119214699661851,0.295932600706199,0.114177239925743,0.056910443763519,0.0509468010015035,0.0599029019826967,0.0643663684600297,0.293861112864964,0.278743297564642,0.267789369401215,0.127965024872004,0,0.0434782608695652,0.196753978093182,0.19257175739404,0,0,0.220995812517321,0.229085124253821,0.0690303567231373,0.140673866681589,0.127304837825001,0,0,0.157709671120863,0.0559185264552182,0.174777672094933,0.181641918570222,0,0.293774664995896,0.227089887411414,0,0.287651883933192,0.148409363745498,0,0,0,0,0,0.309474271838841,0.296478790778083,0,0.257842747417613,0,0.534493979353652,0.0492421855983047,0.266080066746099,0.241148485998863,0.231975004695678,0.142955071996246,0.000583743680033142,0.0335539945982445,0.146758827544438,0.105066917587848,0.15029391950302,0,0.206703116926096,0.164079084139582,0,0.0435823766415445,0.0214689265536723,0,0.115820153766502,0.299048231020769,0.336469834041888,0.113896521357784,0.159261972462539,0.112292788168825,0.00535414333706607,0,0,0.00778507098152954,0.116935165483942,0.133516771895196,0.0643577174025615,0.134747575439343,0.193918868897191,0.0734845759491443,0.291338374670639,0.215695425055606,0.184537056616417,0.110980212178067,0.319141256641257,0.118235482276309,0.0631011889799921,0.0557351353503681,0.109521712955891,0.0651009596068135,0.186067508939813,0.322990576936437,0.298472483837137,0.140772305333051,0,0,0.167133160000706,0.181122504312523,0,0,0.222004815235033,0.221096048996023,0.0661087641894487,0.141746785394454,0.127754242730511,0,0,0.157170109849953,0.0390352253575297
"1-5-22-15_10",0.174332255848262,0.150013766093704,0,0.114159169436905,0.152056879392411,0,0.25736433255822,0,0,0,0,0,0,0.249733535174151,0.26471497381863,0,0.164404575009321,0,0.250848567024853,0.106272463682907,0.317475040078898,0.156812248416143,0.141648440566575,0.153982639600848,0.0192473166976133,0.0834332975307889,0.101597754535685,0.141205205483217,0.183872489469444,0,0.171519045329791,0.176012683730847,0,0.0464777035278396,2.87794629752209e-05,0,0.0854602473149067,0.271414778839428,0.223351083506104,0.103660814471741,0.147305442643426,0.0836578931216844,0,0,0,0,0.114797408049864,0.117215498106676,0.0466455350494406,0.117606509513065,0.151659551381829,0.128789877076283,0.284109284811538,0.15438816608433,0.16116621996124,0.0933714168195695,0.267516353235569,0.149886526441241,0.0982934689773629,0.0731111580520937,0.133734604548407,0.0683696866082258,0.129239012770236,0.207485305969806,0.18519052787402,0.138240700428985,0,0,0.157090226162888,0.165671557956489,0,0,0.200798275594211,0.199257026894684,0,0.132249472630031,0.122218357292799,0,0,0.133085037931484,0.0573978584404301,0.18194888669592,0.169070868487685,0,0.136954598511173,0.15932602057773,0,0.269484488058216,0,0,0,0,0,0,0.28515336235768,0.258595579672245,0,0.174006228730645,0,0.513357510037376,0.0671120411746916,0.194878742489776,0.1561577671469,0.140336683590801,0.171092303301406,0.0128024909687269,0.0392736634587799,0.129693359605553,0.114624875082889,0.18314421427629,0,0.182517646020882,0.176327427469731,0,0.0557402114718307,0.000629358306270926,0,0.0857250595408634,0.263865421929939,0.248563174870285,0.098647551292471,0.157880629063921,0.0763278375489123,0,0,0,0,0.127247995429957,0.129549141748555,0.0655847797850986,0.127603796844545,0.204158927419667,0.115059665457604,0.279904407732905,0.148134115555329,0.166260234928711,0.0881586498527524,0.346296717458873,0.107420436881289,0.112933722398729,0.0961543318632005,0.17490840721925,0.069669700057225,0.215110212957573,0.262128461776243,0.256086491286597,0.136638194591573,0,0,0.149841618799464,0.157582949549479,0,0,0.204675672567629,0.193476992910458,0,0.131983541705213,0.118771059239037,0,0,0.138913595696246,0.0397691328196354
"1-6-4-15_04",0.158881469827084,0.104427979231449,0,0.249798988574192,0.230497682015728,0,0.279132331662024,0.00124855252007064,0,0,0,0,0,0.317568784120287,0.258780416031567,0,0.237392771009281,0,0.164622059932229,0.140331152497269,0.274838454556076,0.230232635552267,0.178883884416456,0.0533067618078397,0.000171970893926203,0.0672144682378875,0.231768652358339,0.105876491988588,0.162412263637071,0,0.179338106834769,0.198770817093887,0,0.0225553539115256,0.00170643071575288,0,0.0583284286998689,0.26018152126562,0.30396486525131,0.063275004412255,0.122607885682101,0.0648636302800715,0,0,0,0,0.0829653021649489,0.0927737909681808,0.0214738770127246,0.0813516884254556,0.158540085510039,0.037680190492184,0.30051546468247,0.237129103519261,0.188604124310195,0.0958518749974764,0.329203234531103,0.00096402964391155,0.0375860313080044,0.0178914269750412,0.0247227363524101,0.0645355258837226,0.198607821801191,0.28615095683276,0.329183843679257,0.0900424288203732,0,0,0.156075581461794,0.205679776533118,0,0,0.218617638471157,0.187156504432907,0,0.107639158571025,0.0832213582804575,0,0,0.111368793239683,0.0571076232083309,0.174241433615137,0.123651360784765,0,0.252860747115926,0.252308618914144,0,0.286089910455834,0.00026540542379802,0,0,0,0,0,0.318677860362654,0.256359474269911,0,0.246615999405381,0,0.417018466601341,0.0527007478738144,0.244052970477463,0.23961260486259,0.183602286122895,0.0643094646437959,0.0612117178419939,0.0316908667630631,0.250347103028925,0.099329122698914,0.164431407472286,0,0.185546814950846,0.169648999987062,0,0.029353375945128,0.0239756234463956,0,0.0603954189758179,0.257011862630408,0.338994180797949,0.0711536344418779,0.172540619484075,0.0651086868492305,0,0,0,0,0.0907920856697104,0.101605218855323,0.0250590961761298,0.0913416430668223,0.181519012542305,0.0566747401066664,0.30509324943402,0.215483775062344,0.18545550435164,0.0925213331419982,0.307181124075319,0.00103456079661181,0.0471670249840318,0.0381716810828688,0.0623947770978605,0.050657909492146,0.197595072433365,0.267924336978637,0.356177128352403,0.126662077749657,0,0,0.144217162895222,0.192034291986761,0,0,0.219853766268871,0.196745148961394,0,0.121176804724456,0.0907093649729184,0,0,0.119305818888648,0.0187833622212784
"1-9-02-15_04",0.18337877470149,0.14987356308349,0,0.287055409803401,0.290247065867647,0,0.272563054751916,0.050075760283326,0,0,0,0,0,0.161575344221943,0.249321894563677,0,0.232573176255536,0,0.285097410741493,0.125108366534192,0.415719457775533,0.162021077237314,0.157782700888586,0.165445062148963,0.0224001123516607,0.0817287376841169,0.215982137753396,0.125425399761318,0.192377123803291,0,0.184414217278128,0.125233538016292,0,0.0472823482384016,0.0793477117306681,0,0.103484381411659,0.250426739227987,0.292959153580112,0.109277836112276,0.150503680586695,0.094235094157244,0.00936760014589835,0,0,0.010525973392317,0.119661413373093,0.137932481648949,0.0461915025401289,0.140381440126951,0.174053797022955,0.0649713478195061,0.293423916407912,0.194718858971974,0.147349492283783,0.112128257864298,0.341570564366125,0.0195623850398529,0.0779002195922053,0.0764069050824822,0.0633793157139627,0.102584212729396,0.305435305435305,0.317549587353559,0.200123375944127,0.121689662020343,0,0,0.186698369000931,0.280676463290132,0,0,0.223363577686986,0.224299906696108,0,0.125206541575181,0.119109359212034,0,0,0.14052133338092,0.0453444825153313,0.193004778837614,0.162424451531011,0,0.300993037206442,0.280558019425782,0,0.280070616170657,0.0499593796250163,0,0,0,0,0,0.147874615646949,0.242488143749283,0,0.233011250589298,0,0.661346569282996,0.0790743714858311,0.30174019289927,0.174506447421894,0.147125583380861,0.1935893605957,0.0441883610078047,0.0387912466162485,0.232656351245477,0.139530900383174,0.204310379762526,0,0.187822633778455,0.138092970651218,0,0.0527327023432625,0.042643962963653,0,0.127406182588091,0.243124537171533,0.324556154587606,0.104721439884256,0.166032456782965,0.100729295155227,0.0494447791111135,0,0,0.0556115168303534,0.123000992020295,0.141480789278041,0.0650369508716865,0.138076441184559,0.192526825799668,0.0748316149712032,0.287182059668689,0.175597089065829,0.143122436158025,0.0989525545941888,0.342541589424906,0.082618025751073,0.0811711143128464,0.0901806604949919,0.0883163643306928,0.0835934634454137,0.289949315271263,0.337623903361311,0.189157567006859,0.146518008177826,0,0,0.163208481596279,0.263008115693304,0,0,0.220480313869758,0.226128001047899,0,0.183574275437793,0.125925095761507,0,0,0.145373943579619,0.0364446680071373
"1-9-23-15_06",0.169787253423453,0.140200538874073,0,0.28548922200322,0.316044939362064,0,0.238496348861715,0,0,0,0,0,0,0.149566424558541,0.266895006397753,0,0.246252395071651,0,0.433328840011316,0.0744506329949045,0.403706122993299,0.166692641638576,0.276359042944045,0.0767602608341109,0.0666126054993011,0.0716956478579884,0.184262916690838,0.127895224517889,0.159725613144168,0,0.214394554968225,0.202468571491133,0,0.0440361519725216,0.000254129606099111,0,0.0730475481357509,0.268262901148774,0.369168209033358,0.124889610341549,0.150332607394947,0.0670876348774211,0,0,0,0,0.101550817704786,0.106076215864151,0.0313632276616012,0.103699380314688,0.142969008202807,0.0798080832915678,0.304765021558092,0.219861679482078,0.247126197345443,0.107124226100202,0.266864868431664,0.0379891251577823,0.078161121652771,0.0509572915897938,0.116442698536663,0.0666311598338716,0.316905405372768,0.273476967671867,0.304688512821114,0.0293159092531064,0,0,0.177871101037206,0.263251799587884,0,0,0.211219735787466,0.224093933840585,0.152144253106678,0.123122624969056,0.106871565656372,0,0,0.131802524434923,0.0652121853397498,0.175761809118831,0.132050653218097,0,0.307558921266804,0.316463588800412,0,0.246160178425603,0,0,0,0,0,0,0.142069869747886,0.263077775864094,0,0.248867134494198,0,0.633864575537696,0.0500907630511984,0.351943214466791,0.165861788872107,0.270713766699961,0.0717259457236842,0.0623075821579437,0.0304015430453803,0.199106080747858,0.136246333821018,0.190078866156132,0,0.216681501964668,0.19876921464698,0,0.0475409145902754,0.000222377533515471,0,0.0899778900302334,0.264058543734687,0.366421831984744,0.107325647178167,0.15133106521635,0.0638783474194435,0,0,0,0,0.102687295586681,0.109071227488312,0.0431036601853445,0.108259604562519,0.144360823248369,0.0514249574488222,0.303833669314159,0.210404298978931,0.233080990793492,0.0965898108049113,0.230399460289059,0.119607016468003,0.0751378104050992,0.0668288941799594,0.132877425616435,0.0458273358396079,0.308993280522531,0.331630072593121,0.306227783151297,0.146377951335937,0,0,0.161762331380701,0.22901911699539,0,0,0.205596849082229,0.212945995787809,0,0.0963724863736348,0.111516719928625,0,0,0.146560491057852,0.02800450187878
