"Brain.ID","Ammon's horn_RG_Iba1","Anterior group of the dorsal thalamus_RG_Iba1","Basic cell groups and regions_RG_Iba1","Basolateral amygdalar nucleus_RG_Iba1","Basomedial amygdalar nucleus_RG_Iba1","Brain stem_RG_Iba1","Caudoputamen_RG_Iba1","Cerebellar cortex_RG_Iba1","Cerebellar nuclei_RG_Iba1","Cerebellum_RG_Iba1","Cerebral cortex_RG_Iba1","Cerebral nuclei_RG_Iba1","Cerebrum_RG_Iba1","Claustrum_RG_Iba1","Cortex_RG_Iba1","Cortical plate_RG_Iba1","Cortical subplate_RG_Iba1","Dentate gyrus_RG_Iba1","Dentate gyrus, granule cell layer_RG_Iba1","Dentate gyrus, molecular layer_RG_Iba1","Dentate gyrus, polymorph layer_RG_Iba1","Endopiriform nucleus_RG_Iba1","Entorhinal area_RG_Iba1","Epithalamus_RG_Iba1","Fasciola cinerea_RG_Iba1","fiber tracts_RG_Iba1","Fundus of striatum_RG_Iba1","Geniculate group, dorsal thalamus_RG_Iba1","Geniculate group, ventral thalamus_RG_Iba1","Hindbrain_RG_Iba1","Hippo_RG_Iba1","Hippocampal formation_RG_Iba1","Hippocampal region_RG_Iba1","Hypothalamus_RG_Iba1","Induseum griseum_RG_Iba1","Interbrain_RG_Iba1","Intralaminar nuclei of the dorsal thalamus_RG_Iba1","Isocortex_RG_Iba1","Lateral amygdalar nucleus_RG_Iba1","Lateral group of the dorsal thalamus_RG_Iba1","Lateral septal complex_RG_Iba1","Medial group of the dorsal thalamus_RG_Iba1","Medulla_RG_Iba1","Medulla, behavioral state related_RG_Iba1","Medulla, motor related_RG_Iba1","Medulla, sensory related_RG_Iba1","Mid_Hind_Medulla_RG_Iba1","Midbrain_RG_Iba1","Midbrain, behavioral state related_RG_Iba1","Midbrain, motor related_RG_Iba1","Midbrain, sensory related_RG_Iba1","Midline group of the dorsal thalamus_RG_Iba1","Nucleus accumbens_RG_Iba1","Olfactory areas_RG_Iba1","Olfactory tubercle_RG_Iba1","Pallidum_RG_Iba1","Parasubiculum_RG_Iba1","Peripeduncular nucleus_RG_Iba1","Pons_RG_Iba1","Pons, behavioral state related_RG_Iba1","Pons, motor related_RG_Iba1","Pons, sensory related_RG_Iba1","Posterior amygdalar nucleus_RG_Iba1","Postsubiculum_RG_Iba1","Presubiculum_RG_Iba1","Reticular nucleus of the thalamus_RG_Iba1","Retrohippocampal region_RG_Iba1","root_RG_Iba1","Striatum_RG_Iba1","Striatum-like amygdalar nuclei_RG_Iba1","Striatum dorsal region_RG_Iba1","Striatum ventral region_RG_Iba1","Striatum_Pallidum_RG_Iba1","Subiculum_RG_Iba1","Subparafascicular area_RG_Iba1","Subparafascicular nucleus_RG_Iba1","Thalamus_RG_Iba1","Thalamus, polymodal association cortex related_RG_Iba1","Thalamus, sensory-motor cortex related_RG_Iba1","Ventral group of the dorsal thalamus_RG_Iba1","ventricular systems_RG_Iba1","Ammon's horn_NL_Iba1","Anterior group of the dorsal thalamus_NL_Iba1","Basic cell groups and regions_NL_Iba1","Basolateral amygdalar nucleus_NL_Iba1","Basomedial amygdalar nucleus_NL_Iba1","Brain stem_NL_Iba1","Caudoputamen_NL_Iba1","Cerebellar cortex_NL_Iba1","Cerebellar nuclei_NL_Iba1","Cerebellum_NL_Iba1","Cerebral cortex_NL_Iba1","Cerebral nuclei_NL_Iba1","Cerebrum_NL_Iba1","Claustrum_NL_Iba1","Cortex_NL_Iba1","Cortical plate_NL_Iba1","Cortical subplate_NL_Iba1","Dentate gyrus_NL_Iba1","Dentate gyrus, granule cell layer_NL_Iba1","Dentate gyrus, molecular layer_NL_Iba1","Dentate gyrus, polymorph layer_NL_Iba1","Endopiriform nucleus_NL_Iba1","Entorhinal area_NL_Iba1","Epithalamus_NL_Iba1","Fasciola cinerea_NL_Iba1","fiber tracts_NL_Iba1","Fundus of striatum_NL_Iba1","Geniculate group, dorsal thalamus_NL_Iba1","Geniculate group, ventral thalamus_NL_Iba1","Hindbrain_NL_Iba1","Hippo_NL_Iba1","Hippocampal formation_NL_Iba1","Hippocampal region_NL_Iba1","Hypothalamus_NL_Iba1","Induseum griseum_NL_Iba1","Interbrain_NL_Iba1","Intralaminar nuclei of the dorsal thalamus_NL_Iba1","Isocortex_NL_Iba1","Lateral amygdalar nucleus_NL_Iba1","Lateral group of the dorsal thalamus_NL_Iba1","Lateral septal complex_NL_Iba1","Medial group of the dorsal thalamus_NL_Iba1","Medulla_NL_Iba1","Medulla, behavioral state related_NL_Iba1","Medulla, motor related_NL_Iba1","Medulla, sensory related_NL_Iba1","Mid_Hind_Medulla_NL_Iba1","Midbrain_NL_Iba1","Midbrain, behavioral state related_NL_Iba1","Midbrain, motor related_NL_Iba1","Midbrain, sensory related_NL_Iba1","Midline group of the dorsal thalamus_NL_Iba1","Nucleus accumbens_NL_Iba1","Olfactory areas_NL_Iba1","Olfactory tubercle_NL_Iba1","Pallidum_NL_Iba1","Parasubiculum_NL_Iba1","Peripeduncular nucleus_NL_Iba1","Pons_NL_Iba1","Pons, behavioral state related_NL_Iba1","Pons, motor related_NL_Iba1","Pons, sensory related_NL_Iba1","Posterior amygdalar nucleus_NL_Iba1","Postsubiculum_NL_Iba1","Presubiculum_NL_Iba1","Reticular nucleus of the thalamus_NL_Iba1","Retrohippocampal region_NL_Iba1","root_NL_Iba1","Striatum_NL_Iba1","Striatum-like amygdalar nuclei_NL_Iba1","Striatum dorsal region_NL_Iba1","Striatum ventral region_NL_Iba1","Striatum_Pallidum_NL_Iba1","Subiculum_NL_Iba1","Subparafascicular area_NL_Iba1","Subparafascicular nucleus_NL_Iba1","Thalamus_NL_Iba1","Thalamus, polymodal association cortex related_NL_Iba1","Thalamus, sensory-motor cortex related_NL_Iba1","Ventral group of the dorsal thalamus_NL_Iba1","ventricular systems_NL_Iba1"
"1-03-14-16_03",0.20262418317864,0.206164075192974,0,0.145893334931418,0.152866367344441,0,0.195800358660992,0,0,0,0,0,0,0.191777657510197,0.123118567893343,0,0.158448502071073,0,0.169307260443429,0.15454324748791,0.222463228118735,0.174041593868004,0.0878705713504736,0.199156516845345,0.128221244500314,0.13761051183577,0.1886223138063,0.188119885446764,0.27819936462267,0,0.161204259313271,0.113084287423866,0,0.0664026534623036,0.0728412928123492,0,0.213514612222774,0.120455820225118,0.123587646059537,0.185588198049892,0.151258544740619,0.181126007216222,0,0,0,0,0.124444309561047,0.127240462031015,0.068160903601548,0.142603525660399,0.09963136558917,0.0831755218946308,0.168591474815388,0.118666067134844,0.0855684666720437,0.172135157198394,0.0864938535183656,0.121673868546736,0.113671562989528,0.0929140441510223,0.108230171615839,0.139502962454587,0.111052859932027,0.138456628903986,0.116456470681114,0.228616335981888,0,0,0.134659295136186,0.175535289033612,0,0,0.173496646356995,0.240179725013017,0.105938233500286,0.0914604363399544,0.192042974005128,0,0,0.250953819942736,0.129807290397673,0.205891530582639,0.20537362889623,0,0.184695333493844,0.126432748538012,0,0.199318831798487,0,0,0,0,0,0,0.199614288592729,0.125591577140158,0,0.163508953132066,0,0.128050703368096,0.17897694523424,0.276824615258886,0.180026499723384,0.0967094455429795,0.197410124060491,0.185208827284333,0.133820356600725,0.209044502912141,0.1778657280363,0.279647432629205,0,0.165847116795791,0.116292088899386,0,0.0650786452827019,0.135552339604438,0,0.187803152397894,0.122563774579528,0.117161892071952,0.174761386283611,0.170806655738777,0.180385582564962,0,0,0,0,0.131731859523187,0.126074125104105,0.0585051113583409,0.140150380949803,0.111975457960544,0.0789613855224715,0.169911572088079,0.11880967805167,0.0948175040408913,0.17613574967657,0.0825165576110213,0.12357846853677,0.158456766820569,0.122270567266726,0.291669435890619,0.10557969391564,0.136313037611739,0.140607001552562,0.121925349559884,0.230357468563226,0,0,0.129586920964683,0.155531931199688,0,0,0.175489510986474,0.233257034438942,0.0762645037737975,0.104505649520245,0.186189845750084,0,0,0.244055680989683,0.111190996473588
"1-03-28-16_10",0.19927151664798,0.17128019779671,0,0.206891084025317,0.182346544334683,0,0.177775158201566,0,0,0,0,0,0,0.168659933760267,0.122821617964,0,0.176527515633407,0,0.123726916851681,0.145277564841661,0.154735085653205,0.185128379781147,0.104069142253081,0.108712470315979,0.00753901307465205,0.11844813460424,0.166043042939719,0.225894830884122,0.244052946101215,0,0.167299983168447,0.0804456228260076,0,0.0405808036721781,0,0,0.158337368135335,0.119068451010894,0.144537038512405,0.200623385806405,0.132685554072868,0.137977081527385,0,0,0,0,0.129619665934328,0.125658584788612,0.119130836679074,0.137642049036866,0.0481154560071833,0.0325155769628286,0.19856443349417,0.110794719707669,0.0931032495321103,0.14603802302037,0,0.151595477639215,0.216191654447703,0,0.257780045800947,0,0.139961520539915,0.140782367776313,0.124852508355485,0.197774850710913,0,0,0.147107737399351,0.134173807617126,0,0,0.159936461082494,0.213030847277319,0.0113527724665392,0.0940165986646884,0.15863002651897,0,0,0.20311905555549,0.0677054899220405,0.203951198074947,0.176304748373921,0,0.222698880424676,0.18818918112041,0,0.177984415597674,0,0,0,0,0,0,0.190292260243795,0.126026748020206,0,0.176412485615106,0,0.119216363102233,0.150833905527071,0.169590365533034,0.17629096111392,0.109183949601663,0.0846121622565105,0.00527560487538657,0.115031916274123,0.166000030767811,0.23190158246149,0.246623955992352,0,0.170749401763521,0.0955164163992521,0,0.0427713216957177,0.000336190956463271,0,0.143312402727906,0.122700402111276,0.136525656623766,0.195702489324186,0.146388260221039,0.161578776541275,0,0,0,0,0.136927842156986,0.128722014366706,0.127137559318351,0.139717607014823,0.0704275009164589,0.0231182145273525,0.19797538050879,0.117267884872855,0.0971500606370077,0.157664446143206,0,0.140845713242509,0.262898994610422,0,0.317313978465931,0,0.135098839033574,0.0950538978284643,0.0976457960644007,0.205095064966785,0,0,0.145369423025201,0.13361243462201,0,0,0.16249820226232,0.225903474987953,0.00263045207071634,0.0755492383277199,0.158303831993397,0,0,0.205668992728206,0.0468016589412052
"1-03-28-16_18",0.191559090271489,0.162365593504984,0,0.150548049336701,0.160010818851849,0,0.161952692442878,0,0,0,0,0,0,0.147733498070938,0.112174823310582,0,0.154512200867789,0,0.121407621939316,0.0965680743699253,0.194098547048727,0.165379561215789,0.0657382837206018,0.0641323405514949,0.00296137609476404,0.10599165275777,0.152571492472069,0.214125646992647,0.194533556847094,0,0.143531701334839,0.0867841173839381,0,0.0530668808983062,0,0,0.127594861069615,0.109267753916949,0.0986872395662048,0.193406434416876,0.119090773075846,0.0573597414841044,0,0,0,0,0.112973334451506,0.116511645785316,0.0520045034020265,0.130963247316414,0.0647693198906254,0.0169106426270276,0.183768190054806,0.106350040476185,0.0890233008263232,0.133874776133032,0.074895598891592,0.13961195245677,0.0969628379236308,0.08017925604893,0.12669872898763,0.083573117117888,0.135837683655347,0.0825135969918754,0.0679319676896697,0.20902263822377,0,0,0.107107856989114,0.123219563550103,0,0,0.144639467751985,0.195314612075526,0,0.101487381383607,0.153484604460361,0,0,0.205694251186847,0.038270460488829,0.196184067370274,0.166969746317808,0,0.153713683511946,0.133759787440229,0,0.164938442094634,0,0,0,0,0,0,0.158192153615469,0.10931768573972,0,0.150103866449011,0,0.117070695334008,0.13672010574587,0.23294339772863,0.159625001689901,0.0790484947909033,0.0684954070319924,0.000311348658606196,0.102668676634796,0.151814288933964,0.183532628089976,0.240371788803305,0,0.153900896007316,0.0925031151409104,0,0.0569372347287731,8.1366965012205e-05,0,0.108520919269299,0.106347130284482,0.100632066355016,0.150637237385815,0.11587255418861,0.0665524473458778,0,0,0,0,0.114357181120327,0.117688588444555,0.0449077092625396,0.13163113995246,0.0711030345769086,0.0123777922992495,0.181293906882184,0.104078512682971,0.0930485118134852,0.135804922260787,0.0803909483138153,0.130360942107424,0.100303146059056,0.0738152326504613,0.155167824081974,0.0210646954329265,0.125767690253672,0.101504447454153,0.0769555029913354,0.210111942766277,0,0,0.10836599176996,0.110520985570259,0,0,0.143838543498784,0.19792339453255,0,0.0993155836341757,0.146648361544291,0,0,0.20383404739005,0.0347373210095302
"1-04-26-15_06",0.123747235366786,0.0948187765627238,0,0.144080380044813,0.0919948368396023,0,0.0990980852141231,0.0567718613470537,0,0,0,0,0,0.0808590560182917,0.0795020188685319,0,0.110145585897145,0,0.0939539119608973,0.0710916277154638,0.128210804766041,0.0937081382215139,0.0644554169252953,0.0320826164729187,0,0.0798524786953117,0.11362391851933,0.159528381230462,0.150321195109545,0,0.105633478486097,0.073504821253725,0,0.0411591076634846,0.0235849056603774,0,0.0584155099076376,0.0771994257729736,0.0985715059686129,0.148018273907055,0.0983634234101149,0.0488057855510923,0.0355301127558382,0,0,0.0355301127558382,0.069977385347855,0.072503519651062,0.109656728655285,0.0820437778977906,0.0407246561768062,0.0183299533419369,0.0940138876521927,0.060519208550769,0.0464998085991904,0.110527468937408,0.065837211136525,0.0302987484860719,0.0668880422184622,0.0541575622609965,0.0737196509975117,0.0637721575067989,0.213156903162888,0.0506389381560201,0.0551644177196213,0.123257791994323,0,0,0.0885366006014581,0.084108439106976,0,0,0.0956358377354157,0.208385457832618,0,0.0720051865484357,0.108919046664841,0,0,0.141763567014851,0.0590057082329489,0.124947133041566,0.0975098690445776,0,0.155146672895592,0.0806667952081954,0,0.10006270624021,0.0597268292682927,0,0,0,0,0,0.0804031042376193,0.0761611634353379,0,0.106829317482576,0,0.090872500649182,0.0955357070402419,0.137014003790976,0.095509483456809,0.0623172486166168,0.0429447581483168,0.0338307440719542,0.0685960223811985,0.102816502177442,0.149130128307696,0.111333350428665,0,0.11269209507131,0.0649451558908855,0,0.0462752333427311,0.0202067669172932,0,0.0627072620842727,0.0737390192185361,0.0975716699121778,0.142037582139473,0.11459490354421,0.0563833005596733,0.0267127130871587,0,0,0.0267127130871587,0.0680980761859927,0.0689068157466405,0.0608342289091886,0.0803842144475124,0.0369499675154718,0.0162822510164532,0.0983476867174131,0.0640629586719726,0.0385820297292304,0.108815784816038,0.088649736760607,0.0582051725131041,0.0675793066953785,0.0471682443475359,0.0787443061857623,0.0643000904118197,0.0975396146482545,0.0749180631995548,0.09541964084882,0.118522329697469,0,0,0.099325330642892,0.0704154205120393,0,0,0.0949388770515849,0.232109287463916,0,0.0748885972628816,0.108160887476095,0,0,0.141207645840868,0.0513811068445424
"1-04-26-15_17",0.062753661009897,0.0409042202439829,0,0.0410211378034247,0.0305580904958934,0,0.057104947508458,0,0,0,0,0,0,0.0438908526014814,0.0357659471951263,0,0.0431109726977305,0,0.0599599206494522,0.0570799106230949,0.0586386971145335,0.0490150631716439,0.0207179156127771,0.0421391854141672,0,0.0294412540248667,0.0595847757464786,0.0534373977861557,0.0377872262745963,0,0.0436078200048782,0.022025171624714,0,0.0177710107676118,0,0,0.0385147348315758,0.0352293579277532,0.0657263481097678,0.055020904379323,0.00885543689519758,0.0181112424031315,0,0,0,0,0.0250668850580881,0.0282181400123981,0.0199290858762428,0.0303446043387885,0.0255281009061681,0.0108097254062014,0.0596412982284256,0.0340694696679209,0.031970452582996,0.0508843727166739,0.0243676008506046,0.0424386800776425,0.0115356516393295,0.0210789263885198,0.00570788113132315,0.0130351586050396,0.00979424087961357,0.0309372750317632,0.0384724301144868,0.053543177878385,0,0,0.0337531511306613,0.0410197655259572,0,0,0.0499384947021211,0.042985396289155,0,0.0234750845288899,0.0465968085944322,0,0,0.0645081261057245,0.0185549545246015,0.0654626253216768,0.0426237086438243,0,0.0392823452519908,0.0319205206632477,0,0.0575914584012161,0,0,0,0,0,0,0.0473163105784263,0.034548749831899,0,0.0424004387380815,0,0.0407303563820283,0.0673089848796211,0.0832855833142333,0.0482447236232198,0.0215819742898228,0.0524212144504227,0.000104101603164689,0.0270663964236138,0.0502385874079941,0.0496762257169288,0.037997013470332,0,0.0447119164425054,0.0221668799649499,0,0.0182261213691195,0,0,0.0447399110240868,0.0339594099678532,0.0596064333428572,0.0577106765247339,0.0127869621292062,0.0197004616777975,0,0,0,0,0.0283818374047076,0.0325158850664223,0.0209684963705361,0.0341340190007849,0.0350366195994006,0.0122240018304542,0.0590974739882689,0.0316448780840746,0.0264013795095162,0.0564415338672564,0.0225477559653645,0.036960115288433,0.0120288579596644,0.0269025733666295,0.0100967916651453,0.0106415201017709,0.013260855824537,0.0314618803464872,0.0373269980300814,0.0573465163411968,0,0,0.0325594098708224,0.0413330630099282,0,0,0.0506274511338881,0.0451493984543486,0,0.020582670113963,0.0473635339187951,0,0,0.0652006661828257,0.0220214489299939
"1-06-24-15_06",0.127764523256173,0.102662004920732,0,0.127094915706707,0.0775032492963444,0,0.115548352092499,0,0,0,0,0,0,0.0990569390801602,0.0703138305857273,0,0.0961507401159818,0,0.0964667511494533,0.111631101330884,0.0995192468041109,0.0891183355267784,0.0630848170050553,0.0298946542642609,0.0920306531590311,0.0761508615114759,0.15446757882213,0.172230998332886,0.136591853890533,0,0.106623771449648,0.0776573747947255,0,0.0210402227732546,0,0,0.0977664032758565,0.0684896235474934,0.0935496323048337,0.169152754968916,0.0762594822111561,0.0273146399409757,0,0,0,0,0.0595981480252915,0.0639888253993018,0.0395107177637704,0.0691289717775758,0.0438337540383111,0.00943517969955244,0.0971099415679607,0.062219166350022,0.0380769290289543,0.0830525543083319,0.0234365862310296,0.0992620358439733,0.0385060203715978,0.0328080077950094,0.0486680627219273,0.0277319138799215,0.0665089008194405,0.0502114187456532,0.0452711929866189,0.17738914943939,0,0,0.0774370839096855,0.0673308879713279,0,0,0.0939230908436078,0.17769453984351,0.0282403918613414,0.0562239989235134,0.109863511385545,0,0,0.14401601279271,0.058009701828014,0.130570561946982,0.104525300894852,0,0.116139531198183,0.0765601879705361,0,0.116325278273109,0,0,0,0,0,0,0.0890584167040625,0.0673324119692938,0,0.0944475360655557,0,0.0717629279405479,0.128444458502024,0.140433317473476,0.0912924699717265,0.0547543389438974,0.0562108482956569,0.0631983805668016,0.0693950704076065,0.133377806795924,0.156841937486368,0.15045815045815,0,0.110455054162926,0.0797288515691696,0,0.0283418494013033,0.0645645645645646,0,0.108131959368443,0.0653204145976924,0.0978104752481568,0.175142303267117,0.086104225060233,0.0396986493031265,0,0,0,0,0.0623671638092639,0.0665668635229929,0.0347763969521045,0.0727302858547847,0.0420579863769311,0.0103673253033789,0.10121122108514,0.0560154201892304,0.038477623251049,0.0933350987196143,0.0270275257057551,0.0557162484633741,0.0412845494542601,0.038410612115985,0.0624460966445448,0.00151107809125652,0.0568310257134784,0.0593935579975385,0.0551684601541344,0.1822853503407,0,0,0.0776812293440764,0.0658478976478323,0,0,0.0969734189578527,0.190939006325453,0.0350710517272746,0.05816631324532,0.115388225031478,0,0,0.157726405166955,0.0451779467298063
"1-06-24-15_08",0.103021775280678,0.100132416327744,0,0.0875545356677432,0.0670443120814917,0,0.0978664538575018,0.0578067322457152,0,0,0,0,0,0.0569026705451387,0.0663566333440256,0,0.0657113420313064,0,0.0718738061733231,0.0866803048412966,0.10543105753105,0.0563601300479638,0.0386077651043601,0.038138357622521,0.118070500927644,0.0649313084206289,0.0969545081371552,0.177593086639962,0.182963407318536,0,0.0823467553173445,0.0319262219239009,0,0.0321064628283249,0.0212726939299468,0,0.0786690824163135,0.0664020574248245,0.0693998397288849,0.141527308756801,0.094347091422562,0.0746678330544145,0,0,0,0,0.0558177001199039,0.0579205060190592,0.0466900853335308,0.0665583475340955,0.029888947582201,0.0230769811833846,0.0927082953756572,0.0526662589218471,0.0437641535763604,0.0918361778147295,0.0596219337643749,0.125924686192469,0.0516012083240885,0.0328606382413618,0.044191612317308,0.0738144791797318,0.0239510820312111,0.0810180602300974,0.0661412045528304,0.132506476833148,0,0,0.0800818458390545,0.0539078381102479,0,0,0.0882570797519839,0.169619081627791,0,0.09048683230358,0.113107870424397,0,0,0.148437909571615,0.0451611992463103,0.104774945015981,0.0969114347982704,0,0.0956557378555662,0.044117279736233,0,0.0985526429793783,0.05930109844103,0,0,0,0,0,0.0574234345685702,0.0635727352842555,0,0.0610733119377598,0,0.0540241404718195,0.094377266813567,0.131062698884498,0.0543015017832382,0.0390045043465309,0.0432447377718157,0.0412431702015158,0.0587360238337353,0.0899596363555271,0.18504686810197,0.177949298966152,0,0.0846284038347182,0.0306848972223049,0,0.0337824863395884,0.00275077938749312,0,0.0781495821754697,0.0637562185383397,0.0512574766167556,0.146191838478169,0.0816577476682031,0.0694648017248184,0,0,0,0,0.0576822013100215,0.0593595186130595,0.0366088122976491,0.0694724864468266,0.0319337926865312,0.023715996047334,0.0880325951733322,0.0489931322901285,0.0273153337746186,0.0934077137035394,0.0632013715710723,0.116679418515685,0.0544970430434118,0.0298325597647135,0.0492852559945648,0.0703694286558969,0.0270766048376867,0.0717334064444709,0.0725098870632364,0.129007886012792,0,0,0.0717732892864506,0.048290468811351,0,0,0.0852905031717493,0.177057943277214,0,0.0858252253860573,0.112428243325676,0,0,0.145854659284353,0.0366656807461242
"1-06-24-15_13",0.140041124140091,0.0670422915321685,0,0.10435947520354,0.074084948489931,0,0.106124750120735,0,0,0,0,0,0,0.105229091587268,0.0858888071826757,0,0.0844508712728715,0,0.124528792183494,0.116336001094848,0.129729454723731,0.0727019490832359,0.0600983189855612,0.0303067618321406,0,0.0750180087852523,0.105936661852692,0.183148413925075,0.173355671436904,0,0.106474051321946,0.0539541125753087,0,0.0265516296189942,0,0,0.146945884130348,0.0859869831794927,0.0706001185965406,0.184025215160196,0.0647265468641372,0.10554269627776,0.0487643984371036,0,0,0.0527804476177399,0.0714336255816159,0.0756562902622501,0.0383659795466932,0.0834109045088722,0.0703023834431282,0.0199086685758021,0.10289767373924,0.0625646125188368,0.0320819549743729,0.100419819208775,0.0332465181011448,0,0.0570759329470849,0.0672073163202805,0.000246743759520035,0.079310772966187,0.0276753531921946,0.0616576425861244,0.0426302651210834,0.0941999717760184,0,0,0.0803975702787967,0.0692927002126152,0,0,0.0933778664331616,0.178526250784386,0,0.113849267994163,0.131009774481966,0,0,0.181901444208064,0.0576626269463507,0.133380670721825,0.0797793515909423,0,0.107669963699017,0.0556723272804537,0,0.107358004292549,0,0,0,0,0,0,0.105813115541677,0.0806436187372604,0,0.0817881539755674,0,0.107035327700626,0.139735807676086,0.162548479785594,0.070615195937844,0.0547035591967148,0.0412346262295247,0.0242008307747878,0.0614063245864667,0.0971777373222091,0.186980717732373,0.160130033988024,0,0.108452285931179,0.0573112877720285,0,0.0258178228415001,0.00305640455682134,0,0.137771260016879,0.0805638446076331,0.070733711752002,0.200180789095642,0.0713344902139281,0.100490831319177,0.153305556949952,0,0,0.190096791260776,0.0768990599841997,0.0783566791094582,0.0565073332159254,0.0872854302717537,0.0567983493451206,0.0224689294280108,0.1006260105105,0.0600932440515699,0.0318819733345532,0.0962982837133034,0.0581858994241204,0,0.0705647022441312,0.0684919629967174,0.0372861535125423,0.0842686989135142,0.0354837533277415,0.0942718099830342,0.0666257047622989,0.102602952203881,0,0,0.0845377757617265,0.0629911217848461,0,0,0.0928762198761605,0.211943070916163,0,0.118594176235488,0.135260230766265,0,0,0.186092872224887,0.050473023413641
"1-09-23-15_04",0.0791047901210955,0.0673489265865408,0,0.0621613628729572,0.0466721659144659,0,0.0883385519306565,0.0668402245526167,0,0,0,0,0,0.0767365990764907,0.0448400310021688,0,0.067710897930732,0,0.075479561731577,0.0667752940028974,0.103165290505568,0.0838470392279471,0.0377944944524579,0.037881269940231,0,0.0488622898517557,0.0789371617468927,0.111269126438598,0.105797270500408,0,0.0581061771574543,0.0373487214599024,0,0.0180789665577352,0,0,0.0396916998180297,0.0432882922853364,0.0989303480521206,0.0889617452750975,0.0373215748567329,0.0334993848421826,0.0611543913790724,0,0,0.0611543913790724,0.0562062579699115,0.0608067963243657,0.0509693338033134,0.0654518328917002,0.0567732883311026,0.0155282551709344,0.0762449642272515,0.0473378677459192,0.0369755119176636,0.0875803638290461,0.0449860215752859,0.0589585841023583,0.0385286112681877,0.0507770379908504,0.0168459337783593,0.0343775866741871,0.0127439823065856,0.0377230884839376,0.0468245172535549,0.0683407277093272,0,0,0.0560405587162561,0.0509608230636042,0,0,0.0750482345552754,0.0579012631254564,0,0.0328247480403136,0.0623688979335877,0,0,0.0675852388642943,0.0241855280496598,0.0832465234513651,0.0632170459339207,0,0.0643097109584196,0.0476650799578348,0,0.0888107928877449,0.0664437953774082,0,0,0,0,0,0.0661520056824554,0.0416587932487173,0,0.066218120947354,0,0.0667206735428993,0.0853268333696953,0.136929615548368,0.0769177431982159,0.0346919786739499,0.0466785180971343,0.0170632540158635,0.0367585038793652,0.0775638690878818,0.0805071809090626,0.092640114966126,0,0.0609678469559809,0.0359563368684945,0,0.0170471710767452,0,0,0.0424143801171522,0.0399332995031138,0.085679832059441,0.093316830093002,0.0350167199250155,0.041662070523225,0.0598321478303413,0,0,0.0598321478303413,0.0572008004285052,0.0603638982469757,0.0540120571262774,0.0658111179357852,0.0560607535512436,0.0163609885668913,0.079336717135797,0.0464281693935239,0.0331307524106086,0.0891713190460264,0.0419441069258809,0.0335602924677937,0.0444247506078578,0.0541158372983222,0.0322582864849615,0.0385180359875321,0.0281384145509504,0.0508616465207449,0.0637204675985839,0.0684032910103303,0,0,0.0589193251369793,0.0523627366584764,0,0,0.0754406401338065,0.0608868296740131,0,0.0482208681260814,0.0628415275209797,0,0,0.0750982545893205,0.0315724673511272
"1-1-11-16_12",0.17628575382996,0.104253931363334,0,0.135895756402102,0.145519088485836,0,0.155038602035126,0,0,0,0,0,0,0.137395267853677,0.0902627357224452,0,0.116114835132157,0,0.0994668150184109,0.116792070901897,0.0816308268190657,0.11748583615048,0.0560401006633884,0.0493783177170544,0.0668198060234814,0.100850212985469,0.1681311368544,0.192837848780113,0.207768897957641,0,0.13885359077541,0.0530230368752809,0,0.046280849915663,0,0,0.109388595107648,0.0883857740086184,0.104122443944376,0.201282024090253,0.103122317963329,0.102769451604686,0,0,0,0,0.115795835091907,0.113606837613865,0.115764383661126,0.119053425159284,0.0864811329496276,0.0622461547046327,0.109755893668858,0.0684505174631079,0.0845759083569248,0.139017850836566,0,0.160111211055687,0.145306511551859,0,0.172089195073493,0,0.0963933558334988,0.0969342042045941,0.107569446307246,0.183450955162713,0,0,0.11893870657107,0.138504732243829,0,0,0.137463078971318,0.19501745202164,0,0.106591191651283,0.155948061675304,0,0,0.201423571258699,0.0873432738307594,0.180839065467844,0.113639039090888,0,0.145143293709451,0.144361178930645,0,0.155984572047919,0,0,0,0,0,0,0.141325770596998,0.0902584951515642,0,0.117905018139991,0,0.0956322719399409,0.141808184541626,0.0973099075150911,0.119362968587199,0.0781074431092703,0.0795180942099741,0.0802067700516925,0.0965720164271228,0.153692503546981,0.157307722097436,0.158165747648394,0,0.148345608486366,0.0554185674789028,0,0.0493735106393783,0.00244590780809031,0,0.131428456297411,0.088221242731773,0.101008150526529,0.205239476715782,0.0980452066714048,0.107245509603379,0,0,0,0,0.121883137865487,0.119830348592192,0.101427099787103,0.12961689840933,0.0755604655149426,0.0614891716213302,0.111728004940718,0.0673223247415065,0.0623263635322957,0.140327312614605,0,0.172295363480252,0.14229975175681,0,0.178764548583828,0,0.0956145530796949,0.100931842791563,0.0885937217205944,0.18404401995887,0,0,0.11016807868932,0.128798458402463,0,0,0.133932713997297,0.200293229889938,0,0.115416323165705,0.158837831216091,0,0,0.20665267456564,0.0678900019375075
"1-1-18-16_16",0.177321953709035,0.0986052560930482,0,0.122511045983286,0.10996173552111,0,0.13545741702637,0.102172041536199,0,0,0,0,0,0.105447528859248,0.0953050185711352,0,0.102098671100891,0,0.115974025258121,0.11593107141732,0.128655662930593,0.0955157279503957,0.0746357141415568,0.085966229431371,0.0590240280777538,0.0957166750332399,0.164270691380003,0.164603743921837,0.183376100810775,0,0.128122668971139,0.0734001196512371,0,0.0429750314194384,0.0102917487023447,0,0.162679558489716,0.0948856852381393,0.0709188378779584,0.207729243677505,0.11132779391526,0.144807206078371,0.0974639604688202,0,0,0.0974639604688202,0.099862216659719,0.107143745407421,0.0965270869351053,0.114898587123602,0.0869979540403567,0.027454572069488,0.123658459765042,0.0893507746626569,0.0937860752034994,0.126301677824143,0.0658775985387297,0,0.0792318838150756,0,0.0732369044968104,0.0814221312983042,0.0974827417892755,0.0913813259715199,0.0733051354413721,0.177485788679203,0,0,0.108512791943096,0.0974332266944424,0,0,0.124813755251011,0.177635787170204,0,0.15208555200568,0.153152836399,0,0,0.229614062310928,0.0520091779643241,0.178114864889464,0.109782835128639,0,0.143955322315168,0.12006920692818,0,0.141482893809492,0.0222949412585162,0,0,0,0,0,0.108930123953598,0.0954468964170712,0,0.110637800391141,0,0.0919473813621834,0.133011789644136,0.155309455845186,0.0995678255026109,0.0764683532719076,0.0960171942830902,0.0119526126507298,0.0962759091278586,0.166380563168726,0.17326101749012,0.171128311128086,0,0.131774297403675,0.0705538896595286,0,0.0461678125877722,0.0291018214809128,0,0.156954159887353,0.0944391696706066,0.0781204025186842,0.213660282665283,0.105430272933275,0.13686704216208,0.0233210067994751,0,0,0.0233210067994751,0.121644854854854,0.12162302434892,0.122369801656249,0.12933203482436,0.0982651067784355,0.0482904423801906,0.125835289674382,0.0817608468635246,0.0799151632635236,0.139904706431791,0.0674171328338255,0,0.123753628301792,0.102174560619601,0.151889520741773,0.0931654578637773,0.104838709677419,0.101089345509509,0.0707177808657627,0.201456220407112,0,0,0.0920483086408697,0.0856236496081848,0,0,0.125554671836586,0.195686156028741,0,0.166838364966562,0.159977264552733,0,0,0.237388229044839,0.0267607792118439
"1-1-20-16_17",0.15812284284875,0.126302693444927,0,0.147634104749605,0.110119990370361,0,0.16883225080653,0,0,0,0,0,0,0.178416477153594,0.0993428885488849,0,0.139070572326469,0,0.145265088944936,0.121292398403722,0.146225861114373,0.151758380624811,0.0711427854265091,0.0449012128853587,0,0.123876872239524,0.158205736467544,0.169067255432046,0.231867007879427,0,0.122334144523247,0.0800821520835069,0,0.0435554117581012,0.0711410856086152,0,0.12281712251219,0.0963972866065638,0.124244499657557,0.208367047961365,0.135332733640835,0.128801416727039,0,0,0,0,0.107735551307851,0.112866355642843,0.0739054021903468,0.124871468229444,0.0785431455424786,0.0375042471633734,0.149543456400772,0.110933460702514,0.123054759304519,0.163189448740923,0.07573104901959,0,0.089198751879845,0.135785019079514,0.0560588004643761,0.0956645803889898,0.0873063785237771,0.0799540375964816,0.059067964665585,0.203392181480708,0,0,0.102534193455837,0.114742882714128,0,0,0.15337961344985,0.17991242309395,0,0.170712889076785,0.158765312557848,0,0,0.207526252337561,0.0391939633579279,0.162483208130244,0.126912625627942,0,0.166713372449426,0.105851279275968,0,0.174924469207209,0,0,0,0,0,0,0.182375168844788,0.104104289706331,0,0.139620982684648,0,0.104591771477297,0.123639816379834,0.170770328314101,0.151866525786803,0.0743580877565466,0.0897950815539789,0.0114081293484691,0.12668944171277,0.162977501316813,0.176040365444436,0.166923697617013,0,0.124933793655073,0.0741767954193128,0,0.0463812453445882,0.0092423935775484,0,0.140660611861267,0.101476248359218,0.107500255696652,0.232477176140694,0.131348465209951,0.150741501327943,0,0,0,0,0.115658198813882,0.121305689172333,0.0889902049728599,0.134425375659091,0.080129238477168,0.045900455966514,0.145343774356379,0.111957626669801,0.130591639466001,0.159848067337059,0.0670499621993448,0,0.0963865425223163,0.144290072273604,0.125315195324118,0.0687394796983838,0.0887045493959188,0.0992536289687479,0.0544463213732965,0.210090125948881,0,0,0.0981586415770723,0.108250426880036,0,0,0.154041401421867,0.212914867297873,0,0.156899566906492,0.168731567947329,0,0,0.227788237326194,0.0170964360759483
"1-10-14-15_07",0.140423728508405,0.0730408845069348,0,0.112604718504942,0.100218575992246,0,0.124140705927629,0,0,0,0,0,0,0.10872985428932,0.0742294737296429,0,0.0943768571820331,0,0.126943362880733,0.137375358362904,0.159941970957802,0.0917481479067797,0.060833997169966,0.0576106630189088,0.000551197795208819,0.0963367443551081,0.0999078663834129,0.173466691828647,0.14201032756843,0,0.118471169325219,0.0836732395315031,0,0.0333288053532109,0.0118955885185899,0,0.119753280427438,0.0727816331108652,0.0555413517118719,0.195258836289081,0.0426808639447303,0.0799516272891445,0,0,0,0,0.0869452937415173,0.093001538602875,0.0723606727281293,0.104113952668597,0.0629203649198648,0.0247317997751868,0.0420800199375933,0.0620058027367778,0.0429736437190755,0.110554223957727,0.0594016230904818,0,0.0582850209080608,0.0831105743294144,0.0297749476411268,0.0644628314888286,0.0845476371588856,0.0854720731795102,0.0993800638078507,0.1213121706374,0,0,0.0750037567786787,0.0960681581807803,0,0,0.100759720763142,0.204461132234441,0,0.124440779301103,0.130975180749067,0,0,0.187742948500003,0.0515555497209222,0.144185476477301,0.0587406932842366,0,0.159024967140437,0.0745269811447848,0,0.128543748456296,0,0,0,0,0,0,0.104133964179336,0.0724427599316567,0,0.0968612303437003,0,0.11046494077303,0.1390212473029,0.165255547661833,0.0841324910992175,0.061432262358767,0.0629582334341013,0.0142746095682284,0.0947949492967057,0.0919878090077887,0.159064196290534,0.144888027657279,0,0.11888271423331,0.0795818791411037,0,0.0363310088063055,0.00517030009061351,0,0.121594760525887,0.0706180338819622,0.073359627461363,0.183222362571096,0.0410669795278082,0.0863495000985439,0,0,0,0,0.0890648660458878,0.0917759351678854,0.078788184690319,0.102659880408993,0.0632143564723062,0.0206447218948449,0.0514803443400567,0.0591954887809425,0.0422547214694992,0.110135218332272,0.061482596417155,0,0.0753576499751235,0.0710584376954097,0.158273162173796,0.0664425881830502,0.0664268956782437,0.0784351389422461,0.0927723447220281,0.128197226034468,0,0,0.0649750525259934,0.0797435556375956,0,0,0.0992789175023573,0.20024025984898,0,0.121092554540288,0.131448282258052,0,0,0.215945408212712,0.0381745531504518
"1-10-14-15_14",0.24577551532155,0.105092758004672,0,0.191900338733523,0.104326413937526,0,0.177241239759128,0,0,0,0,0,0,0.156638850041238,0.0981107648192235,0,0.15125509774833,0,0.16709424945057,0.16086104437982,0.21383953449192,0.160676532769556,0.0911729356739111,0.00974615647977567,0,0.129038089270458,0.127840412739849,0.197346282569263,0.299804142679091,0,0.178560958555953,0.0933074036150916,0,0.0288111840454599,0.022347872913301,0,0.0844527164356345,0.0944103194329983,0.112086346054075,0.185995744957236,0.0882482919767353,0.089855780620706,0,0,0,0,0.0921356996613907,0.0982494106382795,0.0139896734579961,0.113033716675019,0.0333047121802069,0.00570311437948691,0.101566166362372,0.0874557474875464,0.0770470134212459,0.102957092330646,0.0371284916201117,0.197291705849163,0.0349054417753954,0.0386938087389756,0.0432033245781312,0,0.145962486541622,0.0988493039088753,0.0998788531430879,0.178515900763102,0,0,0.0964256592682861,0.119831877040366,0,0,0.135748903261716,0.224228364189924,0,0.108007579101489,0.138051204245108,0,0,0.18885595860588,0.0619219531002756,0.247888926895062,0.123574431170292,0,0.18810505168929,0.100447685620752,0,0.185461769617568,0,0,0,0,0,0,0.144602464008717,0.100457045259688,0,0.142764601121078,0,0.148846134295735,0.159828945902066,0.279773523599374,0.146235065348938,0.0938616403498004,0.0200403345226846,4.58968239397834e-05,0.119515109834265,0.127386851021327,0.219570061910089,0.301857677013473,0,0.181609192311519,0.0989756904345531,0,0.0307541270994733,0.0456993383597477,0,0.106895235672031,0.0972660828592259,0.108474274889036,0.190567806302774,0.0959276684659796,0.110026624214311,0,0,0,0,0.10059254339485,0.10543827878619,0.0712885956870917,0.119401356318625,0.0444960892422105,0.0115432723298712,0.0994423137551384,0.0854719992341999,0.0754824997118148,0.106255418863781,0.0238182172240884,0.186162550366396,0.0560052675673454,0.0478217229331944,0.0976739248702944,0,0.135322887137472,0.0990178768256428,0.0921211648668668,0.180609884831161,0,0,0.0891531886788156,0.115835649594545,0,0,0.134792420053757,0.217809633938581,0,0.0946069115886169,0.146438738865309,0,0,0.191048700536836,0.0532784916655097
"1-11-09-15_16",0.223484186111757,0.110729783326138,0,0.216581460068919,0.118666436093237,0,0.166793010204787,0,0,0,0,0,0,0.189036851160094,0.0956734979119058,0,0.156523219163015,0,0.205804307661785,0.203654473273784,0.233714582658044,0.153697030996481,0.111384716438813,0.0476516041733433,0.00879548189982409,0.1094986334331,0.148124877282545,0.206232415889553,0.230695434739552,0,0.191877845956365,0.141866023556771,0,0.0366919554068626,0.00264281357999593,0,0.131513905147594,0.0906538743896893,0.140858885360164,0.180102702037693,0.101041154922722,0.110655731099805,0,0,0,0,0.112543818237747,0.114065599163444,0.00902808738296924,0.125061403596278,0.0857676340682046,0.0444455356923633,0.147958202899729,0.110968924783037,0.0999624227103474,0.15213624676642,0.161108553355886,0.208511552159207,0.105947574243483,0.104485948170256,0.128373702970046,0.1155802008535,0.106087380163993,0.140248113377505,0.163586486917276,0.143223378000892,0,0,0.119869946020322,0.111636501203484,0,0,0.147347047348349,0.212452032397308,0.0266638257719878,0.12302140395233,0.145244532424107,0,0,0.190789634655254,0.0526149356422797,0.223247481028124,0.111577560091805,0,0.204184511292885,0.117318425374743,0,0.172961608622617,0,0,0,0,0,0,0.196505697571796,0.098110075977521,0,0.151232640142079,0,0.18524874994401,0.205714132357365,0.292320389482635,0.148338228267661,0.102073936854477,0.0864808937560306,0.0246210084937104,0.116393383550999,0.192102752293578,0.252640134038536,0.235660985975939,0,0.185713749623592,0.154272282874665,0,0.0422852691084929,0.0626423690205011,0,0.122788589528237,0.0929527922677526,0.133176152951144,0.163391423898919,0.116711027680255,0.138405231623281,0,0,0,0,0.117218822852409,0.117721537089176,0.0146213125412658,0.129399760351912,0.0875032314354036,0.0538219831488058,0.149177847790402,0.108551590879699,0.0990867515356287,0.155992479671632,0.102703890792485,0.16974318626561,0.115156770036437,0.108513803393127,0.160702079068255,0.0900056452437874,0.10046422030972,0.114057821936937,0.153891986610337,0.131871810462026,0,0,0.100158434716524,0.0917753700181867,0,0,0.146943066821731,0.211208642902281,0.0141210673865642,0.0910591837251082,0.145913256795724,0,0,0.200715586430161,0.0307512410205229
"1-11-09-15_18",0.165674241598454,0.09360297555845,0,0.127094859096355,0.0980577175365491,0,0.144251295001252,0,0,0,0,0,0,0.130909052039742,0.0827475170743258,0,0.109660821149548,0,0.137243289992524,0.115274222648672,0.120635481144867,0.107893978026369,0.0487089983266459,0.0515157755870142,0,0.105979798146235,0.146914763650033,0.180770094440722,0.144388561432107,0,0.139954202644448,0.0582120383481333,0,0.0369607846102346,0.00133455667695387,0,0.111222415689817,0.0807696835766923,0.0952178042912816,0.196758475949112,0.10852605869369,0.114776817391646,0,0,0,0,0.10864083788209,0.110439067241859,0.0443122028668037,0.123092853052612,0.0700169031660065,0.0409700353861637,0.102863488563209,0.0832760499316256,0.0831310353606111,0.123930657220833,0,0,0.0655789943279587,0,0.0942521666200727,0,0.0683891272723946,0.107909222875375,0.0966145302821099,0.173538575198915,0,0,0.0942111977473003,0.116863829049199,0,0,0.126865587722973,0.203613271451377,0,0.157265586002154,0.148270242506567,0,0,0.195980884057534,0.0697318377547377,0.165168080220334,0.0865388989818418,0,0.129464292301314,0.105401591157213,0,0.150633719038454,0,0,0,0,0,0,0.137814712651756,0.0856429618683837,0,0.105886984720907,0,0.0975767929878997,0.121024510577026,0.152407923146728,0.0983923585269908,0.0576675553366079,0.0634271351830861,0.000994500994500995,0.102551524784422,0.141550235706556,0.182280128432656,0.168024335501806,0,0.14094291976659,0.0555248040717965,0,0.0418165660708497,0.0501669139465875,0,0.115788400774641,0.0840633379195209,0.0783671174285372,0.195136957774683,0.105557592840079,0.119529930609638,0,0,0,0,0.106988280312927,0.108272430335599,0.0380643644081672,0.121334119613254,0.0668142964820091,0.043175417421042,0.10599980310978,0.0871316556221361,0.0714194426392802,0.138323167546422,0,0,0.0771917759080912,0,0.113449639097826,0,0.0685317146124747,0.0948444798066864,0.0946682731216951,0.184645312678307,0,0,0.094813816610848,0.110728365903405,0,0,0.129415308092539,0.201289891133029,0,0.119018984623314,0.149581982217312,0,0,0.199248978550398,0.0454234560930862
"1-11-09-15_20",0.128280018945826,0.09616347802296,0,0.13200644425052,0.0793384981241322,0,0.103717531717095,0,0,0,0,0,0,0.098305954825462,0.0810308669924189,0,0.0903704169373372,0,0.116673961335502,0.121465493349877,0.11606954627439,0.0811171271380978,0.0831279138518686,0.0471889521565547,0,0.0681020622370155,0.0947056830542627,0.159124794814993,0.175043537780396,0,0.115072701095737,0.0653933893328741,0,0.0403083689673766,0,0,0.168558188691517,0.0803889028885235,0.0874426790096078,0.185779285507573,0.0873066130103722,0.121067856875769,0.0104752928504107,0,0,0.011037652867236,0.084348098583317,0.087330365466407,0.0614582729750962,0.0961756327745379,0.0668218075375046,0.0259204242215599,0.106320736157781,0.0641501756410124,0.0487172806051041,0.109652940526471,0.0734493906988311,0,0.0752550010399587,0.0774907373607742,0.00111106301314517,0.105634891169381,0.0554789550072569,0.0948163017387265,0.151921349126847,0.106984099997521,0,0,0.0858323101136301,0.0789619178831776,0,0,0.0978510697671996,0.203247902003585,0,0.141185092349686,0.136968601997062,0,0,0.198412549406673,0.0559879158737335,0.148014312902661,0.0967588542981431,0,0.129709514229411,0.075624311629555,0,0.10520908414264,0,0,0,0,0,0,0.0857092587112821,0.0767795882985943,0,0.0875398004956856,0,0.0852464917252991,0.115788727925752,0.129712487925298,0.0843255133070428,0.0777132683783431,0.0693082963065131,0.0057847415046939,0.0686162782963439,0.0856965499215891,0.157236768114248,0.163847046391646,0,0.12113889722949,0.0582676727814931,0,0.0396459861344514,0,0,0.177285790832481,0.0760711206440997,0.0900951539727787,0.193945861882793,0.0809701426494772,0.127041374122817,0.133133118539793,0,0,0.146243033758247,0.0872711960985655,0.0863409316562418,0.0651637570716879,0.0953131681739682,0.0676569992108362,0.0297582092525062,0.105386125573387,0.059579357483223,0.0427409775533337,0.115459524779465,0.0501575897244722,0,0.0898175661514083,0.101723942591286,0.0804570157045659,0.106376480186152,0.0366359680194312,0.0828806060642442,0.129547943691408,0.114556992522789,0,0,0.0714806499062836,0.069633029008029,0,0,0.0966148990958151,0.250016341084642,0,0.171497981024917,0.142163501193473,0,0,0.208859377371131,0.0424095245959478
"1-11-15-15_05",0.191570920808354,0.153777765077006,0,0.138874281332718,0.13978660244203,0,0.146316058348213,0,0,0,0,0,0,0.135662037527828,0.110540066650735,0,0.135914610233782,0,0.158719970099594,0.158703163730524,0.189312336066848,0.146570921210359,0.0709675254670554,0.0533643481220924,0.00675216043939432,0.108620177923541,0.130793925621325,0.230202257327087,0.233421584250348,0,0.144028645914055,0.0958682506231464,0,0.0302613269317938,0,0,0.158954186078431,0.10847513920291,0.107773931028281,0.207320675488984,0.104574755938274,0.0990959751886025,0,0,0,0,0.100056169770117,0.0977802479436548,0.0419684154722359,0.104139889591328,0.0838935338923931,0.0319743646334752,0.125074171092812,0.0916486236221124,0.0785851343894495,0.129146792875665,0.0510745024233374,0.120746230136784,0.111293409654199,0.0814676026942415,0.128186588285984,0.121589553315066,0.105684794330612,0.0798351026566794,0.0714128002513683,0.181190728328941,0,0.124694376528117,0.116155387183032,0.131554403717429,0,0,0.130820467609257,0.173965254650355,0.0848384279475983,0.0803584408636541,0.152417536930811,0,0,0.181173208654996,0.075327087771848,0.196286123962593,0.160037052106005,0,0.138982224071391,0.130417669938878,0,0.149700158203216,0,0,0,0,0,0,0.155174778811641,0.111075307665363,0,0.137374185936674,0,0.12256950375589,0.178666249009905,0.291379655903543,0.151502574425452,0.0666341897714579,0.104213922350195,0.0180206337223932,0.108755824730573,0.141013753000615,0.228376032597197,0.238518953315413,0,0.149195718467843,0.0940464710130833,0,0.0331404647059296,0,0,0.164486406397246,0.108922631202197,0.104081535360139,0.199384083254953,0.130105336422975,0.110786881859749,0,0,0,0,0.110594948912618,0.102085310824123,0.0502000457247371,0.108153067242014,0.0809135462052059,0.0321776259607173,0.127412130297371,0.0945178848848108,0.0730684092991261,0.132429109932463,0.0643962781614807,0.111038328194149,0.16673508606337,0.10782957028405,0.267758214279882,0.0406995093679167,0.0883645883069628,0.0991862112009986,0.0917679353560721,0.18920074031679,0,0,0.101189183117019,0.11216080301708,0,0,0.130316095111331,0.175151907401675,0.0436864754441486,0.0965741587882484,0.154482555053886,0,0,0.193296262789061,0.0404476271615741
"1-11-15-15_13",0.223640105088143,0.124076681186494,0,0.210778739637591,0.122389831069638,0,0.208444153496057,0,0,0,0,0,0,0.196797385620915,0.118162859277076,0,0.167971050840626,0,0.200220966190667,0.181398558803231,0.263526446010924,0.166597400033994,0.117682838059189,0.0979636398730894,0.077984363708035,0.142069567654562,0.155704043989699,0.234140173175733,0.17432868489028,0,0.18288148931784,0.140603848116997,0,0.0453195103103664,0.011891592920354,0,0.153474977653202,0.114535441914095,0.124720018972832,0.215091939471903,0.122274485549823,0.117485475193009,0,0,0,0,0.120113194876906,0.116482853387938,0.0568903045361642,0.131447523559977,0.06067828770612,0.0416912900478067,0.190529652545526,0.12122843571122,0.118992013964038,0.173219590008317,0.117507544095474,0.136280301487065,0.145762793514466,0.122456139824784,0.219111757835551,0.0892156272409282,0.151453022215509,0.0464736609119079,0.0955942595154771,0.209376453147542,0,0,0.130274069277814,0.164205984110655,0,0,0.182440372324508,0.205237120035861,0,0.129674439607148,0.162558079267109,0,0,0.207296079029845,0.10974056441179,0.230269127570308,0.108021739607412,0,0.21447640430979,0.145141100034717,0,0.210930685904094,0,0,0,0,0,0,0.217767196339784,0.121772410190396,0,0.17510121485659,0,0.196204748747249,0.186065890043904,0.328492225552355,0.174520094741171,0.128480167475661,0.0712921785884777,0.102853271698414,0.131954244957854,0.171094152138397,0.244456221652534,0.211688971491411,0,0.189288844796913,0.146595720410916,0,0.0541778904597784,0.0617488603398259,0,0.13761625354249,0.117238548936705,0.119582156006507,0.213585142160624,0.122550558233793,0.12082113819762,0,0,0,0,0.12063154428673,0.117261536700722,0.0598852381742389,0.13141344089039,0.0654211440205482,0.0183577578179839,0.186786386000898,0.120917628508626,0.0997835935835061,0.18702111568622,0.105348273792308,0.147440794499618,0.141458766785185,0.115533729314754,0.219487964863575,0.0813024685681254,0.163318460497895,0.0466058363726536,0.0907470391215773,0.169152064905065,0,0,0.127110948980361,0.169888539046513,0,0,0.1828185831413,0.205333190484572,0,0.132087904465741,0.156783083194127,0,0,0.22063242771125,0.0988808605970089
"1-11-16-15_09",0.135092836887194,0.0740760868491207,0,0.149321985019127,0.137030816339003,0,0.139458285131499,0,0,0,0,0,0,0.11723098577532,0.0944981528865378,0,0.125787025131364,0,0.119941294709267,0.114323394047127,0.141421054883005,0.133036640358257,0.0763181903415118,0.0247410032715376,0,0.0955232246842127,0.128168444436396,0.19398781359826,0.167291976840364,0,0.116178541251647,0.115943802830455,0,0.0442137717293116,0.000205023065094823,0,0.114047619047619,0.0920231793009426,0.0924794255504687,0.140953139347561,0.0873897574335924,0.0849919917177723,0,0,0,0,0.0860139603553095,0.0824991635053094,0.0621821483864696,0.0882461991282753,0.0717149775890695,0.0404813204246151,0.125964358406448,0.0788470978199931,0.0591227804525312,0.142139584631031,0.121666740714413,0.0452342487883683,0.10036755616848,0.0968265503345715,0.132469021133039,0.0963553870628114,0.0879318447210276,0.0418101005279957,0.0728974672683361,0.123939614686106,0,0,0.112480656640829,0.130882200887677,0,0,0.128221608346724,0.149027611577882,0,0.0912269019477276,0.120991085436787,0,0,0.199073537589434,0.064453385233988,0.14181546960013,0.0881973770546966,0,0.144666006178406,0.11516153893755,0,0.143294070577844,0,0,0,0,0,0,0.147990881215449,0.098272681133208,0,0.122731149059094,0,0.0929228783783252,0.104688530518929,0.183227141973815,0.136726485891644,0.0810053753253511,0.0407169715615248,0,0.0897025268895905,0.124266164155208,0.194119559544486,0.171157692962742,0,0.116689986155695,0.118630135499085,0,0.0386989792798439,0.0112614658069204,0,0.127049664810353,0.0962539662519815,0.0845926060709223,0.157864740764669,0.101684723564109,0.0871902214182782,0,0,0,0,0.0864858138110303,0.0848556063224755,0.0589624995840681,0.0931532055543121,0.0633246792098037,0.0253927734719412,0.125633744217048,0.0878920627642811,0.0712966454465467,0.1390027767942,0.083339356839715,0.0716069458156687,0.0928113595304512,0.0966985580346975,0.120580615446616,0.0981150590989016,0.0836720246729009,0.0546498277841561,0.0704193104639008,0.142018804232784,0,0,0.117804031114661,0.115194434903968,0,0,0.129448988727791,0.18102737134108,0,0.0831895845203993,0.122972773817688,0,0,0.189229790420332,0.0548228324442804
"1-11-2014_01",0.0634855493912377,0.0547291558342995,0,0.059842664191457,0.0564740668567968,0,0.0588829954563163,0,0,0,0,0,0,0.0531536537927202,0.0356094266656948,0,0.0565054892071689,0,0.0634309049081147,0.0778182847789309,0.0634779502242687,0.0481081216818282,0.0252892471715206,0.0268991486574984,0.000173631207315662,0.0400577224544724,0.0908511849690413,0.0881292140314252,0.0786734778636099,0,0.0549271815243858,0.037381290848986,0,0.0441535991503248,0,0,0.060160737126551,0.0341984276629743,0.0549592996467516,0.104005561778688,0.0402367635788478,0.0213938036816266,0,0,0,0,0.0471609821612198,0.0446247137087447,0.0328088406467808,0.0479132305218624,0.0276126302216014,0.022370737710411,0.0551580427127116,0.0362052038176633,0.0282525525637838,0.0666290186523134,0.0330720440530717,0,0.0586451075113406,0.0335524960022289,0.100507270802093,0.0283630512489911,0.050640343473634,0.0420698739582616,0.0939638702146754,0.059070496358632,0,0,0.0569574217310201,0.0498834507138421,0,0,0.0562140796877485,0.106383992093685,0.0188358107341427,0.0494458084046433,0.0653768772199681,0,0,0.082393942321268,0.035452381069906,0.0681853889228696,0.0573038224984037,0,0.0638118347131269,0.0474086931758468,0,0.058518689476462,0,0,0,0,0,0,0.0564161772493714,0.0359353823770142,0,0.0551741384665621,0,0.0496756897604004,0.0751630792856786,0.0696420422247664,0.0480243376395616,0.0239366741507206,0.0362369058596457,0.00204222696996355,0.0367828874852262,0.077236251392252,0.0947909964921693,0.0810681242859383,0,0.056365146000462,0.0376481911238239,0,0.0451607170069489,0,0,0.0571461166670951,0.0345850409759318,0.0552187800761581,0.104875920291986,0.0498228689957336,0.0266139789727334,0,0,0,0,0.0454292100350984,0.0440172401557413,0.0347830806884573,0.0485027153157677,0.0316921041716296,0.0252920553190939,0.0576444669933227,0.0368329376973073,0.0306564583317351,0.0680627266674309,0.0316680484132339,0,0.0526414306160789,0.0343112705575598,0.111342878151644,0.0198614464237187,0.0165562913907285,0.0354381635850563,0.0730307787105786,0.064817556117601,0,0,0.056825083985317,0.0449095716996413,0,0,0.0565801324454197,0.1222697405609,0.0142259606545321,0.0470427767136804,0.0665194401083394,0,0,0.085181206802906,0.0311288661739098
"1-11-2015_02",0.0718471674292535,0.0427368958719636,0,0.0552482124890109,0.0272874825805394,0,0.0648906905588618,0.016413080464719,0,0,0,0,0,0.0386571527954048,0.0448561502152471,0,0.0395130502598473,0,0.0416571286710536,0.0611783746133202,0.0374185609944629,0.0371638182299947,0.0523781043571283,0.0293916948921229,0.0169995355318161,0.0477969828317851,0.0597274766480297,0.0834710829077026,0.0590311422431293,0,0.0673168320816904,0.0460627819658949,0,0.0236769028642535,0.0569039363654905,0,0.0661623324248181,0.0452262896625169,0.0411656347541319,0.106929884332638,0.0533174825816912,0.047134849678047,0.00246995480634251,0,0,0.00246995480634251,0.0459916478675966,0.0464557287816226,0.0564051861357118,0.0432089488261402,0.0645980337756758,0.0210637072918941,0,0.0273491554524061,0.0348989710126517,0.0841044204276908,0.0275859869564524,0,0.0462460917216467,0,0.024559498469822,0.0711875510444737,0.0315589353612167,0.0219328457280265,0.0559366376841776,0.055060607815467,0,0,0.0479343253135072,0.0389215721841487,0,0,0.0633854520957739,0.150966668786237,0,0.0847595204099595,0.0735846223580076,0,0,0.129405735451739,0.0408766489336412,0.0738957504363724,0.0447504871362991,0,0.058846453624318,0.0308659839368677,0,0.0661081537351432,0.00259057871514619,0,0,0,0,0,0.0317280850084548,0.042961235911577,0,0.0416494366608577,0,0.0356738681009134,0.0687024756084858,0.0371276235474271,0.0392540251669825,0.0523714605843514,0.0450067360685854,0.0314740272187081,0.0388352198056648,0.0472391873364078,0.0923384290940759,0.0792739701809181,0,0.0688242040241988,0.0429998219402043,0,0.0260188253832974,0.0180140108973646,0,0.0705220869670281,0.0430516405377514,0.0445788280756512,0.100141346106195,0.052172824277387,0.0392711524728755,0.0285294758698221,0,0,0.0285294758698221,0.0567652997152318,0.0530293896011956,0.0582421258663045,0.0528622522152596,0.058784086489467,0.0135313846321645,0,0.0301584418256949,0.0220461215503908,0.0926057266986682,0.0345436871576261,0,0.0714668673918826,0.0432647333956969,0.0890408847047216,0.0545274743101006,0.0301527460909243,0.0345780951672494,0.0575420541182985,0.0582131755652515,0,0,0.0515679816526071,0.0374006648550539,0,0,0.0644259680512792,0.14776014130061,0,0.0873071024633375,0.0796380407219797,0,0,0.144009110557546,0.0319759794398575
"1-11-23-15_03",0.130883530367045,0.107129389409363,0,0.116977866122811,0.0651454209863264,0,0.108938063789427,0,0,0,0,0,0,0.110198469016332,0.0818378826816023,0,0.0946484375125445,0,0.126326934837573,0.117983061299639,0.158746652290355,0.112576923894917,0.0455351598525685,0.0374265622851399,0,0.0884652156250261,0.133512633590488,0.188422288778232,0.214447433173252,0,0.107004140977141,0.0632180084570984,0,0.0358193301087672,0.0422381091333528,0,0.14471410468108,0.0808339597307734,0.0538888382007747,0.171066995644815,0.0767683515178505,0.0980500445428936,0,0,0,0,0.0832912076899223,0.0871098348148876,0.0667214679677556,0.0975934100138905,0.0645904013333758,0.0258262201794703,0.115371578992939,0.0767656383519324,0.0652452587604605,0.114629818667948,0.0546664385904892,0,0.0704094395512345,0.0715688397862251,0.000132127824232243,0.0708186513041371,0.0375584771226086,0.0490364555548241,0.0643416201873406,0.150369146289399,0,0,0.0880618421372487,0.0751356294479313,0,0,0.102863641123364,0.192794238099572,0,0.0784799577766049,0.135098932272976,0,0,0.190813008909818,0.0579337699610817,0.128933359914973,0.113271397065621,0,0.135842836167577,0.0590747751770143,0,0.110224188925281,0,0,0,0,0,0,0.107281477013454,0.0790199889491694,0,0.0985509892009518,0,0.119131326023477,0.165558597513779,0.192111151631392,0.11421632585421,0.0577998254690392,0.0811618590135547,0.0150597312937832,0.0849941923546043,0.131067547245865,0.203372828301926,0.163333275361311,0,0.111938709376196,0.0724011994612458,0,0.0354990967820761,0.0352241872752623,0,0.148912411789124,0.0774706309193392,0.0650920014680362,0.187640576272157,0.0678672268480049,0.101889563428025,0.0552436873575085,0,0,0.275678866587957,0.0805359269184753,0.0812894423473182,0.0536152447301693,0.0953987741232942,0.0422873581141893,0.0270807763243392,0.113028616941205,0.0734142192887969,0.0398583451501214,0.113066736929637,0.0523877683020314,0,0.0792418083351732,0.0871571917870455,0.0690350577092749,0.117400986915584,0.0411556640686136,0.0661746078041075,0.073557436944344,0.145264474758598,0,0,0.0838844728123417,0.0545080080329087,0,0,0.0985199835750894,0.169066939315798,0,0.0942430336110313,0.139346775413725,0,0,0.200589788601067,0.0500007918634447
"1-11-23-15_17",0.175616193335651,0.0845126536036264,0,0.155870699666913,0.08169357705935,0,0.140400852909525,0,0,0,0,0,0,0.102683828423392,0.10108842043573,0,0.110152540290889,0,0.146136320043596,0.135694087837627,0.150772128535331,0.121048497179798,0.104300566454454,0.0372373952458468,0.000995222929936306,0.106368025845898,0.156342778082034,0.215725523247647,0.177267478793111,0,0.138119964189794,0.100113055607539,0,0.0461932779681961,0,0,0.146621872349449,0.100461051416286,0.098963328143289,0.192600044823082,0.110451475387526,0.11752165375555,0,0,0,0,0.108600314358298,0.110565680978451,0.0913926153406304,0.121636430915074,0.0906412329120947,0.0207559672040427,0.155362386493543,0.0794164652015225,0.0664391933020363,0.173842507614019,0.0298785499041183,0,0.100823256928133,0.15318711885481,0.0626190587417016,0.085565568982153,0.0723288499319933,0.0865426166872751,0.0702758178319436,0.137222483736795,0,0,0.12737418275533,0.0973726450958858,0,0,0.136578505151941,0.197276476768153,0,0.105044225802911,0.145609184445029,0,0,0.222226813408475,0.0629576020583469,0.179525186430747,0.101302760140803,0,0.160755814393338,0.0744710214292845,0,0.141109843754536,0,0,0,0,0,0,0.0947488685578652,0.098454788406187,0,0.10853457530463,0,0.116265517073918,0.148863981132562,0.216269429613038,0.112917384575332,0.104092051780695,0.0472351960861449,0.0185877395677586,0.100469994167777,0.11374396690416,0.203345665307647,0.177871314701022,0,0.144400365448946,0.0941150145446409,0,0.0518007413913596,0,0,0.174821387898536,0.097792207090024,0.098087385954633,0.196578363489449,0.112823941923531,0.152330209401385,0.0241946088099934,0,0,0.0241946088099934,0.111503225550387,0.113039463280137,0.0877598418749899,0.12336426503529,0.103849890859223,0.0132912161341271,0.154867019651536,0.0730114059294516,0.064537899867996,0.176354110560404,0.0538135505613331,0,0.104907275110843,0.159121371201121,0.0413882738666719,0.0675082327113063,0.0746436049313223,0.110205349327805,0.0749935870326333,0.169338828233408,0,0,0.115288235494532,0.0950583470756327,0,0,0.136226650681879,0.237502294925959,0,0.11083548208859,0.152191505268856,0,0,0.231982428765126,0.0529209795346989
"1-12-02-15_14",0.210463930437272,0.113961036246158,0,0.173031002441085,0.118335268042639,0,0.178641873794149,0,0,0,0,0,0,0.159708752715147,0.129093907325674,0,0.138201069613271,0,0.175035179790112,0.188565415985558,0.232244058770162,0.15030644180546,0.111056054884317,0.0479900744416873,0,0.14310937483708,0.184072357356741,0.201023555043242,0.2075399691968,0,0.170358603869592,0.131421023816365,0,0.0607154381500529,0.00238214643931795,0,0.157954387006124,0.128344511996767,0.0801860202931229,0.212935533689175,0.16155046776218,0.14170299702922,0,0,0,0,0.118709615261585,0.124327180523894,0.0732584822921699,0.135583319747445,0.103368874104785,0.0390472723199283,0.164077961858273,0.115925468171481,0.107245769166145,0.178797195834866,0.0632828282828283,0,0.0897452677995478,0.0775813734651602,0.031893695748045,0.176051166050453,0.103052577437992,0.121391171754998,0.154408781169345,0.186065784054928,0,0,0.118041994588413,0.120371023714984,0,0,0.165393246906986,0.267406545257582,0,0.17488305554294,0.168750040592953,0,0,0.222094960953172,0.0710414945753876,0.214359267364485,0.116322581700659,0,0.18018613587299,0.116567892769098,0,0.181994312942624,0,0,0,0,0,0,0.170692978839575,0.125800694242447,0,0.141516574638278,0,0.149311842281358,0.192276388161723,0.255425918956216,0.151346813296011,0.1046502576379,0.0418699093649643,0,0.143094152772896,0.186868300950978,0.207056582318052,0.226005595653232,0,0.174848373925888,0.114085209188173,0,0.0670357834392102,0,0,0.141677428742929,0.124527276358585,0.0851862617859351,0.212557710728831,0.16878983847436,0.113532122003517,0,0,0,0,0.135910595465547,0.137707792179543,0.138313701584305,0.149203890662978,0.111336517419293,0.0365139778855939,0.161032096102679,0.107623721378909,0.0836222743947651,0.179361351286397,0.0789912448688724,0,0.127065779420493,0.165161533549888,0.118561790576056,0.0986166733705252,0.0998736494675228,0.122688475600484,0.146300984461076,0.189001479397335,0,0,0.117072808778606,0.116799621899968,0,0,0.165427167028798,0.27691877369254,0,0.180867522013749,0.168593003785621,0,0,0.223627336924171,0.0573722819241499
"1-12-07-15_08",0.192721175267883,0.11197624154164,0,0.178498786667865,0.120914350008583,0,0.161336218355266,0,0,0,0,0,0,0.157832431387708,0.116596333257334,0,0.144691997289617,0,0.125441485269436,0.131427075200833,0.160974563910065,0.135236624791187,0.0950102500320713,0.0517280633850918,0.00112898673440587,0.129980052533054,0.215111902850261,0.210417330930638,0.197649465619876,0,0.150621368301467,0.0767583634025382,0,0.0619623368073075,0,0,0.142611004406282,0.114413877800146,0.090058748626488,0.23459483102473,0.140029061109213,0.117070041313514,0,0,0,0,0.10442053894373,0.112308498688555,0.0648108739305046,0.122463740121265,0.0794445119870737,0.0240395473935685,0.149364807480886,0.101685042875198,0.081652245326363,0.126671341996862,0.0762180658708247,0,0.0749197400992598,0.0699902120233923,0.0761830819198678,0.0903755624062656,0.194391793150348,0.114921135489279,0.0929952875937061,0.2165078199329,0,0,0.100983062452287,0.113330852038479,0,0,0.141762267617853,0.239041493983249,0,0.155101599654129,0.169472633536091,0,0,0.211850981087379,0.0311095404152625,0.196623178535478,0.111496196846881,0,0.182404860358517,0.111653431493102,0,0.166576616066246,0,0,0,0,0,0,0.148275711159737,0.111230659024852,0,0.139879159108241,0,0.114987758330524,0.151512626908188,0.203254510614346,0.132920069940628,0.0941195700141275,0.0638233238170522,0.0325237856785178,0.124941246919152,0.185442390003824,0.217596222535849,0.199882759547159,0,0.155408498568225,0.0777926450633067,0,0.0724438765397795,0.00856836843984291,0,0.150405999516589,0.108978278111349,0.0799225785599906,0.245963059660785,0.133331796478104,0.109690483241771,0,0,0,0,0.117212645292981,0.121608666983423,0.0747389626708279,0.133552617444248,0.0855688725336063,0.0188321513864328,0.156354312323344,0.0935131729207472,0.0746703128228276,0.143566370353672,0.085912127845258,0,0.0980578730417938,0.0686744178253397,0.187348358875585,0.105537609738754,0.183906760601881,0.127538386428512,0.10223311114496,0.220534039682801,0,0,0.0890088088246965,0.0981294897255215,0,0,0.144498202552876,0.235139282201333,0,0.175314179109246,0.171226402716545,0,0,0.215850022507928,0.0222002779151886
"1-12-09-15_12",0.232778958914088,0.153006331373056,0,0.17565510241742,0.114453390975412,0,0.196794929389728,0,0,0,0,0,0,0.104962013162816,0.130382633566902,0,0.137557217586959,0,0.205673346211434,0.221767655071723,0.31670504324385,0.127591567983248,0.0808806649630586,0.0503066389431458,0.0689396993607096,0.142865591549816,0.198369205198309,0.256327156775339,0.229967613424665,0,0.188028247679145,0.121952720247105,0,0.0553881787942071,0.00159744408945687,0,0.204267917816591,0.129893574056294,0.121598960025999,0.228228456504695,0.142085341625203,0.128576026408087,0,0,0,0,0.155920306277667,0.158823470693006,0.0935757238970369,0.172288904941859,0.101818724243645,0.0390332035170836,0.165489983088886,0.118800023238042,0.110001423469925,0.156497734429877,0.083265582141039,0.200005099569086,0.141939403428822,0.14302379372071,0.156769822077079,0.0880258948856081,0.162885622171611,0.204127106494631,0.14407019567587,0.236139046630799,0,0,0.147701051596308,0.1403721895914,0,0,0.170317166270506,0.226291291233989,0.0665071125193825,0.12365435981638,0.185649307018001,0,0,0.235060964614023,0.103884360524588,0.23369278106758,0.158010308051585,0,0.172574489042108,0.11659640535664,0,0.203423103446675,0,0,0,0,0,0,0.0978011853793362,0.128914652420845,0,0.135588819232649,0,0.170844052530267,0.228666282854898,0.35896331295164,0.123402410474291,0.0877171183643611,0.0786183884309573,0.0599747270194084,0.138650269037885,0.233131741032859,0.261830340325277,0.256707811514551,0,0.190307747433361,0.121814086814087,0,0.0596819328977329,0.00479287915097569,0,0.206265653636249,0.128461374628929,0.119326275604885,0.236947215386201,0.140376704827203,0.138580956312943,0,0,0,0,0.164057822763865,0.160447757282365,0.109876345683527,0.177137333218554,0.094261345096419,0.0364900552942147,0.15477161678287,0.115664197190755,0.0874717790014113,0.159029516537451,0.0703835384849524,0.123252162209317,0.183179022160841,0.160373668312112,0.244914219477425,0.0750496913903128,0.139274983854211,0.193711687310462,0.140604389015469,0.247040817411083,0,0,0.147377244650045,0.1410366781054,0,0,0.169157911699441,0.237131264704017,0.04830550034845,0.113232196323313,0.187397206839062,0,0,0.236073492014224,0.0776387930861546
"1-12-14-15_04",0.16366864730622,0.0937670538707414,0,0.180557088376314,0.0979905391141171,0,0.129466609890056,0,0,0,0,0,0,0.143420015760441,0.0920583397946157,0,0.123918942306504,0,0.139916416953127,0.121706525721594,0.17981245695882,0.122272491925343,0.0645767447685952,0.0373545716379853,0.0054871172030884,0.101169917389092,0.170230290251375,0.196049305101671,0.176406167698027,0,0.140381576758663,0.117624944973178,0,0.0445131222997938,0.0318025130657178,0,0.118366691023366,0.0897429358239403,0.0858735302866626,0.160423883521083,0.087302623684452,0.0809565202079141,0,0,0,0,0.0954646367772303,0.0943568268615301,0.0507781348082995,0.107459229352785,0.0362064986868565,0.0198877135451399,0.130496317823367,0.0824721923060395,0.0717238706796877,0.128059153936334,0.088939606566219,0.082666097981815,0.10043898652735,0.0830436658673401,0.124987381198187,0.0872570086867061,0.0851700832630691,0.0910349086031236,0.0646771870089052,0.156523541287779,0,0,0.094364657828698,0.11944593320591,0,0,0.120759339630883,0.217054380836041,0,0.104971078970839,0.131039819303093,0,0,0.204735237311662,0.0530852595443902,0.163887976270846,0.0895258197197408,0,0.176551791363782,0.0930159618523186,0,0.133083721833505,0,0,0,0,0,0,0.147340734684228,0.090255934173234,0,0.124266055757998,0,0.144259800998295,0.161835376311938,0.252790203641545,0.127653384302262,0.0627554563401891,0.0546562133255901,0.0775876153908994,0.0975628360158869,0.141955781130501,0.147044626603664,0.191657527964429,0,0.145421076119678,0.107512968200712,0,0.0468035245362517,0.0670614254119997,0,0.143055374875331,0.0878115649403683,0.0814037302051334,0.17652631080377,0.0931577226388296,0.0894405305470742,0,0,0,0,0.100367889062297,0.0929206583586929,0.0442282235769795,0.105669073879953,0.0452747824310141,0.0248036429454787,0.132193588479883,0.0745606858629028,0.0658304347641435,0.143840089551807,0.0565808460545303,0.118041847611528,0.133867990712747,0.0946755739225534,0.227072133002768,0.0753153948947929,0.0919666616784973,0.0910596713888944,0.0566504833604243,0.151937611032489,0,0,0.0851609525658766,0.104743879207215,0,0,0.123339768439685,0.228535911937069,0,0.102333139218154,0.13457578825573,0,0,0.208026175293736,0.0574194350495811
"1-12-14-15_19",0.216452365013043,0.136938067393067,0,0.200807771576645,0.158258066131922,0,0.175893911391209,4.16507891495263e-05,0,0,0,0,0,0.146937907570173,0.103600285665658,0,0.151380336758,0,0.159538396046568,0.184299329044403,0.199736936921294,0.128596348747916,0.0787346543562096,0.0696136232758384,0.00120569967117282,0.134957426753036,0.187599397338244,0.207383668615933,0.217150386734861,0,0.139514127114188,0.0725301858381422,0,0.039283216419797,0,0,0.125541914314669,0.100419390252921,0.121577400927707,0.191926219686604,0.139832003751428,0.0928803150610218,0,0,0,0,0.0989440733475966,0.104671197472959,0.0765570430148581,0.111106380006804,0.0922778031389069,0.0206414295678107,0.160433325043284,0.115984367259182,0.0669434974537219,0.128864629634038,0.0780752254980348,0.235263053666909,0.0730181913407569,0.057350426298889,0.0714275829209609,0.106027079872753,0.184112613171276,0.0935527543496954,0.0717342710393412,0.200179412800349,0,0.285067873303167,0.124387082711378,0.123954966191671,0,0,0.14924521407879,0.231277157027653,2.36194435259105e-05,0.123757701128749,0.148128024966164,0,0,0.188922061506609,0.0979757951322439,0.217020286135577,0.139761556547013,0,0.199024086097293,0.150470166386817,0,0.175440686574616,3.91354561403947e-05,0,0,0,0,0,0.139628495241546,0.101451252223947,0,0.149078625188753,0,0.16892698428061,0.197625970301578,0.348409220105257,0.120376335765215,0.087414298174689,0.0890625693201816,0.109014604666779,0.125683756036639,0.16420918897128,0.22501974854467,0.219885231145117,0,0.148161563065354,0.0716141694585289,0,0.0456980249862441,0,0,0.123631472093863,0.0980155196797232,0.10381928912045,0.211519601202893,0.155332495041924,0.0990005108182737,0,0,0,0,0.115958242030076,0.111601807372271,0.0515024894063335,0.122379821068335,0.0895003319873607,0.0278884462151394,0.158298346350417,0.114377235114659,0.0653928239386186,0.155280582976144,0.0751232476545449,0.208702819463392,0.138131531025455,0.124835437235942,0.20563457020301,0.102076468897194,0.185524493136885,0.113365482383418,0.075688319232139,0.188463139768379,0,0.269230769230769,0.113293496407878,0.126156760010856,0,0,0.153444068605465,0.244945508445938,0.00184034468573408,0.111873519881204,0.151365334281777,0,0,0.197642243735082,0.0813624760016034
"1-12-18-15_08",0.125190242919679,0.107886986987595,0,0.0960684198882611,0.0471775466445828,0,0.104393956336623,0,0,0,0,0,0,0.0945731004392301,0.0666825331842907,0,0.0685438570493116,0,0.143687567967533,0.134065775956196,0.169357363105497,0.082889895273139,0.0364429043976415,0.0741703404032749,0.0879213779985206,0.0754694940550057,0.121446651090343,0.128155117562145,0.103343361525799,0,0.127537518133611,0.0740159406404794,0,0.0397308953582633,0.0223136572242443,0,0.132768710153869,0.0665201843846209,0.0460717583883435,0.172345942256378,0.112301706480687,0.105040098768506,0,0,0,0,0.102214214153026,0.102862036101964,0.0803609776309075,0.112928091941662,0.0527997626436367,0.0344623831676071,0.112655755682258,0.059680627425703,0.0490800572640257,0.115831104208013,0,0,0.00368769578492407,0,0,0,0.0406781428539505,0.115155780597316,0.112802558712137,0.0895177792996543,0,0,0.0784043116025288,0.0665544482517633,0,0,0.100754180535048,0.192257605636118,0,0.0824242321656779,0.114933863042412,0,0,0.156156371880815,0.0711006244776352,0.129683736967251,0.106204703095923,0,0.116821009394023,0.0444271632867415,0,0.10580220961693,0,0,0,0,0,0,0.0952544987531546,0.0682637892766216,0,0.0735852756791513,0,0.117476924868731,0.146644688043174,0.191300867533479,0.0816700789507395,0.0435041344385596,0.0729689386567765,0.0600465129311553,0.067506689063889,0.116471360269992,0.116133347786658,0.123872906826964,0,0.132461665587867,0.0595397098951601,0,0.0419659064877474,0.0879828326180258,0,0.126771670509147,0.0678171574056962,0.0608560692697272,0.167643256318292,0.102993721368665,0.108704848434034,0,0,0,0,0.0982264851512976,0.0985865482225857,0.120474607931593,0.110188947436555,0.060614656504505,0.0363159115826058,0.113114731697541,0.0609068473627459,0.0451257237703904,0.122780557369528,0,0,0.0228162868333202,0,0,0,0.0356134020426212,0.111390987965295,0.148304307974335,0.122099956695055,0,0,0.0791293352001372,0.0542678962527649,0,0,0.101098468272072,0.189857885371418,0,0.121793896885819,0.118495327222924,0,0,0.168596059351825,0.0537508105451407
"1-5-12-15_02",0.0989939423800924,0.066688640664103,0,0.110999107506158,0.0845296611271488,0,0.0854596985035277,0,0,0,0,0,0,0.0598895344819337,0.0713528802910949,0,0.087192528790063,0,0.0541343987806381,0.0604847483505501,0.0551712932522865,0.0839619575908213,0.0484254900360346,0.0183324007407156,0,0.0702635223284427,0.0983951089033244,0.142246875665219,0.0692212064895273,0,0.0754850121395953,0.0343387748423557,0,0.0206702611870545,0,0,0.0704208512673362,0.0701640380347458,0.0765500536869179,0.147795734196043,0.0825825841931328,0.0718532574320051,0,0,0,0,0.0503254521387702,0.0522822965697382,0.0358449737585789,0.0585647737505448,0.0409618323353054,0.016871524688995,0.0745300317892282,0.0518031438178505,0.0429971193977314,0.0794738490807878,0.0461963906968404,0,0.0420147485557597,0.00940791795204314,0.102461821617789,0.0320382101846158,0.0583993388478107,0.0447291723948309,0.0344381010766696,0.0868452193687788,0,0,0.083704301874618,0.0573390195569245,0,0,0.0779816984749882,0.155859896062821,0,0.0770809497410977,0.0948709591921364,0,0,0.129067637671781,0.044963559513663,0.104771687915082,0.0724252845983631,0,0.106136917554117,0.0713309070149147,0,0.0864516924790042,0,0,0,0,0,0,0.0624313900735401,0.0667496659557841,0,0.0866567720407562,0,0.0512559534679044,0.10180989138411,0.0563720731245783,0.0870050564724755,0.0483090145705096,0.0213404043445034,0.00453393785838112,0.0554625073225388,0.0959772936310441,0.089847878946205,0.023000950815888,0,0.0883207069431015,0.0406814405323742,0,0.0232004486088607,0.00189345038299337,0,0.0731374650852745,0.0651621967617104,0.0727390523308891,0.139465909340243,0.0890381829802096,0.0862787163955388,0,0,0,0,0.0522183828415651,0.0515942003031029,0.041693810135996,0.0575814525059193,0.0366912582072551,0.0220140212034819,0.0759400061501452,0.0483249456176457,0.0356442734408634,0.0767682278368272,0.0447167228101941,0,0.0545506557337284,0.00896774230806991,0.157142557835437,0.0225336283141039,0.056481130029281,0.0529370820593134,0.0807533051290655,0.0896706199839516,0,0,0.0695396303799091,0.0533133462597559,0,0,0.076620147881047,0.200845864709935,0,0.0844701986754967,0.0941882397774785,0,0,0.132421449386437,0.029018590605077
"1-5-12-15_05",0.128922168129256,0.148599164293613,0,0.133994483539685,0.0690586853261147,0,0.121650805855627,0,0,0,0,0,0,0.144227324437628,0.112286928194997,0,0.115116987148191,0,0.100553523244777,0.125565993882388,0.133700803112685,0.118786703548957,0.0916254625360361,0.0506348605488223,0.00104745555587884,0.0976948333406217,0.120037435403583,0.265483665483665,0.158682146405112,0,0.118886106638002,0.0981967744363096,0,0.0363877925111239,0,0,0.125435862894556,0.112057512508038,0.0812535498312786,0.211736392244106,0.0936761019706869,0.0805337436622954,0,0,0,0,0.0834952613433126,0.081117051092104,0.0299397551644471,0.0886768451997502,0.0578064724148917,0.05949505063084,0.113809697821046,0.0845404222454733,0.0520048337826272,0.0909819539281744,0.0245843595741299,0.0778205709107386,0.0948931277892473,0.0564543700958564,0.154562847738918,0.0544550335011861,0.0990036695681857,0.0697933111712937,0.0521816512198124,0.183999612190156,0,0,0.0928448805579663,0.0641517098540459,0,0,0.101720970607762,0.198019001436088,0.0291891481115586,0.0887731203459044,0.151412891825536,0,0,0.205023312672109,0.0380183571440357,0.129915049758672,0.159909528838169,0,0.132590557050016,0.0692559469489566,0,0.125157721577601,0,0,0,0,0,0,0.14898642426081,0.104660385491224,0,0.112858059641371,0,0.110074781841921,0.124756084909622,0.140542389749331,0.114540089830441,0.0786506881859747,0.0622367113172717,0.00504371217215871,0.0908053080936951,0.124097472924188,0.265061485253146,0.155935768656677,0,0.121235529879216,0.117403040963971,0,0.0413001892070282,0,0,0.128592287629665,0.103946821570787,0.0827387931449864,0.214928924917615,0.0943296879524244,0.0826746505561483,0,0,0,0,0.0855796262877737,0.0816081484954419,0.0357407824485632,0.0911069619844416,0.051836967611406,0.0544786733731874,0.112882231404959,0.0712493887186964,0.0334142021182862,0.0840143168860202,0.0326755498428505,0.078726778432261,0.10409452195227,0.0590709814072635,0.197612290969308,0.0400619285216098,0.10624096882956,0.0981354468736763,0.0702910013320092,0.175058472874796,0,0,0.0806402714115566,0.0624463058789758,0,0,0.0999802049197256,0.210607558371213,0.0236097543161297,0.0722845438186761,0.153616850804482,0,0,0.211094649544173,0.0295279182028963
"1-5-12-15_27",0.119431299085499,0.0611363668088948,0,0.0917324170275745,0.0964037473556966,0,0.0985834849252975,0,0,0,0,0,0,0.0485194567438692,0.0706434354995668,0,0.0693110396382917,0,0.0898458231719919,0.0796931848545179,0.0860032413468278,0.050281914873925,0.0402066204918577,0.0243855871056546,0,0.0676891360057881,0.0834023439024285,0.101171811988589,0.0823924550608593,0,0.0897424848356849,0.046606361948122,0,0.0164136930825387,0.0232253230942124,0,0.0828189761097041,0.0707311542260351,0.05895612682943,0.114268856081149,0.0621771426805271,0.0637898136369811,0,0,0,0,0.0510166095978098,0.0546123855439293,0.0387223328915464,0.059591410022178,0.0492368092710737,0.0182443964235973,0.0600102472140387,0.0417329118272604,0.0325476260007813,0.0766546972755947,0.035693502798766,0,0.0378855892847499,0.0477417973886188,9.51496580779417e-05,0.0684769314113698,0.0413073776019422,0.0571189620487783,0.0673779108465527,0.0699156851859499,0,0,0.077425164767736,0.0446763413553862,0,0,0.0802908778075722,0.217305183365235,0,0.0959620519125432,0.0831808767106559,0,0,0.131104551501267,0.0520526270424686,0.123599440647137,0.0532265524680676,0,0.100117812954123,0.0722735177210997,0,0.0963540696562473,0,0,0,0,0,0,0.0481456317503456,0.0635545840676516,0,0.0642036584144265,0,0.0619958268601998,0.119587513898774,0.0923956786611343,0.0445383430674668,0.0384422762240871,0.0396407584799353,0.0334191018807817,0.0538532210167438,0.0817693862303796,0.105196207946325,0.113433825662849,0,0.0944142146603769,0.0419318912279382,0,0.0208081003448274,0.0188485804416404,0,0.0757808349667515,0.0635070713503614,0.0461491377285571,0.112144233907035,0.0681565167890244,0.0479962469387106,0,0,0,0,0.0519970520974246,0.0531899186667434,0.0405446892945021,0.0572783800392656,0.0470841149568132,0.0199489928244143,0.0623499179349247,0.0352709987143955,0.0259015876584817,0.0874145174844941,0.0356158321687163,0,0.0474562543186279,0.0615446437013458,0.0453277343783205,0.0433397836848135,0.051134620259075,0.0641087992956871,0.0965471492068358,0.0659086649590804,0,0,0.0622656863602382,0.0355940663933269,0,0,0.0786831047095663,0.213744336809553,0,0.0954397337376061,0.0832784404451325,0,0,0.138411261296703,0.0426563695714559
"1-5-12-15_36",0.082143841456389,0.0623697007837977,0,0.0750850033687971,0.0332510269527588,0,0.0683783274151686,0,0,0,0,0,0,0.0367218963699759,0.0453165544142946,0,0.0539275610727829,0,0.0397386418173092,0.0640813002037238,0.0626168562502262,0.0414595779454612,0.0276780148163,0.00873592963627415,0,0.0494154725607894,0.058804456758828,0.125146610091494,0.123227004015092,0,0.0735094118209939,0.0525178712032178,0,0.0229636783409359,0,0,0.0347692770178867,0.0446371265572412,0.0594316796398762,0.0978856798222795,0.061839011456301,0.019069115345335,0,0,0,0,0.0470391097625557,0.0475772488482396,0.00847344623180149,0.0529205470070309,0.0295301280017148,0.0105317798332677,0.0523142870659043,0.0287501303975222,0.0209762553159876,0.0550546599659629,0.0491848240134085,0.0543739243142171,0.0450779212847755,0.0206458788876293,0.0377863185389535,0.0660014348138003,0.0738406900050736,0.0425310545466076,0.0382922869152213,0.104428835584776,0,0,0.0555841602042403,0.0421608355411361,0,0,0.0579176630690067,0.149229502673514,0.0141616928920239,0.0544022587116428,0.0702556564230847,0,0,0.0919895789405092,0.0358166375119122,0.0824302411029154,0.0744806268193469,0,0.0633183210695675,0.0315702021600665,0,0.0655571171293463,0,0,0,0,0,0,0.0251963302390472,0.0415341962800616,0,0.0475351151935196,0,0.0503409749278451,0.0810894817422131,0.0836739881692579,0.0341509573710033,0.027351004675347,0.0341172297226801,0.0256025508768639,0.0405629621842955,0.0494964924190993,0.118666954881098,0.112363360953167,0,0.077292054379846,0.0615591666776775,0,0.0284172891339828,0.0174037089871612,0,0.0480458599054688,0.0410362907603141,0.052879052706728,0.116888964928914,0.0638282697964375,0.0227760403679109,0,0,0,0,0.0522297745115462,0.0502974059939236,0.0265374499585411,0.0549995416316416,0.0349704196450357,0.0196821491637071,0.0511439601513512,0.0258770799921176,0.0147254265730983,0.0634971551359796,0.0534504718636861,0.054006061180036,0.0614976916976735,0.0361419163832351,0.15127952467829,0.0271277069779877,0.0653549738963668,0.0465135656945432,0.0431708438721545,0.0962406189915028,0,0,0.0536857418268229,0.0455785732370387,0,0,0.0579899082433052,0.15603700903364,0.0231715092449221,0.049894232345388,0.0782656536764501,0,0,0.103662798103704,0.0230704901460484
"1-5-12-15_41",0.119398931836698,0.0519765463790179,0,0.0919222369920243,0.0525214104385732,0,0.0869558037838722,0,0,0,0,0,0,0.0620944752444079,0.0694662413395458,0,0.0683073136550652,0,0.071268908873525,0.0925539409835373,0.0774716340885794,0.0637447460881073,0.0306844546127581,0.0455693941765729,0,0.0643994873449141,0.116980710627503,0.155003292671454,0.21485009379495,0,0.0868777048338851,0.07131977850866,0,0.0321895248155572,0.00155702608018684,0,0.0617847391866648,0.0695637089189784,0.0843005357066422,0.138257900881861,0.0693841256257265,0.0698755481051816,0,0,0,0,0.0477062341485084,0.047403122090604,0.0468560723096012,0.0449795594310078,0.0525333085071168,0.0101070668343242,0.0983705936060975,0.0389885055861444,0.0266018498129942,0.0932000791471144,0.0593399728764844,0,0.0484693140910053,0.0355947223994807,0.00524279526248966,0.0878642402590153,0.0275752858687314,0.0414709850183087,0.0858159605152063,0.105446318825799,0,0,0.0773164151385703,0.0626716008117464,0,0,0.0816107737480358,0.140472407063942,0,0.0607090362339361,0.105381916327947,0,0,0.190526136272483,0.0429891229755696,0.122248925857303,0.0496014872982558,0,0.0892530172919433,0.0543405707495763,0,0.0874777299227409,0,0,0,0,0,0,0.0553341261933078,0.0649155656463534,0,0.0647818588016159,0,0.0671972096822261,0.115805770392954,0.107709404083901,0.0607187169866097,0.0295709226693274,0.0308552518544526,0.0157423104868007,0.0584758051634524,0.106530476140332,0.190340843059452,0.18936041030885,0,0.0880751928643821,0.0311682048623461,0,0.02753285936894,0.00145074713477441,0,0.0516886109225569,0.0649255155246066,0.0801078759426659,0.159298776973043,0.0641746125655088,0.0786560396832573,0,0,0,0,0.0619418479310073,0.0524487673787883,0.0600700298275191,0.05149964829227,0.059061125469156,0.0116874929276927,0.0931656586548902,0.0381008010925634,0.021889794936707,0.0941460677330651,0.0421231671774957,0,0.0820868923697579,0.0732542182168077,0.134832018191768,0.0512553268550556,0.0263930543349321,0.0420903816027205,0.0661325768993938,0.0892963740171466,0,0,0.0641810854584091,0.0617516045193539,0,0,0.0794152211168829,0.18739021633125,0,0.0739036365149372,0.110230582691089,0,0,0.198110003048382,0.0336520289698159
"1-5-22-15_10",0.107119056806326,0.0810780199251862,0,0.105599994953255,0.0809744305607572,0,0.0931757902624419,0,0,0,0,0,0,0.0745390426880811,0.0764930080176796,0,0.0850633324525203,0,0.0831563491439209,0.0924422019517235,0.0913818269047029,0.0810080784404006,0.0380223488933149,0.0391957421643998,0.00251025018826876,0.0665934642154148,0.0975128803884503,0.105827776750022,0.119197177756649,0,0.0921866323628532,0.072627354325014,0,0.0302613439813231,0,0,0.123766674038839,0.0759411217732882,0.0614133227406406,0.132560321888136,0.0531209991585791,0.0846787924333337,0,0,0,0,0.0543406472444412,0.0539365528251777,0.025731778192564,0.0579612463055987,0.0431537560682383,0.0363293913106471,0.101335277415394,0.0371496233104365,0.0273039784545992,0.0665204431454251,0.0445876350892201,0.0347347486240229,0.0565071323029236,0.0356200978745127,0.0865119282932462,0.0270863526994892,0.0726563288371624,0.0497203254935214,0.0455307830940062,0.110545621402931,0,0,0.0653713694390416,0.0511374841383287,0,0,0.0769926043794549,0.179742946774244,0.0237669254063838,0.0545438973291344,0.103890889624294,0,0,0.156064390611272,0.0411977885945701,0.100406798006824,0.0964433489616385,0,0.147712368303205,0.0730935642678717,0,0.0927354342585048,0,0,0,0,0,0,0.0731332990778051,0.0714603527803698,0,0.0911992338775741,0,0.0668953307763723,0.119630664132622,0.103246458517474,0.079876180548975,0.045613421674372,0.0449233994792646,0.0253774854238302,0.0625426058177133,0.0998353120023165,0.0809734388982299,0.103407387635259,0,0.0961341236723177,0.060251871014618,0,0.0312430636553211,0.00139128130382934,0,0.141153230077426,0.0702278246484548,0.0627914195516927,0.152964828898528,0.0882562254712177,0.0899593220079056,0,0,0,0,0.0632003123967059,0.0584572562910159,0.0401197221608163,0.0629474552928682,0.0417457415084628,0.0275766379613586,0.100209847488794,0.0377421527666464,0.0264983355316877,0.0752298684837063,0.0526549152141569,0.018659477746062,0.0865334928164354,0.0515710988815906,0.163458794023929,0.056853499089058,0.0617518111999005,0.0775757186210189,0.0655237026802414,0.102217758959698,0,0.103641456582633,0.0641302461321561,0.0503380808891762,0,0,0.0798707580831604,0.193424420450035,0.0277118162992812,0.0440151308567393,0.102236969036781,0,0,0.144712244688507,0.0358008799003262
"1-6-4-15_04",0.0956662434453663,0.0565773699533987,0,0.0914489664750169,0.0750478067006057,0,0.0934772346245478,0,0,0,0,0,0,0.0594283602966404,0.0707860864131284,0,0.0678814056495287,0,0.0641915561201369,0.0628370258809091,0.0425892737805921,0.0513515337026282,0.0412610283430708,0.0189479043755152,0,0.0613587011429432,0.121707298975192,0.127366551124686,0.111485288904644,0,0.0752098976936205,0.0328547457047715,0,0.0148071675288876,0.00195971692977681,0,0.0471062961907059,0.0709684916206279,0.0670904930821087,0.127532521481562,0.0681026607805102,0.037567289814707,0,0,0,0,0.0652109785045209,0.0700067783254911,0.043784076927114,0.0762187216387916,0.0736467541429287,0.00787113432523718,0.0676985395637591,0.043350233112809,0.0295476639973947,0.0790349645474825,0.029206429161586,0,0.0487101201261753,0.0260371797964284,0.0846466135191264,0.0609665634072819,0.0454117703834182,0.0326240953705949,0.0534724209612645,0.0887523490528823,0,0,0.0716353139172471,0.0470867206055574,0,0,0.0792867985697595,0.20370683966809,0,0.120922012626167,0.0842117634567961,0,0,0.116847856160012,0.0379949828558185,0.106525233815124,0.0609586071178413,0,0.100054712854923,0.0666501740257968,0,0.0923823994472195,0,0,0,0,0,0,0.0608279989157405,0.0648938584072459,0,0.0672864868472137,0,0.0484999016482504,0.0806843134315587,0.0427153071405951,0.0474846847560704,0.0407510536782369,0.0191488312269745,0,0.0513213274565777,0.104143556035212,0.121410965835823,0.124463440919137,0,0.0808695756372165,0.0293569325318023,0,0.0185470328251734,0.00270297327059766,0,0.0539518178170911,0.0647353189874272,0.0639924900129506,0.121038356167502,0.0673398082390042,0.0344653242628738,0,0,0,0,0.0644431145413036,0.0708791771668911,0.0444598136421786,0.0813186706026087,0.0695597068282412,0.0145937713819057,0.0676824210734047,0.0412337108512514,0.019172732517554,0.0890926467693985,0.0488735592036326,0,0.0495888484711908,0.050238883362956,0.0961643587654991,0.0418468533503837,0.0345403026959282,0.0464003721585194,0.0837289216380898,0.0994539951482925,0,0,0.0623128820090952,0.0457515318476978,0,0,0.0786713083766842,0.205166328342777,0,0.0990320178704393,0.0865283628906861,0,0,0.127859530122485,0.0337423696888749
"1-9-02-15_04",0.10467745680128,0.0617758313993166,0,0.120578960580749,0.082749726900732,0,0.0920905685234704,0.0171927556192671,0,0,0,0,0,0.0605432140250658,0.0591526885532408,0,0.0935460891764104,0,0.0424024924806369,0.0673810425555047,0.0926046829094578,0.0774552591958085,0.0377478043995048,0.0346716148625656,0.0134180067602171,0.0588293468034492,0.0880094781825895,0.114716335244546,0.0934735186450834,0,0.081641995558378,0.043247860021329,0,0.0201958009286146,0.0193050193050193,0,0.044894444941408,0.0567045749055497,0.114589452705143,0.128164299940509,0.0656515434016988,0.0295403376685738,0.00095464254603167,0,0,0.00095464254603167,0.0538947763857163,0.0560586895352781,0.0559589498822592,0.0592564824193061,0.0451503997760266,0.00664532238545321,0.0747562159294832,0.0480388979369882,0.0340931186467462,0.0864921517223309,0.0317923299758152,0.0309588468769584,0.0491448678919262,0.0363474597121927,0.0725014025329148,0.0337060187964935,0.0707022206979336,0.0316485153122964,0.0536829070901359,0.108518307397711,0,0,0.071409845550247,0.0607969912102772,0,0,0.0802212355221657,0.166430074332315,0,0.0359762486901851,0.0880192169377122,0,0,0.131697965241403,0.0425649759456174,0.104432464242942,0.0688187273154153,0,0.117119745974372,0.0775116105437657,0,0.0937518842461065,0.0194391748980615,0,0,0,0,0,0.0595716709075488,0.0556629478862013,0,0.0876175628980897,0,0.0367868738101728,0.0955196751308535,0.106969146000425,0.0723524138814189,0.0359658787721136,0.0431363220766092,0.0145612301877067,0.0475383611954569,0.0972163352355117,0.113856080418615,0.0983697130422957,0,0.0846823202011308,0.0357801633891223,0,0.0198759572414721,0.0308622130778628,0,0.0418002099716736,0.0532291359765426,0.107965612952275,0.119120335082639,0.0758778976820551,0.0293109636598683,0.00834118924595172,0,0,0.00834118924595172,0.0543945285894933,0.0553506913210736,0.0513449711625455,0.0602726890892055,0.0428239743668059,0.00845863761331669,0.0701420068564302,0.0419240054421257,0.0247203814246915,0.0824073705439085,0.0264018193447516,0.0515744680851064,0.0527420851097426,0.0430880603308003,0.0836303332931628,0.028436279550845,0.0667298479753853,0.0275969492826975,0.0765965274731495,0.109605013373,0,0,0.0798512610767374,0.0579544923296802,0,0,0.0800488463164936,0.169088878604416,0,0.040374183640612,0.0905250557698876,0,0,0.136682057195113,0.0308162938083866
"1-9-23-15_06",0.113374977696956,0.0633284263813473,0,0.130288778530645,0.117094975385552,0,0.0977451761242689,0,0,0,0,0,0,0.0739894732045206,0.0709163703023921,0,0.0933873545834438,0,0.0615563430513599,0.0721090598038967,0.105841934785127,0.0785848916284865,0.0469331382146219,0.027181378130027,0.0801331589585067,0.078656636702052,0.0987457629341149,0.210557553227833,0.131630199567204,0,0.103989344968253,0.0560913303239856,0,0.0286468499545863,0,0,0.0752249041628942,0.0693400726178437,0.0724741696299162,0.167891447806628,0.0982962875753066,0.0674232833983044,0,0,0,0,0.0751662864108727,0.0721376858622905,0.0188551300646085,0.079775991262754,0.0356608260341297,0.0132031678704377,0.0776916843281768,0.0550353475045999,0.027395124094004,0.0823596676394911,0,0.0876328255024965,0.10425607108598,0.0550345536581187,0.129924006085122,0,0.0782175656448066,0.102933404863519,0.0905826044344797,0.115727262777717,0,0,0.0927790644465405,0.0749417386669311,0,0,0.086142709313921,0.193317612007313,0,0.0670341824214565,0.110285587373483,0,0,0.126006104175623,0.0318880480663194,0.117581130969943,0.0486645080018968,0,0.132749785817047,0.102043979129716,0,0.0978958671899267,0,0,0,0,0,0,0.0859349873326299,0.0670799850109163,0,0.08943128012921,0,0.0580876105336446,0.103983449402586,0.107420615941276,0.0744798546712956,0.0434982975351736,0.0138347277059816,0.000842167839096403,0.0639403617656175,0.0841021477599823,0.209940149752242,0.150653334299447,0,0.11242906710553,0.0496969238718133,0,0.0312047692567433,0,0,0.0601217288975915,0.0654232123665933,0.0735011365129156,0.151478530047392,0.0970320248002043,0.0602613082633875,0,0,0,0,0.0787092610712041,0.075026652160542,0.0230536139953941,0.0832466367420968,0.0396848071517442,0.000222885249555496,0.0795517126381412,0.0517165064627847,0.0223122890697538,0.0841258104136175,0,0.149897874271881,0.115590867867986,0.0714277259599451,0.155450743485618,0,0.0753808047120317,0.0742533516878142,0.0665149630017681,0.111018711778661,0,0,0.0815847811013779,0.0712763778776504,0,0,0.0851003892874446,0.21677979541224,0,0.0895875881716924,0.105251960621296,0,0,0.135144723673138,0.0266556039653027
