"Brain.ID","Ammon's horn_RG_Thionine","Anterior group of the dorsal thalamus_RG_Thionine","Basic cell groups and regions_RG_Thionine","Basolateral amygdalar nucleus_RG_Thionine","Basomedial amygdalar nucleus_RG_Thionine","Brain stem_RG_Thionine","Caudoputamen_RG_Thionine","Cerebellar cortex_RG_Thionine","Cerebellar nuclei_RG_Thionine","Cerebellum_RG_Thionine","Cerebral cortex_RG_Thionine","Cerebral nuclei_RG_Thionine","Cerebrum_RG_Thionine","Claustrum_RG_Thionine","Cortex_RG_Thionine","Cortical plate_RG_Thionine","Cortical subplate_RG_Thionine","Dentate gyrus_RG_Thionine","Dentate gyrus, granule cell layer_RG_Thionine","Dentate gyrus, molecular layer_RG_Thionine","Dentate gyrus, polymorph layer_RG_Thionine","Endopiriform nucleus_RG_Thionine","Entorhinal area_RG_Thionine","Epithalamus_RG_Thionine","Fasciola cinerea_RG_Thionine","fiber tracts_RG_Thionine","Fundus of striatum_RG_Thionine","Geniculate group, dorsal thalamus_RG_Thionine","Geniculate group, ventral thalamus_RG_Thionine","Hindbrain_RG_Thionine","Hippo_RG_Thionine","Hippocampal formation_RG_Thionine","Hippocampal region_RG_Thionine","Hypothalamus_RG_Thionine","Induseum griseum_RG_Thionine","Interbrain_RG_Thionine","Intralaminar nuclei of the dorsal thalamus_RG_Thionine","Isocortex_RG_Thionine","Lateral amygdalar nucleus_RG_Thionine","Lateral group of the dorsal thalamus_RG_Thionine","Lateral septal complex_RG_Thionine","Medial group of the dorsal thalamus_RG_Thionine","Medulla_RG_Thionine","Medulla, behavioral state related_RG_Thionine","Medulla, motor related_RG_Thionine","Medulla, sensory related_RG_Thionine","Mid_Hind_Medulla_RG_Thionine","Midbrain_RG_Thionine","Midbrain, behavioral state related_RG_Thionine","Midbrain, motor related_RG_Thionine","Midbrain, sensory related_RG_Thionine","Midline group of the dorsal thalamus_RG_Thionine","Nucleus accumbens_RG_Thionine","Olfactory areas_RG_Thionine","Olfactory tubercle_RG_Thionine","Pallidum_RG_Thionine","Parasubiculum_RG_Thionine","Peripeduncular nucleus_RG_Thionine","Pons_RG_Thionine","Pons, behavioral state related_RG_Thionine","Pons, motor related_RG_Thionine","Pons, sensory related_RG_Thionine","Posterior amygdalar nucleus_RG_Thionine","Postsubiculum_RG_Thionine","Presubiculum_RG_Thionine","Reticular nucleus of the thalamus_RG_Thionine","Retrohippocampal region_RG_Thionine","root_RG_Thionine","Striatum_RG_Thionine","Striatum-like amygdalar nuclei_RG_Thionine","Striatum dorsal region_RG_Thionine","Striatum ventral region_RG_Thionine","Striatum_Pallidum_RG_Thionine","Subiculum_RG_Thionine","Subparafascicular area_RG_Thionine","Subparafascicular nucleus_RG_Thionine","Thalamus_RG_Thionine","Thalamus, polymodal association cortex related_RG_Thionine","Thalamus, sensory-motor cortex related_RG_Thionine","Ventral group of the dorsal thalamus_RG_Thionine","ventricular systems_RG_Thionine","Ammon's horn_NL_Thionine","Anterior group of the dorsal thalamus_NL_Thionine","Basic cell groups and regions_NL_Thionine","Basolateral amygdalar nucleus_NL_Thionine","Basomedial amygdalar nucleus_NL_Thionine","Brain stem_NL_Thionine","Caudoputamen_NL_Thionine","Cerebellar cortex_NL_Thionine","Cerebellar nuclei_NL_Thionine","Cerebellum_NL_Thionine","Cerebral cortex_NL_Thionine","Cerebral nuclei_NL_Thionine","Cerebrum_NL_Thionine","Claustrum_NL_Thionine","Cortex_NL_Thionine","Cortical plate_NL_Thionine","Cortical subplate_NL_Thionine","Dentate gyrus_NL_Thionine","Dentate gyrus, granule cell layer_NL_Thionine","Dentate gyrus, molecular layer_NL_Thionine","Dentate gyrus, polymorph layer_NL_Thionine","Endopiriform nucleus_NL_Thionine","Entorhinal area_NL_Thionine","Epithalamus_NL_Thionine","Fasciola cinerea_NL_Thionine","fiber tracts_NL_Thionine","Fundus of striatum_NL_Thionine","Geniculate group, dorsal thalamus_NL_Thionine","Geniculate group, ventral thalamus_NL_Thionine","Hindbrain_NL_Thionine","Hippo_NL_Thionine","Hippocampal formation_NL_Thionine","Hippocampal region_NL_Thionine","Hypothalamus_NL_Thionine","Induseum griseum_NL_Thionine","Interbrain_NL_Thionine","Intralaminar nuclei of the dorsal thalamus_NL_Thionine","Isocortex_NL_Thionine","Lateral amygdalar nucleus_NL_Thionine","Lateral group of the dorsal thalamus_NL_Thionine","Lateral septal complex_NL_Thionine","Medial group of the dorsal thalamus_NL_Thionine","Medulla_NL_Thionine","Medulla, behavioral state related_NL_Thionine","Medulla, motor related_NL_Thionine","Medulla, sensory related_NL_Thionine","Mid_Hind_Medulla_NL_Thionine","Midbrain_NL_Thionine","Midbrain, behavioral state related_NL_Thionine","Midbrain, motor related_NL_Thionine","Midbrain, sensory related_NL_Thionine","Midline group of the dorsal thalamus_NL_Thionine","Nucleus accumbens_NL_Thionine","Olfactory areas_NL_Thionine","Olfactory tubercle_NL_Thionine","Pallidum_NL_Thionine","Parasubiculum_NL_Thionine","Peripeduncular nucleus_NL_Thionine","Pons_NL_Thionine","Pons, behavioral state related_NL_Thionine","Pons, motor related_NL_Thionine","Pons, sensory related_NL_Thionine","Posterior amygdalar nucleus_NL_Thionine","Postsubiculum_NL_Thionine","Presubiculum_NL_Thionine","Reticular nucleus of the thalamus_NL_Thionine","Retrohippocampal region_NL_Thionine","root_NL_Thionine","Striatum_NL_Thionine","Striatum-like amygdalar nuclei_NL_Thionine","Striatum dorsal region_NL_Thionine","Striatum ventral region_NL_Thionine","Striatum_Pallidum_NL_Thionine","Subiculum_NL_Thionine","Subparafascicular area_NL_Thionine","Subparafascicular nucleus_NL_Thionine","Thalamus_NL_Thionine","Thalamus, polymodal association cortex related_NL_Thionine","Thalamus, sensory-motor cortex related_NL_Thionine","Ventral group of the dorsal thalamus_NL_Thionine","ventricular systems_NL_Thionine"
"1-03-14-16_03",0.214991258932757,0.251759920356198,0,0.219279273283865,0.23885975455071,0,0.238986326076154,0,0,0,0,0,0,0.328948005304988,0.220064825465611,0,0.238690745599605,0,0.388197778609107,0.171779409789029,0.428740798358995,0.228159506448026,0.232888704362138,0.27349922598185,0.108016543470609,0.154499599681183,0.225849173214939,0.204853079672311,0.270688815358517,0,0.23370739187607,0.215554560916659,0,0.117526247053648,0.0887653546131086,0,0.205703522871694,0.218770978653459,0.254304711463354,0.202812026216966,0.196231145677623,0.222200662287163,0,0,0,0,0.170623277688077,0.188072610897648,0.133604747412355,0.198024687120565,0.190558981431386,0.191098676071159,0.31689800280739,0.228252169941395,0.231955492144683,0.206411232728679,0.222577408988114,0.254954155575274,0.0953065187981133,0.071872628067575,0.114725023524369,0.173909990050916,0.322630275663668,0.278991147049965,0.224295289437832,0.201781227059687,0,0.182795698924731,0.235177158228952,0.252267396015547,0,0,0.236228592701795,0.27593026477596,0,0.192769560570897,0.2160523556425,0,0,0.225902856933633,0.223084799605851,0.215373738039552,0.252539704897535,0,0.250865099759625,0.247492824256901,0,0.239259759052687,0,0,0,0,0,0,0.324473074376517,0.219526351021188,0,0.254338703704706,0,0.699936322133452,0.108815205866101,0.295028812609525,0.253375238590145,0.240838220160408,0.337883394410074,0.0826166779398976,0.142083264774081,0.253292573886566,0.198103068088077,0.268455240544015,0,0.236354127359271,0.210897139343896,0,0.121751071750048,0.0741272118603539,0,0.220229629654418,0.217059780180639,0.255106521385591,0.184008840097155,0.191127604531138,0.22056655268689,0,0,0,0,0.177676284898975,0.193722850674756,0.137515623951673,0.203069786224025,0.219390169479253,0.205520816843438,0.312054937034068,0.225712432611728,0.213480460646549,0.202488025095459,0.229034130766068,0.324700845703056,0.105886428728716,0.0718357234084171,0.187267238607011,0.139504153032973,0.331865708217612,0.284753573915012,0.202208801228691,0.258814593346967,0,0,0.215365047691829,0.245871133823562,0,0,0.23150370059123,0.272082071098184,0,0.18084110505015,0.221903108160473,0,0,0.232159875601404,0.225769361295475
"1-03-28-16_10",0.21339564176747,0.204604771949072,0,0.233504461774407,0.230454998887029,0,0.234711622176085,0,0,0,0,0,0,0.297873658366276,0.218202187396281,0,0.237960587469236,0,0.304163615681832,0.203089209732846,0.446216836349147,0.243718815472794,0.203156729318575,0.209329537033426,0.0574675324675325,0.14676209867686,0.257188836938238,0.20636265867581,0.237557009716439,0,0.228385555572948,0.207269433416834,0,0.0742532952262715,0.191840016078786,0,0.123568803825036,0.216731653173868,0.221766739284315,0.191823144104804,0.18787259664677,0.11626064004853,0,0,0,0,0.1868050874959,0.18738224216977,0.146211785556048,0.191519681109391,0.220202074778474,0.0876850445111309,0.269267423287524,0.219975310453308,0.211529806730065,0.194966395846827,0.295535886197094,0.138637485601448,0.181355455340818,0.172696817786958,0.193680716132602,0.255364228206017,0.255994932585286,0.244319905057032,0.288459484124198,0.241519630650299,0,0,0.205445455490433,0.227554767858158,0,0,0.223835307280739,0.255586542339854,0.000919399325773828,0.120030484996189,0.172661560825453,0,0,0.188593229258025,0.181313069826583,0.217758182903984,0.203277373666896,0,0.243457943222184,0.231062304838946,0,0.238139052848953,0,0,0,0,0,0,0.326953730103495,0.221266740872888,0,0.24576696393752,0,0.642504838005372,0.0919869073698877,0.34216568248211,0.253934400664208,0.20538189258312,0.206758578236274,0.0792633885237263,0.130592350037816,0.255421118263624,0.21194990018552,0.249657771344054,0,0.228322289614452,0.189807344311989,0,0.0725718101022146,0.0491570311995349,0,0.139062774858784,0.219499888595169,0.242416286605857,0.197709202717878,0.172333097813676,0.123881430321703,0,0,0,0,0.194277357036439,0.193415372035414,0.155873964905847,0.198097769428485,0.21103538471992,0.103288929218076,0.267391859052248,0.2156095247878,0.210547823305006,0.199457567115935,0.287064055278024,0.211504281790273,0.203658523379915,0.17707407669692,0.246366144432928,0.333436724565757,0.295441865654988,0.26651586758119,0.255964347428417,0.238303232695345,0,0.0867526377491207,0.206602119596118,0.230058487654787,0,0,0.224112982706992,0.255921682259412,0.0015015015015015,0.132124914314472,0.175103855313116,0,0,0.182123437257441,0.176969748995398
"1-03-28-16_18",0.211694819350514,0.206790025937618,0,0.213895159686261,0.207744431069694,0,0.206302051360086,0,0,0,0,0,0,0.245434750048965,0.20415014641442,0,0.214537902450547,0,0.253942695647324,0.167873462410761,0.351679649723158,0.191109810262247,0.223441132077124,0.211976613183852,0.067810976901886,0.133725937254265,0.210492943867977,0.202036367649899,0.219398270364142,0,0.226634670256825,0.221118846888881,0,0.108045952913812,0.000275178866263071,0,0.179400385797949,0.20341025098128,0.221507162134108,0.209955580786964,0.155565273777389,0.183846149759044,0,0,0,0,0.191650913496077,0.199827278835327,0.0949118949418199,0.210296324138693,0.224149599108403,0.151013015623537,0.260803503730452,0.209855505397248,0.21508436617369,0.183853466962524,0.310173675999109,0.19775454437448,0.144056791994085,0.163753204988918,0.129061271971513,0.182872087421331,0.314912522232227,0.260442546866689,0.262042888481897,0.165017419940814,0,0,0.193652315770393,0.234043008806644,0,0,0.20415934408698,0.279907605408701,0,0.219868296981033,0.193461798019414,0,0,0.204509127199671,0.189588739704389,0.206955717201452,0.214384481395938,0,0.235553420230309,0.236672284270909,0,0.205353561162036,0,0,0,0,0,0,0.279298265438725,0.202706655884378,0,0.235391625772557,0,0.474354777955292,0.102418393544838,0.227452105403098,0.208855009242765,0.232311728103165,0.254450344338216,0.056203752459607,0.123619756486749,0.206292425752272,0.192570582334114,0.214787464491681,0,0.229376413650647,0.229510487992206,0,0.103119247552317,0.00628140703517588,0,0.168693518842103,0.200331121204812,0.225004551929483,0.199371337439702,0.148926589076532,0.161706860153831,0,0,0,0,0.197960026954389,0.203006372739303,0.148323480006108,0.212169910587349,0.22616475843645,0.107119962545468,0.260240201116972,0.205778889800165,0.213946568706946,0.180882133115594,0.319116518567123,0.225176411290323,0.168763423607013,0.167909799042084,0.230919541507071,0.184681385371979,0.347989873417722,0.276432440680552,0.281997453562967,0.228188416530884,0,0,0.178560487737013,0.217049930715673,0,0,0.2001155151958,0.286473937749114,0,0.232772836927952,0.191278173260092,0,0,0.209118690522825,0.185119794406896
"1-04-26-15_06",0.216260029150749,0.250813933534062,0,0.265615133656072,0.278064213246475,0,0.241387834012427,0,0,0,0,0,0,0.314130129003737,0.278988279901469,0,0.286590031349309,0,0.237577906249662,0.219012922805418,0.37007280688356,0.271285366347884,0.272517084918792,0.32084521370338,0.0585452193743831,0.173733636704657,0.243204796931692,0.231353632336847,0.289147462385533,0,0.254234704202736,0.280913201254643,0,0.206696221511913,0.0448476052249637,0,0.269801558499751,0.278410357164447,0.320654501225301,0.248596927683929,0.22335659459913,0.218131996186306,0,0,0,0,0.214783887803309,0.224513292919584,0.199508193259909,0.228246179333833,0.230338820988685,0.255292598237456,0.299380273695762,0.267103794311328,0.236292105800347,0.20980928019089,0.341995269875016,0,0.183126024965406,0.171670614282166,0.196829006962714,0.18652505660902,0.338719707320173,0.281438744128751,0.290573636171808,0.249110107069098,0,0,0.237209798631118,0.295065615880616,0,0,0.241899041129174,0.302255323541211,0,0.210805548514943,0.244666322420455,0,0,0.231698168732185,0.208810326847979,0.216026380701055,0.256014628652661,0,0.290346543527674,0.294665778626411,0,0.241502283832402,0,0,0,0,0,0,0.317551524823385,0.280517064143219,0,0.295071692313063,0,0.471142739753638,0.122274738842006,0.300892722263385,0.267562557836222,0.287604134040716,0.343326983201646,0.167447649729097,0.153767831605723,0.241299623767514,0.243028793480206,0.295562979218679,0,0.259553860495174,0.258027531812963,0,0.233113423515028,0.110154469485946,0,0.280040912364495,0.279379437334837,0.309687429948442,0.243130494778995,0.219947294012431,0.227102773027242,0.0481522956326988,0.0481522956326988,0,0,0.231364900243535,0.240668012284935,0.228543873595731,0.244445441666305,0.267513234052195,0.181759852948189,0.307573355518023,0.267146299729152,0.243102336913177,0.209985525269617,0.367931846868472,0,0.203662620919439,0.199234799191545,0.249520446737895,0.216377852141626,0.356739403604424,0.304526307955645,0.332142711303383,0.244100244152848,0,0,0.214022104775792,0.289684964187852,0,0,0.241263142652745,0.299036276016377,0,0.240456691972025,0.243681371548995,0,0,0.241430949318843,0.217760934823559
"1-04-26-15_17",0.199726146712921,0.26358066627963,0,0.275609150910625,0.282890709490481,0,0.221168464107154,0,0,0,0,0,0,0.288842791993919,0.24987260181877,0,0.279596020718987,0,0.436078618779406,0.14827162295853,0.46759693533188,0.267539726697048,0.234290554087862,0.287187518980971,0.0276909334524341,0.164353818811549,0.24102097318618,0.247404804021972,0.290681915229378,0,0.241282165365248,0.221603352264628,0,0.176862836498881,0.0016974726518295,0,0.251646781345053,0.247811726620524,0.295760196560197,0.209619900843698,0.170072255594812,0.208122548266161,0,0,0,0,0.189148403393987,0.206976781942701,0.1345465427698,0.208383418050163,0.233993106483319,0.199389175690031,0.283944038120905,0.272177477770491,0.237144527812514,0.194920964935563,0.362848258913596,0.305293127992753,0.0951519462099252,0.0913509757520534,0.067030464020059,0.14971412660695,0.35200029771873,0.298473983260193,0.310130416153958,0.2106295615858,0,0,0.194708331668643,0.295322470031002,0,0,0.223440054415776,0.31052097852775,0.296718322698268,0.240104549058765,0.225910400396605,0,0,0.21743241030664,0.229256823452964,0.202172865557652,0.258904414601246,0,0.29077754594619,0.283031013170665,0,0.224141175331402,0,0,0,0,0,0,0.30117524546266,0.24252760625913,0,0.277406459701689,0,0.744959615857733,0.105364992453371,0.37056093089306,0.263201988890717,0.243817183565908,0.372560284300916,0.0945204982025491,0.142019636174423,0.243034270418707,0.253493779001333,0.287053194362864,0,0.249605469219529,0.217247517916829,0,0.185630822128784,0.00660180681028492,0,0.264542856225312,0.240234555504952,0.299549761863079,0.202895207849908,0.162092320235976,0.178008749925086,0,0,0,0,0.206112119282704,0.216498623369826,0.13699850795756,0.218930369973857,0.273202044994977,0.169932486080969,0.286483091475291,0.257670913784654,0.231798404518845,0.192363521089162,0.387978263171243,0.269491054046538,0.154257192842599,0.119933331900638,0.182286954719823,0.209576183906259,0.338710949480787,0.324133040004632,0.326682032564385,0.234897260273973,0,0,0.187043782219807,0.290500871252624,0,0,0.223395013594719,0.303783640489659,0.12890625,0.236190243306028,0.224710876993187,0,0,0.216048399187072,0.271418226071158
"1-06-24-15_06",0.230288672847231,0.270000780607864,0,0.273814743066884,0.283194940129247,0,0.230568459232462,0,0,0,0,0,0,0.340299661097568,0.267326850556247,0,0.275071237848169,0,0.345878346145253,0.186544867776063,0.424321803946457,0.258945219729533,0.261459417440039,0.351995540600473,0.137069520437721,0.16620395820374,0.211927247564303,0.256709699873587,0.268491069443415,0,0.255687146977599,0.230544951482286,0,0.11726075283027,0.182770036184464,0,0.208321574755402,0.266729021954407,0.270077294245583,0.22831279280606,0.235275587671572,0.207370227959352,0,0,0,0,0.221520466408936,0.232606039572367,0.162954546558095,0.242880677704038,0.251669815163103,0.202171064150383,0.312605021707136,0.253173364123253,0.226167959669532,0.220701143302158,0.361239749867264,0.263074849610466,0.158483829978923,0.188480441428264,0.117601921871478,0.19758519047519,0.345215026347102,0.311363709681136,0.318243161930304,0.19385886216294,0,0,0.241183941576869,0.254806104009344,0,0,0.237108234523976,0.324398168105876,0,0.219901752878963,0.231940924758837,0,0,0.238801607180728,0.315519995454551,0.233292851226674,0.278438609897583,0,0.277180428202098,0.271856780723609,0,0.231857762004863,0,0,0,0,0,0,0.358629838557545,0.268731638283586,0,0.276265941733164,0,0.553845749365724,0.132969778177328,0.344757209195666,0.259856712984188,0.270131034011871,0.432891153148388,0.249306243805748,0.152529282123835,0.248203242520475,0.260407599100434,0.278066698704376,0,0.260594766296974,0.219960045849026,0,0.127745867030993,0.147894926232458,0,0.232220788162638,0.268148530000571,0.277294619150212,0.219569967964226,0.237357479511576,0.212385169633884,0,0,0,0,0.23216067344575,0.239202928196716,0.201684130551774,0.243459271153714,0.275172750166988,0.237853705761569,0.312446329314345,0.249899799013187,0.247742051231207,0.21380197681788,0.363619301370468,0.296342959450947,0.184789657394114,0.176955711710982,0.181130633447361,0.271400961840982,0.369637964335444,0.30653690343169,0.348256819189164,0.245330538261253,0,0,0.226335254554842,0.248930341776387,0,0,0.237341532748252,0.31750096114008,0,0.232153281307607,0.238370521086534,0,0,0.237541239905836,0.356163042606114
"1-06-24-15_08",0.232161897529976,0.256544510111803,0,0.239266461372184,0.216760245979909,0,0.245865640602852,0,0,0,0,0,0,0.343904202960697,0.264350075060718,0,0.25881570409459,0,0.3896386459242,0.1965349211261,0.481084386020461,0.254502905273408,0.263407372684616,0.285819614485893,0.190820536815688,0.169002299316992,0.263497334057022,0.250486859451282,0.276335321098561,0,0.267663664025688,0.255285117050195,0,0.133205514665301,0.133895904638263,0,0.224346170106312,0.264741257110315,0.287974778176971,0.224848523066498,0.234614891198082,0.204610995278401,0,0,0,0,0.192750790256504,0.211997407386943,0.18186919628098,0.221661554847802,0.209188700017187,0.182045399318979,0.327248864405453,0.25765496029673,0.207308138541446,0.209466654800652,0.391514246807024,0.212554197871502,0.115654183915082,0.108599363823848,0.0837650358737976,0.177572762758244,0.331471659794027,0.305784147945353,0.351169101611819,0.186964790521049,0,0.454106280193237,0.256170378515092,0.257520649732158,0,0,0.242641947734996,0.333522898317462,0.220792103458411,0.214594028364895,0.221287921898395,0,0,0.209350669225815,0.269072026095534,0.238951899549325,0.259278895483195,0,0.272574077058166,0.243419692922222,0,0.243236574271397,0,0,0,0,0,0,0.351607667827584,0.264788171863564,0,0.275275741315204,0,0.640162791643707,0.114413758815213,0.432457915218454,0.268619382819543,0.266203871021037,0.347982828809442,0.190066035027275,0.143878159540592,0.262497090851186,0.257399941195188,0.277392392392392,0,0.269550071061678,0.233670226538365,0,0.137414060209918,0.0784595805898301,0,0.27644738709671,0.264032199141887,0.307459361145845,0.216992434948516,0.230695203451485,0.212793302959499,0,0,0,0,0.210315307083679,0.220798962961171,0.194455032512849,0.223693817501201,0.250389612855978,0.209185202740853,0.324154177827942,0.254238530143517,0.211492023370099,0.195514697227065,0.392427911413388,0.253082508894196,0.166490467530855,0.16447522072969,0.21910466884684,0.17962847616605,0.323453965847485,0.321827931551139,0.363729270795406,0.252625438828728,0,0.227053140096618,0.226072841133817,0.23622437989264,0,0,0.234645876443433,0.324025556837905,0.230585533869116,0.245167296424073,0.235192109215971,0,0,0.219687440062373,0.319655913790986
"1-06-24-15_13",0.219017377581672,0.230187798704028,0,0.240481097620327,0.25695414015146,0,0.251927012492125,0,0,0,0,0,0,0.339132016357567,0.267920041376526,0,0.260344359411574,0,0.370507328129126,0.257313109738331,0.398582690183288,0.254464753783245,0.289125370605676,0.299845393754513,0.267938060309698,0.166582765139446,0.246536428621324,0.235293795840065,0.265394220478059,0,0.260475551667059,0.240224905972129,0,0.0679443880842026,0.0835513155870134,0,0.237799827542234,0.26845946520416,0.287946493859338,0.230686166597551,0.213404836276496,0.214711344936315,0,0,0,0,0.204781554737137,0.218403595876675,0.138585788744601,0.220233067737124,0.292779195223746,0.172407557354926,0.278136456727208,0.252885113277375,0.191947638472179,0.173800952252483,0.314505224840915,0.120948399917769,0.130010735027948,0.150780961408449,0.0567725018449939,0.227426508279659,0.255118897350965,0.282985256545484,0.260287683962349,0.226205611431477,0,0.0506706408345753,0.229982108716995,0.256900208160518,0,0,0.231632907454595,0.289927660219618,0,0.163903247829903,0.221738034119328,0,0,0.22146873895849,0.261949430198465,0.226990931647125,0.255925490571347,0,0.257075235749829,0.26640556118685,0,0.24988434759126,0,0,0,0,0,0,0.346239448549815,0.270822457486416,0,0.267039394500644,0,0.658307671597085,0.143213146870996,0.35316807835539,0.264503468110303,0.254529924516074,0.4016830114342,0.252042407234175,0.14668211747171,0.262920964599778,0.24777325278275,0.273438434911334,0,0.266644164085393,0.210606701641564,0,0.083031715494719,0.127118644067797,0,0.262392948990038,0.271096525303422,0.29133770051009,0.223385870350106,0.232330363924422,0.211963761916402,0,0,0,0,0.219103034199096,0.227511932938001,0.169145651734117,0.231632534832721,0.286526981650443,0.205478310754999,0.276333054005778,0.248447548302732,0.211918194865967,0.185639433003106,0.408703326058698,0.272802028369766,0.170633463062756,0.173560581114144,0.183266700197939,0.281404919390984,0.256345270890725,0.330619720967629,0.330750599291237,0.230803976480477,0,0.181818181818182,0.223826442788698,0.241917307714129,0,0,0.233141959055565,0.325333043975594,0,0.205634289205594,0.23062618627163,0,0,0.226568689133542,0.350532876240748
"1-09-23-15_04",0.193039722090052,0.213467217646735,0,0.258967684978005,0.261013122548555,0,0.194315762350709,0.113283759585549,0,0,0,0,0,0.283353307886759,0.223923746410819,0,0.257756273642505,0,0.323075767285974,0.226624537625962,0.479198173930917,0.236524640106413,0.244639761280708,0.29571442994412,0.226191540731467,0.15958391140581,0.224524257972332,0.235754270130616,0.248569745201175,0,0.245639275910766,0.240404332874555,0,0.0947936316100355,0.0127070686284597,0,0.196466166892942,0.221578545215623,0.27944890077243,0.223004435656642,0.199330135633763,0.176161116744506,0.186868686868687,0,0,0.186925448236774,0.194404831714008,0.207542035570314,0.14529213457809,0.205213755114036,0.242431844431046,0.158263853584138,0.285938205786986,0.240082255385466,0.216110700149699,0.179044109402316,0.384712328296556,0.185549525101764,0.142022295499951,0.182204326411797,0.116145925083676,0.157229357686897,0.294985277058981,0.286079150159715,0.377334762126206,0.13740357634892,0,0.073469387755102,0.19270055731798,0.236291835927402,0,0,0.203720332397953,0.310206441606277,0,0.147405513114959,0.19814207306704,0,0,0.189265803066328,0.224731781783432,0.208463128359176,0.219883962287744,0,0.263080146073336,0.27235073933584,0,0.189917135713234,0.0679161475543037,0,0,0,0,0,0.29202035643883,0.217867216478338,0,0.262659682290922,0,0.628318732700938,0.103329999444012,0.522912711299329,0.223553172157699,0.245131966651838,0.323360254527655,0.0929130613926658,0.128473719080539,0.225135802894259,0.254026993656367,0.248142051530062,0,0.251696208235221,0.203828615896538,0,0.103905995637384,0.153226532265323,0,0.239750142960118,0.214503374399816,0.279258511038922,0.21679308671934,0.211839459102153,0.176691466796244,0.0671739601897165,0,0,0.0666386618803941,0.204477308343154,0.213356565069271,0.195570677279511,0.211783450706551,0.247958948554917,0.12978894210689,0.288452823702222,0.225821039443678,0.232709957629933,0.178772055225885,0.388732007171864,0.160231898359442,0.175032564410236,0.195825521287982,0.184084612344847,0.191012393147722,0.370781598878602,0.336213486811673,0.385616378607378,0.212075289028055,0,0.102040816326531,0.188492719938586,0.224638681400736,0,0,0.202550729027203,0.328476379876315,0,0.166948944860449,0.208568349818114,0,0,0.201034157138729,0.238018734687648
"1-1-11-16_12",0.239616638288082,0.246386664276038,0,0.247402174389483,0.235113767547389,0,0.204142445543105,0,0,0,0,0,0,0.28128177224632,0.233350536148569,0,0.230041203481907,0,0.366924608321431,0.173979301703427,0.436640574387351,0.214316370055067,0.203847139281421,0.283533143164908,0.111910173343736,0.160156358731544,0.201352577675986,0.253651985235893,0.273679088009405,0,0.250637522379366,0.247823387616263,0,0.122624593649423,0.128454719276899,0,0.252197568237101,0.233579201415531,0.255019592754603,0.226030934814821,0.204930898898275,0.209867079206016,0,0,0,0,0.223638330905935,0.227874486132746,0.215665391240319,0.225380202567654,0.282698609810674,0.2120675911876,0.248965185188734,0.205509180865915,0.187523125567628,0.193652928402245,0.434769771717687,0.284465943668565,0.191635752903441,0.199186425089222,0.199022763148354,0.226989793172727,0.272545293012899,0.280776091954023,0.335172735595223,0.192130609856563,0,0,0.206365614850198,0.242297810833957,0,0,0.207342461665424,0.292025884646506,0.257520709199244,0.209309490574817,0.229116001041202,0,0,0.226758814129251,0.258573028547705,0.241835553340882,0.248398949053738,0,0.245789735370667,0.242842481974633,0,0.203083863528003,0,0,0,0,0,0,0.289224558691939,0.231224136631457,0,0.23627074934981,0,0.673665391799342,0.111918845743437,0.31584035621259,0.227823517855092,0.235022166134321,0.362733097197625,0.16842330369963,0.148275984319548,0.2126711852066,0.259902297713428,0.281720741599073,0,0.257653662221833,0.213968660292489,0,0.12336629137135,0.0803874092009685,0,0.271553429666174,0.230867373147749,0.241968170600286,0.220388479141005,0.195683829343137,0.205343119290071,0,0,0,0,0.223169009253384,0.228938334722288,0.22201864847283,0.227952874022294,0.276694270713236,0.214617336727831,0.254847903748955,0.200861087763045,0.182054500957381,0.191847816970631,0.406450269664395,0.238625381731029,0.189098784579476,0.181485618885111,0.24026151826628,0.175122656065046,0.308376241523874,0.292200791616032,0.337095224860179,0.244141839801971,0,0,0.187596504979591,0.24368700870128,0,0,0.205540810611831,0.290632290468812,0.235554184659675,0.24802044933336,0.235460136015652,0,0,0.224072709499888,0.272841488479485
"1-1-18-16_16",0.223337631691106,0.240824287560176,0,0.248039496744145,0.252900563150272,0,0.233442066526468,0.198396839029147,0,0,0,0,0,0.333937697373009,0.240721153544994,0,0.256840301970499,0,0.454630335335019,0.175843983883231,0.430204290527573,0.258694286965961,0.210933824608391,0.287973727652699,0.194259640859582,0.151134888475328,0.246489723271077,0.252820305389827,0.26386165577342,0,0.230782496334002,0.203604975443903,0,0.112806685277692,0.170027564195561,0,0.209760113570695,0.23980804375324,0.234863028562843,0.253552584492214,0.202003147645428,0.22230245728257,0.185378010685694,0,0,0.224652471315093,0.166666131786221,0.198714640896937,0.110676758901976,0.208472243294053,0.213886481953081,0.183008316790575,0.301102386349457,0.23412544887194,0.227463512810887,0.21227770211392,0.218168405461289,0.275264545734735,0.096192544373794,0.0734218261762431,0.0677143659869577,0.148509590435611,0.289408928340158,0.281280298232998,0.197662393138373,0.219356686477883,0,0,0.218571622083494,0.260311976733938,0,0,0.233829101011198,0.284140499589446,0.250303632549409,0.207209132810488,0.232226577816569,0,0,0.240988222324646,0.161356114551904,0.225570864266303,0.246567017012975,0,0.256348948262532,0.260666266542509,0,0.23528393514677,0.275014341882495,0,0,0,0,0,0.339247388753756,0.242333400258372,0,0.26197488561749,0,0.689363643406182,0.107949816882585,0.345804290993985,0.262740945956125,0.25437728408571,0.368291200090487,0.195075360495725,0.137208089895474,0.247704271967248,0.249690280909965,0.261600636147683,0,0.251382432002128,0.193719629755642,0,0.121110537283933,0.187535014005602,0,0.225378398073104,0.241168400768197,0.255089939115086,0.247992065455574,0.197992780940856,0.214292210530294,0.10958804810334,0,0,0.163379551079074,0.196425983104047,0.221454793686241,0.163905577645046,0.227661980503088,0.246146241599939,0.190901466451243,0.301133999573886,0.23012272794202,0.215087699531761,0.207435720862575,0.258699831963083,0.248518854115843,0.144567094665448,0.141844128762139,0.171680798373396,0.164050859969357,0.284448199615295,0.320215267277048,0.221388568486878,0.245103301188908,0,0,0.198386184407547,0.248559792213859,0,0,0.230355749116159,0.299353330514152,0.319099342687987,0.23608564535585,0.236309273794709,0,0,0.244009071199914,0.169369970835237
"1-1-20-16_17",0.223968056143245,0.235389885367498,0,0.237989321865873,0.242282054294984,0,0.227540471398063,0,0,0,0,0,0,0.278193843310801,0.23098818053199,0,0.239751878545533,0,0.344482636331396,0.194637893168588,0.408326320710612,0.215279855671918,0.223338438256345,0.268171153710344,0.0269639794168096,0.166199412369498,0.22739326954617,0.230281747221076,0.24550804309327,0,0.244922878168578,0.216336609081512,0,0.121267553933918,0.178232572727986,0,0.232458664834706,0.23034703555246,0.262144548750773,0.223035276729061,0.198683413094815,0.208450531245286,0.153102841380244,0,0,0.230602569331158,0.215315817747789,0.227595469619669,0.191551751008699,0.236168252202127,0.245049285580644,0.210668609744055,0.275222595803515,0.216058878253205,0.195384708657819,0.21268659331067,0.37548600665185,0.232340276969626,0.169831227766033,0.183327093295784,0.209711869227591,0.178374977982436,0.293989001959421,0.308471265342035,0.347897140029655,0.230703089807286,0,0,0.21842484891183,0.250123998893502,0,0,0.226178575596233,0.283267080820048,0,0.221276301218162,0.225398812933533,0,0,0.230134137569243,0.18254473668953,0.216727872964803,0.247497096145528,0,0.249146753199019,0.243419569456132,0,0.226389826415072,0,0,0,0,0,0,0.284237505339598,0.233268891360015,0,0.244705908332377,0,0.640244449136243,0.115968347814634,0.333280574418961,0.227462669992658,0.248256824120778,0.30400804759825,0.0764703969828007,0.152785172325475,0.223490800485886,0.246361569829419,0.261837092580275,0,0.250732080040193,0.218030950652795,0,0.124991009300966,0.153406113537118,0,0.233691650714181,0.232367783577147,0.273215630234023,0.229989952075951,0.200023279220557,0.203640076069572,0.18283394347381,0,0,0.266960530982419,0.222205818867183,0.233736513060702,0.221210021920996,0.240328105872565,0.25308035067323,0.226132852998775,0.282718988375875,0.207982076649065,0.215519181214387,0.205467321418038,0.346121842854657,0.309350333940498,0.179464015758853,0.185297128105164,0.231534877101245,0.193047250653624,0.3156713921836,0.317430697198957,0.336243811585667,0.251757021468089,0,0,0.197422640436367,0.239913988205041,0,0,0.224273080742881,0.303206524348246,0,0.235381415280452,0.233624816671519,0,0,0.234482578455899,0.191337576961375
"1-10-14-15_07",0.225794787568951,0.249010865264632,0,0.241635474479772,0.24238405162984,0,0.229684181664214,0,0,0,0,0,0,0.328016414797918,0.2266351573061,0,0.254974501828284,0,0.405569203728947,0.205219904802348,0.417408325217676,0.250855154284085,0.202975283409711,0.304166435330229,0.0320487613055446,0.169188649190503,0.249944615929935,0.231417901870946,0.22647761538949,0,0.242985558702969,0.237093236639694,0,0.109965731210284,0.111964990927527,0,0.224543876618128,0.224431661045498,0.287953180217369,0.237711639453358,0.217121725837169,0.189136462537363,0,0,0,0,0.228443278817887,0.234818773221589,0.154180336560553,0.240339228406327,0.287669101879112,0.206580115523307,0.316522305239929,0.257758195703185,0.232168636665623,0.211867825639283,0,0.136547811993517,0.0813765090940052,0.139275766016713,0.0857757713269865,0,0.274507003512335,0.324076082279026,0.230603947998949,0.15401926227378,0,0,0.239766803243663,0.26524850437443,0,0,0.235267168182944,0.280743932758302,0,0.168427742909351,0.218549126761599,0,0,0.221872473095883,0.234364974155788,0.229966415577186,0.241649110048476,0,0.249513061911591,0.260906527257302,0,0.229508958101977,0,0,0,0,0,0,0.32628924254283,0.225435627346446,0,0.261436691817634,0,0.603384030131637,0.129753306251822,0.333130404532353,0.253652490980907,0.202493236455413,0.394933688219907,0.0681139866715728,0.153611778997193,0.253474891442106,0.23166517223343,0.26145689711772,0,0.245257394344915,0.184512338948352,0,0.134108394597367,0,0,0.256041820181762,0.222535826401803,0.300290120246383,0.229499976758745,0.212610426901314,0.189824149176496,0,0,0,0,0.233646745276257,0.238394099741584,0.17702019642535,0.243276762391642,0.269086168744386,0.188095080244993,0.313717068579334,0.248488391165158,0.217808964264826,0.202894452500584,0,0.185072610604526,0.112087379900201,0.551148225469729,0.133071246938425,0,0.296724060444685,0.348966225952141,0.240024109047074,0.252928830884158,0,0,0.214948026614649,0.259770739961114,0,0,0.230605013105703,0.292907752051994,0,0.217943813777663,0.231360183104781,0,0,0.22792263406601,0.221756863649847
"1-10-14-15_14",0.238492439118108,0.234294964149226,0,0.252501475228981,0.240972989223138,0,0.261545354860859,0,0,0,0,0,0,0.314647676352235,0.254304574184644,0,0.244499306847186,0,0.387797930383771,0.261505798992045,0.289670277756901,0.224376538814587,0.236030068532115,0.162119240162029,0.0828968602247954,0.181748010166472,0.227159077286661,0.256042486383812,0.213695252339471,0,0.264637678262899,0.255970064633178,0,0.105785686197208,0.131530894739942,0,0.226207428035975,0.25498469926075,0.240241618685533,0.246507483476266,0.191690950469745,0.175260841564153,0,0,0,0,0.212107273921655,0.223015833197579,0.0930192061459667,0.234460413656119,0.217379709584401,0.151514568412464,0.285104563097367,0.252600674100801,0.229565546762998,0.215603258419856,0.446615681463876,0.163750356226845,0.104576750394008,0.143389008217656,0.0609007648003021,0.153641972108456,0.320685380878449,0.315647508670006,0.358943507294297,0.212546757498958,0,0,0.229573458652699,0.267565424266455,0,0,0.247704988382391,0.306423884256346,0,0.247885726359335,0.219208836545739,0,0,0.2394781206258,0.143508420556859,0.244898952627777,0.257125410754529,0,0.276345780223252,0.269350942481136,0,0.266544726209227,0,0,0,0,0,0,0.345221925921391,0.258193262692264,0,0.264428387211998,0,0.649360521735527,0.160391217601716,0.250401707849669,0.248984881209503,0.243182353775944,0.194119870341187,0.20684884962625,0.169445654066454,0.215609429179172,0.263919247146213,0.30443890662721,0,0.266198801988905,0.231639274969542,0,0.100907244837059,0.197832135404591,0,0.238793846633714,0.257688487935425,0.263929899452997,0.240060948922857,0.188170298132014,0.186372306554203,0,0,0,0,0.232588395614661,0.243529307862354,0.207581312276744,0.246750810585118,0.277803241958805,0.180979325668319,0.286138530252665,0.250837205378465,0.213473234186207,0.205090732215335,0.404432845028851,0.220312294974413,0.121640398981739,0.176154599211799,0.0976684581179921,0.108809872922776,0.305648402997132,0.31218604547207,0.353079089278405,0.249884412032817,0,0,0.197894528847104,0.26101800833378,0,0,0.24156946268741,0.312385978068802,0,0.248930829956392,0.229259818194186,0,0,0.244851859100302,0.14937442800709
"1-11-09-15_16",0.21614376146997,0.230714996639463,0,0.232508189846216,0.228712763050014,0,0.24322361120098,0,0,0,0,0,0,0.293031455878259,0.237047191472326,0,0.222868861171676,0,0.297929824519007,0.239208691747506,0.433314548907545,0.212778847754238,0.249344679000007,0.176197527785139,0.0246144094654553,0.168277002005503,0.198820645533404,0.237900302008462,0.207267045245031,0,0.246802019418792,0.22324539543926,0,0.0871147942244072,0.0615817043567139,0,0.17977246565742,0.238113187554873,0.200177892547163,0.212693034393482,0.183726256934586,0.174482494718799,0,0,0,0,0.169219651156653,0.184660785583766,0.0582083216918481,0.187385143929427,0.248398131217653,0.149019520950123,0.256027590145796,0.240647910954274,0.210015832034444,0.19051159117048,0.210388674475626,0.183083981647716,0.0981345673738593,0.0803318095022443,0.0993941338865258,0.174559570020902,0.264403573828426,0.303888056415309,0.315661379953758,0.184732598944972,0,0,0.21049513901293,0.228890061295759,0,0,0.22568254040141,0.297957972888955,0,0.196326806584703,0.201505069368737,0,0,0.210556763331362,0.192951016271746,0.220432982310986,0.248469720886132,0,0.234872851755499,0.232633494967963,0,0.244456534648331,0,0,0,0,0,0,0.303871602288984,0.241295839916594,0,0.231184610961277,0,0.555469366941806,0.162481769323432,0.322311389838793,0.214863113267799,0.246309864414626,0.230139484417486,0.0997117057015558,0.155368198573398,0.21113165085999,0.234347410323126,0.264192377213472,0,0.249583109755256,0.198981884430841,0,0.103520614253194,0.0641121031746032,0,0.205746349962357,0.242162369187985,0.234866602195802,0.200305823883368,0.190115758000256,0.184930923151093,0,0,0,0,0.194309726779186,0.201961964972435,0.132905854042133,0.206805922133656,0.246546972749619,0.180274695723665,0.256448356767627,0.232360792716301,0.211506119846059,0.187006837815992,0.282331799884991,0.231086159279214,0.162154416592638,0.15709062516423,0.223347978407523,0.158152234438424,0.276590266958887,0.320713365502626,0.343333342435007,0.241837308082941,0,0,0.20337384796757,0.235689423992849,0,0,0.225045350187595,0.292688142519972,0,0.248002234254363,0.212482774687842,0,0,0.21639190176084,0.217784486862377
"1-11-09-15_18",0.222058815889442,0.244564742561009,0,0.228131255492843,0.244335100777717,0,0.205591203675796,0,0,0,0,0,0,0.280391496095295,0.222086999956267,0,0.236415497331412,0,0.317758540562255,0.190324284404228,0.425370486152182,0.22803766750698,0.203420549542108,0.270900299268455,0.0546284738190658,0.146591513151098,0.203953420099814,0.224483347613799,0.24212969750281,0,0.232570154571558,0.194164098157101,0,0.0948915245341679,0.0271366810774859,0,0.227630537592896,0.221065261476376,0.233139162587015,0.21024269825772,0.181571891475704,0.204734650088307,0,0,0,0,0.184637750738116,0.193007315293967,0.0784938925749654,0.202020961244169,0.212447854044871,0.174558734899981,0.27086460892778,0.228620576942613,0.18558227792594,0.191859234537209,0.210871477807463,0.241332232664465,0.11847337733136,0.101616073428907,0.147804852595878,0.198298792370169,0.283865082791371,0.308240273456399,0.30031185031185,0.163105158006053,0,0.0043731778425656,0.201779045365021,0.229367290695745,0,0,0.206954595518132,0.275449877798802,0.244703389830508,0.219681748534839,0.214309070004242,0,0,0.228421108212129,0.175302390392006,0.219278245210245,0.265144547556051,0,0.234440424624818,0.241096581510929,0,0.206771962488494,0,0,0,0,0,0,0.274812381614597,0.227737711827669,0,0.234670313497857,0,0.69164347559806,0.107978615521742,0.286913843249311,0.2268756623353,0.208973157906263,0.329339865359166,0.0812087446254466,0.135178899150226,0.205080350477388,0.223170819393396,0.250050680078385,0,0.235003265785232,0.184993054274146,0,0.104496317558791,0.114663871052287,0,0.239438486431561,0.227228013996641,0.202427895076951,0.212016578294206,0.177698700355848,0.208415914909824,0,0,0,0,0.189359768336064,0.193853248418835,0.0789624127743326,0.200628004454906,0.23878879276133,0.171977588856293,0.275638179940995,0.221717525478829,0.198038669907263,0.189473271044976,0.191343811247111,0.243872471803919,0.156011962977137,0.135056976275253,0.241832013112272,0.108351810790835,0.323751322670184,0.302939737860939,0.322874828207068,0.195992037115368,0,0.0043731778425656,0.198711114805285,0.226950447393168,0,0,0.207586492650258,0.274107134915356,0.0889830508474576,0.23238558345196,0.221211079295311,0,0,0.234962232214798,0.214357313593955
"1-11-09-15_20",0.229499988352183,0.264038372675113,0,0.264598268868454,0.23440993845163,0,0.213675015572714,0,0,0,0,0,0,0.310123258179754,0.24358245360895,0,0.251835989211517,0,0.28449301451088,0.231218999729154,0.482276506835962,0.238238012291155,0.238877548226948,0.333877132808185,0.0729665472323611,0.170536946885962,0.218981422707461,0.238902322142766,0.291099980735889,0,0.25153732767969,0.195869255566384,0,0.126852221154602,0.0527806385169928,0,0.239870914059932,0.24300620638287,0.285933132020611,0.243306811603217,0.181497891797453,0.214014571204848,0,0,0,0,0.21435738197747,0.224212580885636,0.147544488827983,0.22567910161225,0.253574649407773,0.235708463198274,0.266867093998781,0.252560870525372,0.214430392155564,0.196936015648648,0.351007751937985,0.12667447002211,0.149437647192686,0.186517785320489,0.116052299961286,0.176931860160527,0.28552074201676,0.324799782122097,0.325246644023937,0.212365389684477,0,0.15748031496063,0.191742923423355,0.257302194423195,0,0,0.215776883024627,0.282454568523975,0,0.226605917529372,0.239941988094766,0,0,0.233721789475224,0.246439277712322,0.23157288579218,0.27521777271178,0,0.266865579669599,0.249444290915208,0,0.211967858477612,0,0,0,0,0,0,0.320315080794123,0.238361094640107,0,0.256583797030376,0,0.538484627965579,0.139507575803078,0.479086908210451,0.24092543640062,0.251501914229533,0.432282299373933,0.139565627950897,0.148088080315601,0.221443023760845,0.250350692193834,0.299743947961059,0,0.257788230887471,0.202396883623957,0,0.137626010342987,0.0231512484454224,0,0.266846557931345,0.237088983762557,0.305316520095937,0.232398119429482,0.190629429000673,0.208668419062145,0,0,0,0,0.221220781504279,0.227198477235307,0.214532125393643,0.22619635931479,0.25613989361991,0.279137379370607,0.268671857038939,0.248997841566642,0.210619095145493,0.194846990318857,0.324297665126732,0.218151737177972,0.185715674619607,0.168773293914116,0.204637529738543,0.227811271536588,0.304263703590343,0.320453894518624,0.346098864289746,0.259676662493355,0,0,0.178473961142645,0.249115595114174,0,0,0.21344717418644,0.294951234308422,0,0.228539762681749,0.248323530326854,0,0,0.236801699915141,0.325602038943336
"1-11-15-15_05",0.218198421102348,0.243828209680059,0,0.252683484361896,0.26310435343379,0,0.234571397841044,0,0,0,0,0,0,0.320526841077041,0.231106732849418,0,0.255143090415398,0,0.35614665800593,0.189690354115555,0.526699757997562,0.242580706536511,0.260896490767246,0.269711436341541,0.0626579917947868,0.154282656997566,0.245125130344108,0.228322010373292,0.274072398843235,0,0.247917699149825,0.183285529037456,0,0.0826510315814578,0.0757151282807431,0,0.202743406894111,0.229419689456573,0.280025119711123,0.232684513876229,0.192706053068362,0.199979768475491,0,0,0,0,0.198158857539725,0.206974294573855,0.126194598203542,0.210235537833578,0.254167609929641,0.137206417556476,0.298198874934485,0.252251689865503,0.205732022906358,0.196288459154193,0.305411769892323,0.297987358616101,0.139636693887188,0.125848663941488,0.11410997078505,0.189841741129454,0.277469550922813,0.280910623576809,0.279195594447195,0.179505307074832,0,0,0.222082399302834,0.254299739096096,0,0,0.230488534087512,0.289897282107617,0,0.20612533622105,0.212831728573948,0,0,0.221603885066087,0.213504108952078,0.219817915828486,0.258056719778827,0,0.254372080108203,0.261571811018501,0,0.236672774173608,0,0,0,0,0,0,0.323268215764,0.232740455845799,0,0.260015171826358,0,0.656395371295188,0.114391769744019,0.431624745309426,0.25370862965952,0.260342193959512,0.356437019093759,0.196041308089501,0.143949934451185,0.2467665346171,0.215926367680408,0.264015032884435,0,0.250579551327793,0.194804044142982,0,0.0887358800486325,0.106671926067846,0,0.219063385154875,0.230849792379416,0.273053297718224,0.221930624490961,0.184112741926479,0.188310553647389,0,0,0,0,0.21557354765094,0.218125409132819,0.168372891165204,0.220624430186029,0.2665428777792,0.158484313424433,0.297053846919478,0.250244672362388,0.224979128913255,0.195975346522024,0.326023885978255,0.288683881883737,0.197598150458794,0.185191474581014,0.25468894301989,0.199702041385877,0.318820815079817,0.288617430814165,0.284345542711026,0.227261697403236,0,0,0.196955845911478,0.248042132077987,0,0,0.229396609567345,0.277504025249516,0,0.207679510813363,0.218655818984264,0,0,0.225892170263422,0.248466872449599
"1-11-15-15_13",0.227062379996767,0.258486633513638,0,0.245089077651658,0.243090077353062,0,0.252420504664914,0,0,0,0,0,0,0.317393355594337,0.24937749226833,0,0.244963462590979,0,0.325736154898027,0.254211304967541,0.346468574395474,0.23841191571994,0.240596852611857,0.27474014310042,0.0936993738780157,0.172329233155895,0.233308934534974,0.224458482101987,0.234630201175967,0,0.251135203155416,0.224405835657995,0,0.0954726062472528,0.280874899973326,0,0.211535222601351,0.249659311306345,0.231598415236441,0.230545138108637,0.215067616643033,0.201502620774287,0.17799043062201,0,0,0.219269102990033,0.213507050411262,0.222247334950387,0.13880479501425,0.229676285820957,0.234599435154921,0.19182674963925,0.284768263337897,0.255295913582193,0.226117751439878,0.211540932921689,0.387245221884099,0.157363024740451,0.173387681880382,0.201068197849638,0.190714378326364,0.16271344693229,0.257319208016419,0.22588644571399,0.328875044499822,0.158654304721412,0,0.0287474332648871,0.231765409175619,0.256723188918164,0,0,0.242539600465239,0.290317373210568,0.000303232458002305,0.187052200614125,0.217095624090078,0,0,0.225835614416445,0.258093922057233,0.229932271630909,0.273898490749757,0,0.254458610396236,0.248580027453087,0,0.252952419635274,0,0,0,0,0,0,0.326249816805607,0.255485632135765,0,0.255808782226569,0,0.638093381035545,0.144590403625317,0.212500055239585,0.253605722315469,0.247315793779158,0.353641997911496,0.183157579836961,0.155248087537122,0.227327665030636,0.232778376921003,0.275407424559205,0,0.252467813027936,0.225614454679998,0,0.107940617979236,0.133601429848079,0,0.272486547157348,0.255463291839034,0.246813905966111,0.216320610054292,0.205138110747465,0.202130985564334,0.21287386832251,0.172760887428102,0,0.224919891545477,0.221155833853184,0.229421687353659,0.156791803502091,0.236566359072378,0.256250073517696,0.226126837442948,0.291377373708048,0.2499838799932,0.22427020080517,0.210073317608472,0.36904539219354,0.291066657978758,0.186049355966045,0.196393241570282,0.262663271591219,0.160942993470618,0.24241545333256,0.211283503590573,0.352246934159792,0.194102647730305,0,0.00410677618069815,0.223924017335972,0.265808103254858,0,0,0.242302978182658,0.289094094503967,0.155445112327479,0.227062593693055,0.230036288621041,0,0,0.223601332929415,0.231419922073031
"1-11-16-15_09",0.237484794060383,0.254104530570452,0,0.243541696391989,0.226518913545378,0,0.220697881718742,0,0,0,0,0,0,0.270071313549574,0.224154263872385,0,0.234378839178556,0,0.633684038445478,0.110642948616515,0.353989366487342,0.223615873080278,0.219154347585902,0.23483130180687,0.00555534560296285,0.140487849137063,0.228842425599951,0.236957053168568,0.28152425281006,0,0.247356587134668,0.212361176377535,0,0.0920384273669694,0.230130057803468,0,0.212470397317123,0.223477464075232,0.249585898923927,0.212196179875101,0.219563399724517,0.177996724390691,0,0,0,0,0.186983204207462,0.191574733000786,0.120321536272372,0.195653037278162,0.227889065690142,0.144535050264836,0.249823938209039,0.214993289505865,0.17996103004609,0.182956336326284,0.337528481407469,0.276412302149016,0.165206799429128,0.094105259824567,0.268163176439746,0.217194415163842,0.330641186061502,0.294176718219882,0.317997043257929,0.231430705529623,0,0,0.197275925334275,0.221043305532006,0,0,0.212402427707786,0.283952432413397,0.0289026437263953,0.208883608630667,0.211644387812308,0,0,0.223514238025391,0.215147525583217,0.236116042605702,0.258197900280153,0,0.240006202224319,0.226554566870285,0,0.220756124060449,0,0,0,0,0,0,0.268871714997173,0.222320202589503,0,0.232829381668914,0,0.619805947558596,0.111783333460408,0.353775757137955,0.223155489715452,0.21910069746135,0.233803222923693,0.00565232437420694,0.139903277774789,0.228842425599951,0.237955573482382,0.280414708429421,0,0.246634614726124,0.213963289679197,0,0.0911696346469673,0.127501949571094,0,0.219036255286493,0.221642420980909,0.249546554403635,0.211947102430783,0.217130487074953,0.184047407389459,0,0,0,0,0.179840346788004,0.183121515324917,0.104485268277199,0.186568536429273,0.222003890853796,0.15705517793344,0.248295229130851,0.214295433590291,0.179411301000512,0.184910159455569,0.337528481407469,0.275495424320232,0.163544096732744,0.0925251876608435,0.268163176439746,0.217194415163842,0.33077408735259,0.294176718219882,0.317997043257929,0.231217022132628,0,0,0.198476020449566,0.222424951291088,0,0,0.212273221835947,0.28407007174129,0.0284719275033078,0.21750853581222,0.212596753687497,0,0,0.223956518798422,0.203152556742358
"1-11-2014_01",0.216241414188689,0.251548177587297,0,0.246094579293751,0.260367827857453,0,0.21626893139487,0,0,0,0,0,0,0.312938682397401,0.216513635360419,0,0.263047743815393,0,0.37548754305649,0.214597755225486,0.420533364074779,0.248977521932935,0.258074445032985,0.249384209324773,0.0279882480284521,0.161322558558457,0.234272973403408,0.232907054115888,0.278302621839573,0,0.258368255138642,0.254458688972599,0,0.227097907628553,0,0,0.234218582703051,0.213239035106848,0.288126722072057,0.223642617982984,0.210753799174437,0.220062988022646,0,0,0,0,0.218281622986486,0.224229392973833,0.205039040109863,0.233371365491965,0.216849521120193,0.240950239561138,0.294566424536774,0.244250998665745,0.252198493866443,0.223969834633394,0.431895268414507,0.208587860186537,0.192215200199387,0.202724776220135,0.202503198196389,0.179824881545917,0.357678133688696,0.288296905431725,0.315243991121847,0.202849229441105,0,0.0811808118081181,0.227327893597007,0.263164819646889,0,0,0.22947589977131,0.312548766546886,0,0.254553644501684,0.228063508653795,0,0,0.222148733704656,0.228886241882335,0.221059207052785,0.259219410795933,0,0.255876492717332,0.272669100599133,0,0.215125132776746,0,0,0,0,0,0,0.325886613147357,0.220017350763135,0,0.269045670594043,0,0.70011085844691,0.111027909507891,0.358573792546398,0.254141127286052,0.256673059094064,0.352341315144246,0.0757756224831263,0.150165939214319,0.225285806640549,0.25279584089105,0.297549680808654,0,0.257298515721633,0.245379098063931,0,0.259754064368508,0.0358096434741637,0,0.239918261812419,0.216521794990757,0.278586977464939,0.203830316343783,0.221752205159542,0.221940502154084,0,0,0,0,0.238668031796716,0.243648512274176,0.21839822365026,0.246789055449427,0.27164151362335,0.235349374954838,0.298617980602364,0.247346656641092,0.249131072120566,0.220380045564408,0.370136962244881,0.300803763967849,0.213938672663882,0.205426457369121,0.282009382988885,0.20664453125,0.320920764767431,0.269224774485164,0.311983947432886,0.23726174850157,0,0,0.224815217861552,0.275759415295898,0,0,0.229759282586127,0.296097341595043,0,0.247790252810354,0.23392061493439,0,0,0.229118408589375,0.236138226326832
"1-11-2015_02",0.235876083834181,0.290065140642657,0,0.257982385878968,0.272783059709648,0,0.208864795377214,0,0,0,0,0,0,0.316775523269854,0.252364297020956,0,0.257237239443758,0,0.302491604441949,0.23740354371827,0.448933647176305,0.220591731422738,0.218989183635681,0.481178653108099,0.139240506329114,0.187671905268201,0.240783059110299,0.24581585662746,0.242639531550715,0,0.247537908841645,0.212021800754258,0,0.231572963665772,0.0591919824616348,0,0.244750762786835,0.252027356648675,0.295547800125073,0.224225814898647,0.212093364900522,0.257612772388089,0,0,0,0,0.254200013431328,0.254630287384427,0.234888271645324,0.252609014497659,0.268246738641475,0.220416493899125,0.284452038639813,0.240265894235387,0.228227887627265,0.220483018894338,0,0.217072637106184,0.233804114215536,0,0,0,0.326662504155754,0.273007321864397,0.30867544539117,0.142694070442391,0,0,0.22280750731528,0.269582494585809,0,0,0.222720230744713,0.312043463982477,0.245754272641636,0.248506002951226,0.24515481027843,0,0,0.246831188031337,0.271081151112191,0.245834469873604,0.330514737012262,0,0.275756627825135,0.300015535432635,0,0.207892588770797,0,0,0,0,0,0,0.323628457182851,0.257384017108139,0,0.277832183707326,0,0.663818902392166,0.117025668441825,0.414657896204933,0.248282767928942,0.269423659468671,0.487796536392749,0.144411345680611,0.153965698690024,0.258923174805153,0.267452360732717,0.279921116863593,0,0.258276646476206,0.240262262180163,0,0.267123536738262,0.0347870354658069,0,0.236951324641622,0.2560201562196,0.283164473656633,0.227029965740465,0.212582812150506,0.259760132340777,0,0,0,0,0.255019733521108,0.254450582874703,0.212422493625017,0.251889288518341,0.274733303117834,0.270559726519397,0.288204547514552,0.256841984854448,0.237652422370996,0.218769806162284,0,0.308155967989103,0.279715280559578,0,0,0,0.422653612424038,0.294656176314903,0.28221596481792,0.293777691053924,0,0,0.226831069147078,0.244438011439276,0,0,0.221431773845744,0.291611848260733,0.255593933022976,0.254276201492767,0.253176296142625,0,0,0.249442817593971,0.334669872920663
"1-11-23-15_03",0.229774173239396,0.222240028869182,0,0.209786463606268,0.229930611331288,0,0.19847641299259,0,0,0,0,0,0,0.272042829084919,0.223285336540311,0,0.223454815488205,0,0.413052068451929,0.167037354301833,0.452027118264064,0.206546644491237,0.17800205667963,0.252597885960994,0.0710314348848813,0.151811319097707,0.204828423929548,0.210912259122591,0.252192498958869,0,0.2330559368432,0.186391833739524,0,0.105728586395422,0.102152414194299,0,0.204991728538696,0.223273558696737,0.217307418101451,0.213059032682031,0.192310859110388,0.194108026746172,0,0,0,0,0.200692796910235,0.201672732523103,0.10214787086368,0.208955313744249,0.236080049866979,0.166060005174562,0.252668489806852,0.2160079133924,0.187158169148898,0.175438655785964,0,0.166145936325885,0.130991902205951,0,0,0,0.32026523863666,0.282588912076546,0.245428270800868,0.220073563500382,0,0,0.215602803059696,0.241983944498114,0,0,0.201386459264538,0.246441795110648,0.165443831422051,0.199649647070946,0.209578001770943,0,0,0.210021365477604,0.203457726612481,0.22863138655761,0.230604490183537,0,0.218392415958565,0.239148535071872,0,0.192760264055832,0,0,0,0,0,0,0.268395572608023,0.221036054073415,0,0.227764927691903,0,0.693411050239946,0.113965993777393,0.356483079721783,0.209654324005537,0.191085367929575,0.329613776891421,0.194056238423977,0.136881422149521,0.206510667520867,0.211484486338809,0.254003054994724,0,0.237399288095281,0.179881237168501,0,0.113054600627998,0.159799051704674,0,0.212367672662862,0.220562006231201,0.230874956642386,0.202644860877351,0.19048104974203,0.199727142350329,0,0,0,0,0.20372798023205,0.20315164223672,0.150087370666608,0.205459483026196,0.26629227163425,0.160906798370649,0.254466053643004,0.206612304503767,0.180827136847627,0.178849869168657,0,0.182379713914174,0.242425987789425,0,0,0,0.325978125089397,0.280580497947931,0.233411123551551,0.218506581942025,0,0,0.220361012879992,0.23814452149082,0,0,0.198815799288999,0.254559190102141,0.148422098038925,0.193514275643285,0.211629794981919,0,0,0.214059453445433,0.241397134389641
"1-11-23-15_17",0.241059727465116,0.256278231333421,0,0.272759830261673,0.264402859545837,0,0.257056847678366,0,0,0,0,0,0,0.320541455160745,0.251560092986147,0,0.265406654367226,0,0.386460064098442,0.166616947295837,0.417601716667613,0.258174977777491,0.252915959809132,0.290462860587145,0.0980728868536539,0.159242807257177,0.27068125671696,0.244193767351189,0.262786738732604,0,0.252425190633588,0.218039123726785,0,0.102777976716941,0.238019257221458,0,0.200164825163983,0.250495429467525,0.284041849935556,0.244250831136077,0.243013560337699,0.192734439466165,0,0,0,0,0.176316306719188,0.189121563215504,0.124004017697411,0.191716425046062,0.228653646160135,0.187423697323644,0.29624555118897,0.246796776902254,0.209139043952893,0.222184281838433,0.264410659051371,0.312575833273856,0.131393829385383,0.140973409638134,0.145961491380032,0.125331774872445,0.299100981630868,0.248001319155953,0.293441447627511,0.158649751015594,0,0.0633116883116883,0.25742207142955,0.282604359354706,0,0,0.2515120263898,0.289719872864731,0.0567455119808922,0.194976091334808,0.216466590949709,0,0,0.224056959993958,0.247368780712812,0.23817860733955,0.252853710798,0,0.277894427703472,0.265735388228635,0,0.255110614245436,0,0,0,0,0,0,0.338200846988743,0.246643878670811,0,0.274877881498563,0,0.706941028256044,0.113897750721913,0.30731899546391,0.269824095804838,0.258303663484973,0.345834233934658,0.104744649530065,0.141734472242194,0.274140556614746,0.244649475907696,0.283794968615363,0,0.259406517460424,0.205494758104024,0,0.127883097754723,0.117167381974249,0,0.232410595860981,0.244384836865109,0.295948203842941,0.23566796930092,0.229792041864695,0.170216327484675,0.0232909691506635,0,0,0.0232909691506635,0.19147828209673,0.201502933362413,0.136489550342735,0.205521019086466,0.248978548187089,0.176181142721241,0.299681110984591,0.239345039718757,0.206844245864465,0.215731780445749,0.328682130316711,0.37076720334613,0.155369239589653,0.154651147159993,0.22232889920251,0.14186996847164,0.318696341918626,0.29813982065583,0.351192680417952,0.272435297786093,0,0.251623376623377,0.236728866597572,0.260683825010826,0,0,0.245383300543135,0.295608278478375,0.0276421984242148,0.19724468327799,0.222626367481802,0,0,0.227847151779161,0.279543333839672
"1-12-02-15_14",0.208890808559491,0.245383844430225,0,0.256589536954348,0.25682906603322,0,0.237922679351187,0,0,0,0,0,0,0.29596440755239,0.236063504050474,0,0.253187220250039,0,0.517467255117188,0.170763643578509,0.305625386822709,0.239753402048511,0.261021252515884,0.207107470824371,0.010173646578141,0.158228892029009,0.238171308914086,0.204444248645315,0.240264990908382,0,0.247659223696371,0.236652315929318,0,0.118736004738187,0.05388328214129,0,0.231172164504048,0.234775566524666,0.26041758148824,0.238603150407357,0.206915645136263,0.23027893818344,0,0,0,0,0.18927579202951,0.199200838289195,0.149228577172877,0.202299508308567,0.220675854850132,0.196376913296033,0.25945272398555,0.234074841210269,0.189658552831248,0.202681906629263,0.340353578099463,0.149303008070433,0.144798268960774,0.140185288739618,0.0878099264543973,0.211997504592642,0.279661549680031,0.2626127363705,0.279933703523848,0.192798926993512,0,0,0.221662935336027,0.276205063750341,0,0,0.229410361326856,0.287723663160204,0,0.217330620344056,0.223860289860922,0,0,0.23009237914425,0.16289007033301,0.211275874128761,0.244352649194981,0,0.261176955717839,0.269093742314732,0,0.237423877578698,0,0,0,0,0,0,0.318000749038167,0.234830713445272,0,0.261189809373545,0,0.661677667988867,0.112678349615604,0.281253083958678,0.256609881540706,0.277824615996961,0.284168462643678,0.0039281008378291,0.146224279682919,0.234964917704638,0.212410046856682,0.263484732059334,0,0.25246497847309,0.229635344324182,0,0.128580346876775,0.0544668802622755,0,0.225977869917075,0.232889950686425,0.262865757329926,0.23470475520286,0.1990826133561,0.196103350113209,0,0,0,0,0.202069719277727,0.212026188901514,0.190357917048027,0.215393282139113,0.235607734292818,0.161299717646013,0.260607106670374,0.233697070779795,0.175727692545078,0.187627817263641,0.377641479967061,0.319612590799031,0.163041151979749,0.168948872526099,0.15803063005989,0.167656421616993,0.243348185868873,0.275960008242652,0.333492071327563,0.24446306452705,0,0,0.20532205586419,0.27064735480043,0,0,0.223247383473148,0.284176092239991,0,0.24328738304822,0.226305632256246,0,0,0.243914601877242,0.161500200312779
"1-12-07-15_08",0.218346738518158,0.230864747189062,0,0.225960522701823,0.241775941170729,0,0.197385780125703,0,0,0,0,0,0,0.285744856470301,0.227231466295224,0,0.234553807625526,0,0.313088043123162,0.191289302306811,0.426194835812684,0.225382227295526,0.224243063543185,0.318159896645557,0.00229588627500314,0.146336596135474,0.179584059233449,0.213538333707462,0.24449123347584,0,0.235950077839836,0.208966504450193,0,0.147819348091988,0.0681860121793689,0,0.224042751335559,0.226668747089044,0.244102487182284,0.234573661495393,0.168590783322202,0.186067812352464,0,0,0,0,0.18363837179272,0.201323257510208,0.121556238089071,0.210267710261993,0.228617469514002,0.171106568229724,0.213355449825159,0.217121750422753,0.173332444879022,0.17461400506622,0.312871313896405,0.173228346456693,0.118321250273552,0.160540058535993,0.121306279741704,0.104636135065912,0.259000057270489,0.277641441489504,0.319068979579033,0.202149296496027,0,0,0.193261781165109,0.238787615952139,0,0,0.19447796247822,0.275736563966277,0.186001533895762,0.241597326184591,0.219623317134372,0,0,0.236054926190609,0.152022910908339,0.213026564171902,0.249417175891011,0,0.23186532081385,0.238901564036382,0,0.196474829728834,0.0734496710797941,0,0,0,0,0,0.279050499990366,0.219302557277068,0,0.237204922622064,0,0.562545788939349,0.10757282783769,0.318524808857494,0.224746221710133,0.232289697720268,0.346862276889248,0.0531070653815526,0.138002791577273,0.182197155468367,0.212949501164682,0.251308600128874,0,0.23698906458523,0.206498775915495,0,0.166762392857188,0.0980481506797296,0,0.246235199219256,0.21795433182933,0.238948777191102,0.240783303737474,0.175404092987364,0.171261625973371,0,0,0,0,0.194632098819096,0.209492282224522,0.171282696880683,0.217401433339693,0.239289348015983,0.195933427904777,0.212535859644407,0.209694375176772,0.161145628019745,0.174328109847879,0.31269652714695,0.133394357992843,0.144103857587964,0.186245405557784,0.184460165407864,0.0983185567343025,0.284928257088319,0.305891898107727,0.32905772076961,0.243469047599105,0,0,0.184566443643025,0.232904056419562,0,0,0.192577254851086,0.269142863225508,0.18508458792488,0.239190885544945,0.228008819467327,0,0,0.239147443475247,0.188466747451707
"1-12-09-15_12",0.22245870256818,0.217715558317073,0,0.288311591043443,0.296883867705157,0,0.241180430261655,0,0,0,0,0,0,0.344182138501152,0.25558058111753,0,0.291066517073367,0,0.284657229108426,0.208481600786746,0.419714441082558,0.267946149005255,0.254656274975142,0.334362122698195,0.233610374722362,0.164696302007749,0.228319886819868,0.250690628577637,0.275347745935981,0,0.24483286484139,0.192352040754832,0,0.11414653192864,0.228541170240932,0,0.221092511864154,0.252951448371525,0.330182612545362,0.220567915007802,0.216132929523922,0.200621356584995,0,0,0,0,0.203495570209479,0.2166849697409,0.127646507846741,0.226845717470107,0.226381821519764,0.188844383464637,0.302273391385658,0.257439780079435,0.219960886934009,0.218634339360415,0.279708257602728,0.250560370591751,0.134648081650849,0.144735317166856,0.106045930082236,0.186543995544233,0.368220185386567,0.303877276998665,0.279276376892356,0.224073568241828,0,0.196969696969697,0.240916586846493,0.292153612821988,0,0,0.241974889306233,0.285521858276699,0,0.153510329012387,0.22141783164856,0,0,0.234286242587647,0.189518115653423,0.221721201462354,0.229912806671623,0,0.284411759006259,0.302166700132909,0,0.24208936520115,0,0,0,0,0,0,0.352322628118398,0.253738510573147,0,0.291999944496273,0,0.565920593711484,0.128916483138069,0.276618612746424,0.268358296638228,0.256851638609381,0.337280137815672,0.225368514602678,0.148970854491179,0.255766181705773,0.256575940994909,0.273709960167367,0,0.248666327764243,0.183096158814855,0,0.120022690517128,0.242643684022643,0,0.232130823084794,0.251158293558583,0.303032735445643,0.226043380676399,0.216413462265849,0.193311674191939,0,0,0,0,0.218673685384918,0.224984226575711,0.201226553478356,0.232221613720984,0.246232101765478,0.19623630899925,0.30191500036561,0.254655509841873,0.232223950107427,0.223613889179859,0.312813307368989,0.333572209859314,0.18703306649361,0.182907270482017,0.250315995721175,0.196864903248713,0.367560343651984,0.338608673568273,0.299859956817384,0.24286350830794,0,0,0.243183719737659,0.288154428656629,0,0,0.243731981309765,0.295398147062273,0,0.151083716465417,0.223151866062343,0,0,0.233674167394663,0.210432770516872
"1-12-14-15_04",0.211011618482271,0.245503880779155,0,0.210316771457403,0.225543777199861,0,0.222195307397224,0,0,0,0,0,0,0.312087627946788,0.229750977102429,0,0.227630022161147,0,0.304270476219563,0.185669940370885,0.444775522003069,0.23058061866628,0.232535634530315,0.321483582850367,0.175387090287553,0.158774933480973,0.235955518380891,0.232376185006771,0.247587199054887,0,0.23272119912222,0.175062178892647,0,0.137008208458155,0.0762067359925501,0,0.220995477902336,0.2298917796195,0.231967577612356,0.245473993367747,0.185299627564691,0.210832521832737,0,0,0,0,0.201068201799576,0.215203902390796,0.159592801350903,0.226337515973413,0.203432098132662,0.190037190015536,0.272692270433027,0.218618593658921,0.198055392103883,0.212998107573367,0.346285613421376,0.147004537414443,0.135332971773212,0.159358036291848,0.118647522349496,0.175552039623031,0.241620549232536,0.315951855638666,0.343609015772188,0.218521053340804,0,0,0.199656499393063,0.242579267830211,0,0,0.221129959465774,0.282429058470688,0.209702135810746,0.206035317607393,0.22475213540522,0,0,0.227860693301618,0.179040309134347,0.212536127865804,0.26001162604678,0,0.214968090335563,0.226671048254912,0,0.224556917749224,0,0,0,0,0,0,0.313481992366856,0.226259414877828,0,0.229887029291092,0,0.49928634441639,0.127917598548207,0.285748516385652,0.236363473408101,0.237106441634328,0.397958028748395,0.256575144508671,0.140699689729289,0.261396056552336,0.237220596598456,0.252641906767493,0,0.23407396193774,0.169914149833471,0,0.149458586923966,0.112768184196756,0,0.243152627955015,0.226023982260765,0.236188623406669,0.242518982967357,0.186498621384967,0.197959696467159,0,0,0,0,0.210121236081416,0.221357205377635,0.212646225811418,0.225656386896867,0.253313785931693,0.208788796844706,0.275190767105984,0.216212419739102,0.194097821437527,0.207018704399144,0.324459685060687,0.23966625107893,0.163043729896306,0.176289956910045,0.232143908575975,0.197945120209735,0.249428789032749,0.325825895444535,0.3371196383175,0.225268848753765,0,0,0.179163324057986,0.238228710016821,0,0,0.219465093750673,0.274374201931265,0.206437611128543,0.204535471117944,0.231658451565696,0,0,0.233326833073323,0.231592220420194
"1-12-14-15_19",0.218492191855285,0.25837705011715,0,0.246254031596786,0.24058827525304,0,0.226724453708883,0,0,0,0,0,0,0.283779169038133,0.230227818774747,0,0.242035244145597,0,0.269514216334974,0.219264105091851,0.405306050274702,0.222087256545512,0.213545050733092,0.251675754220386,0.161762758547631,0.168307894107097,0.193015329445782,0.246208159469016,0.278432860358651,0,0.228780909514223,0.198654590422974,0,0.105236725798169,0.221746195893042,0,0.205951714356948,0.229420798425923,0.230456601639808,0.235634450776705,0.214437384596463,0.187196092976941,0,0,0,0,0.163539479976467,0.177988490918995,0.0793152904031284,0.179331732173941,0.213917355197645,0.17226240701518,0.268281032914283,0.248083596206241,0.200030352276965,0.199982167002103,0.253759631039039,0.179456906729634,0.0934624339157989,0.0806346639421414,0.043129671571679,0.188830863105258,0.352819237147595,0.226496099028026,0.266511200824064,0.172888219477498,0,0,0.224204128031615,0.251080833670143,0,0,0.223792485020325,0.263834501445184,0,0.15480911187301,0.214779185075325,0,0,0.216436650695379,0.236549385909308,0.221969111177289,0.248617267869773,0,0.250057837937481,0.241252272398205,0,0.227602350289263,0,0,0,0,0,0,0.301356237811989,0.233778452598358,0,0.247810167819506,0,0.563941728368046,0.146767491745599,0.21544114672207,0.226320691584908,0.227443950991949,0.356290588366802,0.153787254093533,0.151861703514124,0.218705469519965,0.247135654467833,0.286165056753662,0,0.237665528462435,0.194644466791369,0,0.122447559921109,0.383284435417137,0,0.230483778858252,0.232748606590481,0.258754008091729,0.221915503673333,0.210585230224215,0.177758734513287,0,0,0,0,0.204948893114679,0.209792301837651,0.181609376799417,0.209073602323607,0.243246358720919,0.20484518486852,0.276349804561107,0.240940130897518,0.185285740203775,0.19335620747643,0.319638633885967,0.313723073130143,0.180834005623102,0.170901697342024,0.225810651495407,0.148435816278667,0.346113667654165,0.271565053164627,0.29369135664608,0.227169137195301,0,0,0.208374555635903,0.25504238011726,0,0,0.221891096337771,0.264087296493809,0,0.167083716281036,0.221981590027981,0,0,0.219774077362634,0.222644283425543
"1-12-18-15_08",0.224826747455454,0.271610612960711,0,0.245736348110868,0.242892280386528,0,0.20991828958615,0,0,0,0,0,0,0.30776193033757,0.218576649171418,0,0.247806835880563,0,0.355114878372815,0.146517883805836,0.470670744158458,0.234888361154397,0.184955577539406,0.351795518351011,0.221747434527856,0.155626676550078,0.203682078942735,0.265416243362917,0.279347467634012,0,0.232803219638586,0.191615072553217,0,0.137028227689127,0.307582073996873,0,0.267082899137208,0.216518884313085,0.271013532427864,0.243492988414698,0.244236314257774,0.229109753423683,0,0,0,0,0.224632124645609,0.227436791890658,0.231728610626091,0.22581879572663,0.277125193627675,0.223241802602679,0.275208114173266,0.248254022879206,0.215829870070952,0.200412257883671,0,0.143178855043262,0.152213774996874,0,0.161535666822828,0,0.295550153829594,0.314332279614678,0.352453412724666,0.152359326539654,0,0,0.225557894535856,0.260055849325649,0,0,0.220026080085105,0.284692688791964,0.275252015346143,0.244816411721089,0.239367369758749,0,0,0.220988183140918,0.269797499053534,0.222022293571395,0.279240424539787,0,0.251577025232404,0.254608734053767,0,0.209783131412411,0,0,0,0,0,0,0.303554957724827,0.224212663240419,0,0.250329624173657,0,0.547568746591883,0.107241637029674,0.385460995771323,0.235716818702967,0.203398723653602,0.383749289495007,0.201888574126534,0.142912920882136,0.202236786832227,0.259096408108623,0.297991925758926,0,0.23553470677788,0.159404467825387,0,0.158095250787051,0.170123486392519,0,0.263162139740675,0.222282924209609,0.26585695449387,0.237273271773421,0.240573677080223,0.229734424821019,0,0,0,0,0.22510977935996,0.22745767296484,0.227054703326558,0.224336311899192,0.266302479317263,0.271159498796721,0.283312843252943,0.243816290889273,0.214810520526324,0.201317276701404,0,0.179594158922814,0.165797734861174,0,0.209507891507638,0,0.300234308435104,0.312356943406615,0.312776739913507,0.254738403463232,0,0,0.204367597536048,0.257021593289886,0,0,0.220119114784268,0.289752288133686,0.216706039348638,0.218876813745868,0.247705028296056,0,0,0.225805558302838,0.317131707761482
"1-5-12-15_02",0.232895780998635,0.270996781358984,0,0.256009932007895,0.2613486266272,0,0.220755202958167,0,0,0,0,0,0,0.295557168198678,0.256694395307903,0,0.248581592325432,0,0.402757423675528,0.197528355111187,0.502902274241127,0.223407474580215,0.243585051933532,0.291533994558919,0.171949520955556,0.17115975466148,0.21728545697519,0.246500278177772,0.277286294045651,0,0.256695576645006,0.225064672894205,0,0.10457610034393,0.090887699276428,0,0.226840224048687,0.257292396571675,0.262614015165391,0.242614462368215,0.217310515069991,0.223437544523609,0,0,0,0,0.187650926976519,0.195469212868323,0.138905421730993,0.197053639212658,0.230909819589277,0.192756259251842,0.28788347287247,0.226731892984131,0.206150853938999,0.2102653740831,0.28273950729927,0.187176594171887,0.153906424125429,0.151550341609592,0.13227712999284,0.185838539752542,0.286000926068838,0.321678060148926,0.324376803824888,0.201633644418531,0,0.0657894736842105,0.24547483461426,0.277006629950141,0,0,0.228567320779645,0.30810141528692,0,0.178925075839963,0.233363743011366,0,0,0.23650307338479,0.223471498062975,0.237119007197535,0.271522121264638,0,0.276041987718195,0.277497444269677,0,0.216056778270866,0,0,0,0,0,0,0.319957214326485,0.259839610529405,0,0.265453069606078,0,0.758993355303753,0.161063644406398,0.373103800307706,0.23921112899383,0.248587205014851,0.29173700994185,0.206227996231467,0.15445437327485,0.202355368960364,0.246602660082132,0.270961327656971,0,0.262918676579377,0.193941262460701,0,0.111654936461081,0.096440722323999,0,0.213791150521096,0.259430042670345,0.259304170841928,0.228714225792266,0.224186417543208,0.216499609721365,0,0,0,0,0.202530018172097,0.208823233105686,0.161396006407956,0.211425926390059,0.246444658595367,0.164960215504069,0.288630850727035,0.236619058975702,0.200466066855565,0.211078262463477,0.295411531743676,0.284617102031703,0.178048925071135,0.171925934934873,0.180090327208184,0.192332848929689,0.314710037090475,0.340418116939479,0.291972989059325,0.260215874517561,0,0.157894736842105,0.222681083032614,0.264623438439601,0,0,0.224990890588,0.319888411019412,0,0.188035025012037,0.23378631736182,0,0,0.239807360959746,0.25158374989255
"1-5-12-15_05",0.224676000412203,0.280168052842807,0,0.244831232621829,0.244401977690024,0,0.24035804269963,0,0,0,0,0,0,0.347912637925151,0.254559607619359,0,0.261581018960152,0,0.300684581685061,0.171302369429394,0.499108969969284,0.260285404039317,0.262512891027845,0.29941384542306,0.10770874959342,0.167997790765005,0.251220256253813,0.255578738612184,0.263630411917488,0,0.242115390700247,0.207821614267877,0,0.107128652861955,0.00135713540035494,0,0.220783913948368,0.254054540501014,0.246265914532952,0.236009235273349,0.215214493986097,0.238979092960958,0,0,0,0,0.20966641480477,0.217854892956497,0.137233001218199,0.228801168569178,0.238965282847491,0.213426034120122,0.298145816245191,0.252948448944848,0.206527831175735,0.209885993576373,0.276429451281183,0.214933541829554,0.168162741027288,0.173579405372829,0.143819260640721,0.199403475558572,0.343540682624823,0.28802875153313,0.225981202091064,0.201161040278783,0,0,0.225581057720876,0.260730289115885,0,0,0.235104968291412,0.27939388724753,0,0.187367515957796,0.23304651618388,0,0,0.231432619812591,0.210085459666885,0.223269473740462,0.284407942516741,0,0.262003632987074,0.267593619575782,0,0.238510972192198,0,0,0,0,0,0,0.355392156862745,0.253708127980012,0,0.268170945222177,0,0.633314399218174,0.11118625188957,0.345997479638956,0.268276789323039,0.255142630716349,0.393730333176634,0.0910965659463821,0.146585727162794,0.249797380881287,0.255241295143319,0.284478979439744,0,0.244022239363429,0.196224436863066,0,0.11476852351818,0.0653584427915809,0,0.239693894693556,0.252621721690877,0.240784873569041,0.232135621410736,0.203631041179948,0.229100249301201,0,0,0,0,0.210727945453594,0.219003771071444,0.145741613102052,0.225563643034349,0.252995298707705,0.177315053586711,0.300862566045729,0.246290473426516,0.188673787937724,0.205123942681035,0.266095915674205,0.259426469358749,0.173907990235776,0.170861424588008,0.18448650193211,0.223244037068922,0.349154033481659,0.312101797968394,0.245075272931639,0.248597965429172,0,0,0.210975672562617,0.246230039821488,0,0,0.229787684837958,0.286568909725845,0,0.22434405892864,0.239028200619651,0,0,0.237826676066338,0.23538527705118
"1-5-12-15_27",0.233611760432031,0.27286262787787,0,0.195772373301217,0.195392780321141,0,0.230369385905474,0,0,0,0,0,0,0.306625908871169,0.255598705890121,0,0.22942426099097,0,0.189159846058545,0.241283282269024,0.257817358171999,0.231480452941556,0.22921558300462,0.256623250511917,0.210962451445835,0.181092992113381,0.197712636613847,0.245529988532797,0.257019540884083,0,0.247585320548552,0.223712578865896,0,0.11710835536341,0.224396561027375,0,0.183411553972241,0.256870129248531,0.278439966902968,0.248854253717163,0.261411717970511,0.201367436978314,0,0,0,0,0.197710970647135,0.219597745662576,0.102956982858109,0.227839513168341,0.254908069567947,0.19527524422427,0.280722934733674,0.230708169357983,0.20191534772847,0.206221459926731,0.319010546309558,0,0.102849797029173,0.121093435286707,0.0499823332735653,0.188427793897979,0.244430369289235,0.304076427420798,0.285869300312184,0.158745932384936,0,0.653658536585366,0.235849015138396,0.253858120667334,0,0,0.231298760561857,0.298614492780637,0,0.157528535694776,0.214811066859365,0,0,0.214418339181667,0.279865717234966,0.240494174749962,0.271342707490183,0,0.22847385591744,0.247425263631769,0,0.229883658853135,0,0,0,0,0,0,0.322623127118953,0.254564639859416,0,0.250046307586315,0,0.448494797980174,0.126243552260974,0.273355019117731,0.250536871584158,0.24881394275559,0.328177699042687,0.280555847983998,0.156738143881126,0.212085519017161,0.223922182432045,0.245157809549501,0,0.256903384065205,0.20983343752368,0,0.10955949800988,0.180982409558579,0,0.195266538938352,0.254805608972465,0.280411226721453,0.224942560639003,0.236610860882128,0.199541391371939,0,0,0,0,0.215420521179088,0.23073633335667,0.16507187508854,0.233935305917598,0.289641865506888,0.185376322595535,0.288065182619464,0.216604708823497,0.186388563682297,0.197159189809231,0.332918193271835,0,0.158809515236383,0.184578352576394,0.173302481524331,0.16829995416441,0.218054707873273,0.303558663333103,0.329185610421019,0.238140546972256,0,0.429268292682927,0.231397916679755,0.238303033230367,0,0,0.226627890646397,0.301007674841906,0,0.20829398547657,0.219865552660515,0,0,0.213620295725694,0.294381311272706
"1-5-12-15_36",0.210484925281358,0.278014765601563,0,0.211913895545711,0.217954477544888,0,0.207657251414518,0,0,0,0,0,0,0.255063050411071,0.242070596577947,0,0.216704976229036,0,0.246039794920004,0.212464508627563,0.407682695121781,0.207068071932937,0.244239965899872,0.279291482733675,0.133259911894273,0.17707379122215,0.206811312355022,0.232265693725394,0.281771865270309,0,0.233048405287836,0.193405583304499,0,0.137069159309335,0.120317002881844,0,0.232843603783858,0.244072162549905,0.230056422577198,0.231284411169295,0.2110001187211,0.235670645815265,0.00592216582064298,0,0,0.00592216582064298,0.194595662133365,0.212100100082431,0.106376984558323,0.227094165089155,0.207465782682459,0.233844432503257,0.270464678272706,0.192505685863827,0.180179425945809,0.194897972740492,0.28174314101597,0.216547753160596,0.125377984384168,0.12685585739617,0.104730538132392,0.208658174504358,0.310307131702238,0.243129083925104,0.258602689671278,0.14868042794494,0,0,0.197078120571446,0.242527007429746,0,0,0.210781515785977,0.290409543189502,0,0.231394653685199,0.229966223502229,0,0,0.210191301684644,0.258706146948014,0.227616097375207,0.29483067581295,0,0.24378178467949,0.242232241861432,0,0.203298720260361,0,0,0,0,0,0,0.266471521882092,0.237023455125734,0,0.229490318850048,0,0.521651019882666,0.101368823455724,0.401905466654334,0.201253695512037,0.242163015306137,0.36149984788561,0.145498905508938,0.142732383040568,0.189709487299849,0.252124161986727,0.301562507220992,0,0.243419433972103,0.195460964914986,0,0.148611445371565,0.156900138696255,0,0.266036288050974,0.237663004996751,0.223764632149875,0.217435021228125,0.221496551773818,0.219028212043822,0.00253807106598985,0,0,0.00253807106598985,0.200907089023904,0.216451570750394,0.127559130882769,0.221540819494777,0.261047224961181,0.228274127969185,0.26976848408681,0.195773003888801,0.173009357167455,0.191451680977312,0.330321584059303,0.302450787953564,0.138772875510017,0.142054116414449,0.149194825738942,0.228690166680751,0.297389903329753,0.306741440889368,0.312382620086753,0.261648123509638,0,0.00925925925925926,0.201272032399749,0.22889870474485,0,0,0.207441762533387,0.289894445747979,0,0.219355233590109,0.245337917013681,0,0,0.238416655901477,0.266830007259844
"1-5-12-15_41",0.239247584830605,0.267542231190545,0,0.277451544602148,0.253333181263472,0,0.222971642777727,0,0,0,0,0,0,0.284695833473451,0.24647997055203,0,0.258870303405989,0,0.372952969744948,0.170825194079673,0.563409389808571,0.232249627269182,0.258029860390604,0.314501446054389,0.278668098818475,0.158590159273825,0.23259130650462,0.266537007655244,0.275999172720021,0,0.253261909772313,0.226727766579955,0,0.0894083804700251,0.0902378999179655,0,0.244737695310064,0.245620795603452,0.259775064267352,0.233050901761048,0.21116700463744,0.212624266317158,0,0,0,0,0.196730004986707,0.215193411149622,0.16248970292474,0.222149071761826,0.229733222073171,0.162014519832836,0.276869869946103,0.238862746084518,0.200014274570104,0.204941470428176,0.277212246732186,0.324500069920291,0.123592814516675,0.139631787390859,0.0735859435113954,0.168706085233631,0.397575488454707,0.296426543464795,0.229681550246573,0.179624306437596,0,0,0.214942617093799,0.227351207939593,0,0,0.221245026060011,0.291523211679671,0.10928167038903,0.222372995166717,0.234624162680377,0,0,0.243058103013487,0.220271501847572,0.238148951426345,0.266580000712323,0,0.274191306501889,0.263243977429555,0,0.217943075073621,0,0,0,0,0,0,0.302221305205524,0.238925037668392,0,0.264659597975147,0,0.686304984996741,0.107550272706422,0.37032618059786,0.250564493590453,0.258389084504938,0.337738436603915,0.205692378213943,0.147310056530947,0.24123258911828,0.27402384038613,0.294822476659045,0,0.255304882589367,0.226716759113222,0,0.0883671771030482,0.136235595390525,0,0.258954412036372,0.237220018795828,0.270418770959485,0.230293975344705,0.211433276706921,0.204496218285052,0,0,0,0,0.213789497264722,0.223585299367689,0.182786353184514,0.226253884438865,0.261495499015931,0.185419401708668,0.279124641384257,0.238242740693025,0.218842900036308,0.201885781125214,0.307335435343158,0.336182918848168,0.176046151431827,0.187820893703247,0.197474214184114,0.202642914719861,0.374438109635967,0.321730788914306,0.248668371010627,0.24237053457605,0,0,0.209648838396322,0.218530381200014,0,0,0.219108133063458,0.288526887574208,0.140387781232852,0.222151145492413,0.239549499409323,0,0,0.241182148998825,0.220242165249584
"1-5-22-15_10",0.231945233859276,0.260352646008071,0,0.213025478156318,0.235763781356457,0,0.200505373800521,0,0,0,0,0,0,0.280876168111869,0.244811613018897,0,0.231131080146979,0,0.348538559594968,0.201856793920753,0.421938116987412,0.2101675946334,0.227188859803858,0.363192931251624,0.0918374316939891,0.168983905982537,0.20314560640844,0.255233846774951,0.263525517913182,0,0.239467242195826,0.204348167128589,0,0.113833320671483,0.0117153912295787,0,0.241311163936891,0.245727770319267,0.216304932451672,0.215633727357489,0.22458743028003,0.219062445367588,0,0,0,0,0.20233131811842,0.212205220413374,0.169357585330339,0.219707409378407,0.189507603510923,0.237288670946549,0.273939326037248,0.189034199004225,0.205269494845829,0.189992764236036,0.169815307526121,0.324757604396374,0.150627109049338,0.157225881526129,0.142244993815275,0.179822251165998,0.283878258672245,0.267028064532863,0.254198330049723,0.238578746070725,0,0,0.216893366278104,0.244465795162527,0,0,0.208828108516963,0.290792293086571,0,0.223099984493186,0.237826365654698,0,0,0.227418437702233,0.220400791333531,0.234978330013071,0.272948283732227,0,0.225804319083297,0.247173866830432,0,0.196798713308174,0,0,0,0,0,0,0.276689177624662,0.241583577352283,0,0.235553410619729,0,0.662107486199333,0.128539699834888,0.379754725127791,0.213616909346345,0.234164920391454,0.41737493476478,0.188269388592532,0.147974724485496,0.21106670133451,0.264899382396237,0.271893498772134,0,0.250492533087999,0.203465934614425,0,0.128903516026017,0.045319546804532,0,0.255481284267908,0.241980304523829,0.20884747658111,0.214003686069382,0.23424037903782,0.218166042119957,0,0,0,0,0.224723121008173,0.229957556558223,0.193301094377253,0.236272376008053,0.244637285593541,0.242317650036013,0.27868874619804,0.183329479873989,0.22127653047683,0.193485176161291,0.292989003081351,0.322762434806959,0.196554617836015,0.193519254831086,0.244301280646272,0.193071846907084,0.309839095383515,0.298404774823657,0.287901705764251,0.233848296297205,0,0,0.221954579113711,0.24013822523883,0,0,0.210070634977857,0.29057115053084,0,0.256008341740067,0.239828797009071,0,0,0.226967319167562,0.261786238025542
"1-6-4-15_04",0.209991860195586,0.242767101507126,0,0.251996980160386,0.256760409853935,0,0.233540703316217,0.0881843355986796,0,0,0,0,0,0.33994752653043,0.244756915260574,0,0.262993618656164,0,0.344384674001765,0.278132689734215,0.342969227092903,0.251060715614107,0.259586635507809,0.171448439699086,0.0649250440917108,0.15468470476568,0.232050978268228,0.225847089304986,0.252212608976162,0,0.255619314104165,0.259081815231727,0,0.0763241587747564,0.00130616509926855,0,0.173891067582395,0.243497875989951,0.282461233872361,0.210448947755261,0.218181997840503,0.166267729298933,0,0,0,0,0.161968295847281,0.176527401353878,0.0767530013786124,0.175444283749246,0.208634301713824,0.124573758430111,0.299718808929138,0.258619576972794,0.224774069478102,0.205074074074074,0.268901559243589,0.136690647482014,0.109503370430691,0.0980278065181084,0.111368272665045,0.0925862005026401,0.304546246532013,0.292064053120917,0.31689483402064,0.195229456404368,0,0.39662447257384,0.242208179027132,0.262389500016513,0,0,0.234021446656183,0.304670702283228,0,0.141262124258128,0.193548346906606,0,0,0.200397228441831,0.200820675839166,0.221026546965355,0.257601996314674,0,0.251910312567633,0.268830697825511,0,0.230887052834293,0.0160666889487447,0,0,0,0,0,0.344478114478114,0.242861150654237,0,0.269811546402135,0,0.63372205865421,0.173904292876978,0.404436684810517,0.256956653500443,0.252411374148224,0.20593839864186,0.14527027027027,0.138566738658282,0.241427054968385,0.233521048643668,0.269396683680569,0,0.256178479158015,0.233525605500155,0,0.0834385643290969,0.0252487328702835,0,0.170803994588115,0.241002279936155,0.284854013988725,0.208492904261477,0.211639041408725,0.190570120249525,0,0,0,0,0.171837131198848,0.183598684973572,0.0902205789131298,0.180336216052192,0.228195098099138,0.11785252038943,0.306243022978196,0.248789597077586,0.215789292695409,0.204495213947468,0.304934439078485,0.193721376286844,0.131697843124948,0.142094159031755,0.146970572391136,0.116976472560794,0.311310946462715,0.29812684295531,0.310249449367413,0.246010861392967,0,0.126582278481013,0.230429719095315,0.264625973226128,0,0,0.231633636650809,0.300805339115302,0,0.168805326666497,0.201524752268382,0,0,0.207258528323997,0.236100114847928
"1-9-02-15_04",0.239611002783459,0.258805172852816,0,0.253018528741489,0.248719924470942,0,0.220484091031074,0.154899920260572,0,0,0,0,0,0.255181100742912,0.231669626513517,0,0.248816798313544,0,0.383772013366877,0.213010912849196,0.470690174954529,0.231987844905089,0.227408021402234,0.374350739852304,0.0567772734387228,0.177583849309386,0.211704752235351,0.252280266115189,0.289706348171198,0,0.256985544312786,0.213218182993951,0,0.110549934252283,0.0414881184261784,0,0.237493664036918,0.23044359523727,0.268666138116835,0.232529589837717,0.231917945539615,0.225266288826896,0.0435809607871654,0,0,0.0572505254003913,0.188302348181314,0.210087529973191,0.133162384006642,0.223257496178531,0.210150409179774,0.141341497045509,0.273218758382698,0.228479074479813,0.190284195541898,0.205844687437637,0.384510270544133,0.1875,0.140181173310908,0.151849477337298,0.108021448024232,0.174020896292636,0.305963029600651,0.299355185502579,0.327555304987336,0.183937524942172,0,0.131524008350731,0.222669104204753,0.267875985032144,0,0,0.223581238469012,0.317437609041178,0.122339127369363,0.181920895823138,0.231052559745088,0,0,0.221755994823457,0.206131143088507,0.244893449474674,0.258208303466232,0,0.258126733209398,0.275444865115433,0,0.215872758479758,0.0908001650479274,0,0,0,0,0,0.263762183150248,0.225943717866793,0,0.25718884413377,0,0.639852872740883,0.117949588630206,0.41603853511604,0.226917689109882,0.216243281336554,0.41271439695696,0.0442299221847012,0.152449155675878,0.2142850431727,0.271176594418221,0.308956080538145,0,0.254852022004384,0.210961293999036,0,0.11568245314622,0.121005143772662,0,0.274897471794449,0.223635400833498,0.276399410733512,0.228159441790573,0.244064798667372,0.21599517736398,0.0332962364498283,0,0,0.0472520463484639,0.208391853357142,0.224098646240271,0.180123436027624,0.229153108845966,0.248733751479913,0.123563696919234,0.268780899344517,0.2134479022448,0.167465003895461,0.201288939128328,0.407535905988173,0.230258626088046,0.177417040952581,0.187137352923629,0.184062386097224,0.189153104130166,0.346920530183303,0.319519407101326,0.366387097843563,0.25597113005426,0,0.0444444444444444,0.224456134136827,0.26007236152729,0,0,0.219291905453025,0.303914443630653,0.111143597026147,0.200007928327916,0.237709345209308,0,0,0.230672483417149,0.238843958511692
"1-9-23-15_06",0.23599056851785,0.237174897238957,0,0.247124617187078,0.266444284123445,0,0.190630123804135,0,0,0,0,0,0,0.274820821940509,0.226101067682092,0,0.241675508330771,0,0.364249330246586,0.197167734486889,0.453569445430216,0.225943449654088,0.23027442307925,0.207908287185466,0.0478052049592315,0.150381179264341,0.171284786489535,0.239531825557341,0.244916789832745,0,0.259485587927616,0.237264972336721,0,0.112605614403967,0.0225901501332959,0,0.216296099937042,0.225033436323363,0.249438636106086,0.209392336881015,0.1818439356213,0.170810669508652,0,0,0,0,0.188847203355271,0.190632651377717,0.131285666489169,0.191007746042266,0.220157468261625,0.191110242689762,0.239068003283837,0.225537828635231,0.190727656016908,0.188310576501634,0.451103829873085,0.191658663739882,0.173931193249746,0.144039458842532,0.177664088169094,0.194575870891557,0.317839370956101,0.292086827035508,0.33742656173972,0.137299168047493,0,0,0.205453224138413,0.247575023222317,0,0,0.198232545202509,0.303787504660328,0,0.20739102782174,0.202049459764194,0,0,0.20627612005632,0.177292525516902,0.235110273544015,0.234354724113311,0,0.24749369901288,0.26646381840492,0,0.186880657684439,0,0,0,0,0,0,0.2813862883061,0.222088192365524,0,0.24511225573633,0,0.698460004096806,0.103572126187356,0.361156813534114,0.229279402488515,0.247058652498394,0.196841659676876,0.0222122754993566,0.133675184843425,0.170601554057531,0.232919300772506,0.260523883734416,0,0.262833418457565,0.245067194661844,0,0.115364141385119,0,0,0.219907716771582,0.220525412799186,0.23989042470881,0.200501023238748,0.173555195036218,0.1615297132446,0,0,0,0,0.191922296203344,0.193485136934622,0.151665868784283,0.194529464669024,0.223669066218084,0.153836041052549,0.245366533575489,0.220650924509863,0.179375835231127,0.185126347527156,0.401431879064695,0.23070743348613,0.180962382177436,0.145050574777777,0.221158525868945,0.195493906466622,0.323817896389325,0.329747444725587,0.35080379218091,0.248331463175347,0,0,0.184053872859629,0.248072266022417,0,0,0.194053806168664,0.3008802863139,0,0.208634375626527,0.206131828558036,0,0,0.207792837438089,0.233991024823999
